T_explore_epochs,T_explore_markov,d_ln_eps_dt,d_rank_dt_rel,epoch,epochs_at_high_rank,epsilon,hidden_eff_rank,hidden_entropy,hidden_k,peak_eff_rank,phase,tau_opt,test_acc,train_acc,train_loss,weight_decay
355.16435320090216,1.9372601083685572,0.0,0.0,1,1,0.05161929447058812,78.16313171386719,4.358798027038574,78,78.16313171386719,heat,0.005454545454545455,0.0,0,0,0.1
378.91739910948604,2.0668221769608333,0.0,0.0,10,2,0.048383456068313235,75.63082122802734,4.325863838195801,78,78.16313171386719,heat,0.005454545454545455,0.008501594048884165,0.014528703047484054,4.5395168568714555,0.1
469.69332257288414,2.5619635776702774,0.0,0.0,20,2,0.03903256114629664,62.63082504272461,4.1372575759887695,76,78.16313171386719,heat,0.005454545454545455,0.0012145134355548808,0.04394046775336641,4.41962841467854,0.1
675.8330500813397,3.686362091352762,0.0,0.0,30,2,0.02712701506848005,47.736427307128906,3.865694761276245,74,78.16313171386719,heat,0.005454545454545455,0.0006072567177774404,0.08965272856130405,4.071355969072824,0.1
761.1802750478278,4.151892409351788,0.0,0.0,40,2,0.02408540254433338,42.62641143798828,3.752474308013916,70,78.16313171386719,heat,0.005454545454545455,0.0003036283588887202,0.13571934798015592,3.661871625040542,0.1
822.0545169040348,4.483933728567463,0.0,0.0,50,2,0.02230184611402547,41.794986724853516,3.732776403427124,68,78.16313171386719,heat,0.005454545454545455,0.0001518141794443601,0.18674698795180722,3.3207464454699545,0.1
798.1857710148889,4.353740569172122,0.0,0.0,60,2,0.02296875489276462,41.8355598449707,3.7337467670440674,65,78.16313171386719,heat,0.005454545454545455,0.0003036283588887202,0.2547838412473423,3.0109248666540265,0.1
788.2527042997998,4.299560205271636,0.0,0.0,70,2,0.02325819275129379,42.02737808227539,3.738321304321289,63,78.16313171386719,heat,0.005454545454545455,0.0004554425383330803,0.32955350815024803,2.7173176071983463,0.1
756.1029076131603,4.124197677889965,0.0,0.0,80,2,0.02424714036771446,42.1750373840332,3.741828441619873,61,78.16313171386719,heat,0.005454545454545455,0.0001518141794443601,0.40042523033309707,2.429303594213441,0.1
707.4767959899366,3.858964341763291,-2.1208514429090144,-1.7866305886193186,90,2,0.025913688529784817,42.31572341918945,3.7451586723327637,59,78.16313171386719,heat,0.005454545454545455,0.0003036283588887202,0.4890148830616584,2.149909222066867,0.1
649.7497122355281,3.5440893394665176,-1.140225568766786,-1.23552184302021,100,2,0.02821599300176015,42.36875915527344,3.7464113235473633,57,78.16313171386719,heat,0.005454545454545455,0.0003036283588887202,0.5829199149539334,1.8863662240523806,0.1
631.1260429688574,3.4425056889210404,-0.25614528830188177,-0.5771682801859136,110,2,0.02904860849520986,42.373592376708984,3.746525287628174,56,78.16313171386719,heat,0.005454545454545455,0.0001518141794443601,0.6640680368532955,1.63469878204489,0.1
568.4562109025916,3.1006702412868634,0.41429644526318854,-0.11847281086499148,120,2,0.0322510916086637,42.413047790527344,3.7474560737609863,54,78.16313171386719,heat,0.005454545454545455,0.0001518141794443601,0.7501771793054571,1.4029742480169198,0.1
542.3347231698938,2.958189399108512,0.670705243836039,0.015969335762385975,130,2,0.03380446161768286,42.39437484741211,3.7470157146453857,53,78.16313171386719,heat,0.005454545454545455,0.0001518141794443601,0.8189227498228207,1.1946053532824121,0.1
506.27531426480016,2.7615017141716374,0.8060951284421647,0.032889417025643575,140,2,0.03621218103425904,42.470855712890625,3.7488181591033936,52,78.16313171386719,heat,0.005454545454545455,0.0001518141794443601,0.8653437278525868,1.0073645484101088,0.1
475.5864374442132,2.5941078406047993,0.8604674210818779,0.027582600583148646,150,2,0.03854889855954703,42.5082893371582,3.749699115753174,51,78.16313171386719,heat,0.005454545454545455,0.0001518141794443601,0.9036144578313253,0.8458930159781015,0.1
447.72596571574536,2.442141631176793,0.8975628064854063,0.019965757606452323,160,2,0.04094766606628506,42.51797866821289,3.749927043914795,50,78.16313171386719,heat,0.005454545454545455,0.0001518141794443601,0.9472005669737774,0.7027786244829017,0.1
420.6800964357683,2.2946187078314635,0.9024078135930107,0.014403057014098223,170,2,0.04358022518456032,42.522315979003906,3.7500290870666504,49,78.16313171386719,heat,0.005454545454545455,0.0,0.97413182140326,0.5853668631686123,0.1
418.8584015548619,2.284682190299247,0.8860777664500815,0.011114186270609097,180,2,0.0437697638755183,42.54872512817383,3.750649929046631,49,78.16313171386719,heat,0.005454545454545455,0.0,0.9907866761162296,0.4867276489776893,0.1
390.30650135402345,2.128944552840128,0.8332708779947934,0.010731799598289963,190,2,0.04697163196035076,42.58347702026367,3.7514662742614746,48,78.16313171386719,heat,0.005454545454545455,0.0001518141794443601,0.9968107725017717,0.4044541667362716,0.1
389.49372599673165,2.1245112327094455,0.8015605411462773,0.011193300981956615,200,2,0.04706964993188921,42.61404800415039,3.7521839141845703,48,78.16313171386719,heat,0.005454545454545455,0.0001518141794443601,0.9985825655563431,0.3393841377392802,0.1
361.5770846895372,1.972238643761112,0.7253962364768057,0.011398651474877602,210,2,0.050703803171251796,42.65183639526367,3.75307035446167,47,78.16313171386719,heat,0.005454545454545455,0.0003036283588887202,0.9992912827781715,0.2872586079432895,0.1
361.0244722793269,1.9692243942508743,0.6894454222015362,0.011550874427499882,220,2,0.050781414394392405,42.66288375854492,3.753329277038574,47,78.16313171386719,heat,0.005454545454545455,0.0003036283588887202,0.9996456413890857,0.24647542177405787,0.1
336.524226225133,1.8355866885007257,0.6373060374566375,0.01105096003711954,230,2,0.05447849487385323,42.71384048461914,3.7545230388641357,46,78.16313171386719,heat,0.005454545454545455,0.0001518141794443601,1.0,0.2135352959960678,0.1
335.08160786058744,1.8277178610577498,0.6033482565765984,0.012092785175764963,240,2,0.05471303975884292,42.757144927978516,3.7555363178253174,46,78.16313171386719,heat,0.005454545454545455,0.0003036283588887202,1.0,0.18668619918747206,0.1
333.96137165534867,1.8216074817564474,0.5506860691895422,0.013105116639528406,250,2,0.054896568553603586,42.77348709106445,3.755918502807617,46,78.16313171386719,heat,0.005454545454545455,0.0001518141794443601,1.0,0.1636155368608418,0.1
311.8750036074111,1.7011363833131514,0.5211807473873089,0.013400464028628448,260,2,0.05878423445699218,42.78993225097656,3.756302833557129,45,78.16313171386719,heat,0.005454545454545455,0.0004554425383330803,1.0,0.14570165785131178,0.1
311.4872471012934,1.699021347825237,0.5160049346930392,0.012366254777145627,270,2,0.05885741231444851,42.787933349609375,3.756256103515625,45,78.16313171386719,heat,0.005454545454545455,0.0003036283588887202,1.0,0.13104879478036216,0.1
309.98053260361763,1.690802905110642,0.4603554784873015,0.011365573936670939,280,2,0.05914349904281496,42.81646728515625,3.756922721862793,45,78.16313171386719,heat,0.005454545454545455,0.0003036283588887202,1.0,0.11844134473847126,0.1
309.5042114123864,1.6882047895221077,0.41650345048502646,0.010814012169410851,290,2,0.059234519781399105,42.852760314941406,3.75777006149292,45,78.16313171386719,heat,0.005454545454545455,0.0003036283588887202,1.0,0.1074329132278873,0.1
288.61625911802827,1.5742705042801544,0.37463558420601384,0.009929576301072501,300,2,0.06352148485798231,42.86063766479492,3.7579538822174072,44,78.16313171386719,heat,0.005454545454545455,0.0003036283588887202,1.0,0.09871381293641684,0.1
288.1273784937868,1.5716038826933827,0.3743088185026392,0.009736988026328091,310,2,0.06362926504649635,42.899192810058594,3.758852958679199,44,78.16313171386719,heat,0.005454545454545455,0.0003036283588887202,1.0,0.09077621428764601,0.1
286.6833869249545,1.5637275650452065,0.3343188254034725,0.009481446786993511,320,2,0.06394975840763481,42.93794250488281,3.759755849838257,44,78.16313171386719,heat,0.005454545454545455,0.0003036283588887202,1.0,0.08403108375111343,0.1
284.6560425577193,1.5526693230421054,0.325905788345895,0.01113490829021565,330,2,0.06440521398598419,43.019283294677734,3.761648416519165,44,78.16313171386719,heat,0.005454545454545455,0.0003036283588887202,1.0,0.07777635134297174,0.1
283.07286576211294,1.5440338132478888,0.294005521637361,0.01357860458454248,340,2,0.06476542103028762,43.068119049072266,3.7627830505371094,44,78.16313171386719,heat,0.005454545454545455,0.0001518141794443601,1.0,0.07249533951620445,0.1
282.0052209089502,1.5382102958670012,0.23578297961775743,0.016620836993974493,350,2,0.06501061673341338,43.143741607666016,3.7645375728607178,44,78.16313171386719,heat,0.005454545454545455,0.0001518141794443601,1.0,0.0677963987541993,0.1
280.72913992588326,1.5312498541411814,0.22072874435752077,0.019202534842050062,360,2,0.06530612866969782,43.18583297729492,3.765512466430664,44,78.16313171386719,heat,0.005454545454545455,0.0003036283588887202,1.0,0.06346559167056114,0.1
279.05368226020215,1.5221109941465574,0.19077705315638477,0.020501882096106365,370,2,0.06569823119638504,43.22089385986328,3.766324043273926,44,78.16313171386719,heat,0.005454545454545455,0.0001518141794443601,1.0,0.05950000825912964,0.1
277.88245169581,1.5157224637953273,0.14791749609457383,0.02130063862852505,380,2,0.0659751388454076,43.260772705078125,3.7672462463378906,44,78.16313171386719,heat,0.005454545454545455,0.0001518141794443601,1.0,0.056057100549266325,0.1
276.34355734396917,1.5073284946034682,0.08960383057094726,0.02209453721877502,390,2,0.06634253937215387,43.31532669067383,3.7685065269470215,44,78.16313171386719,heat,0.005454545454545455,0.0001518141794443601,1.0,0.05283451689675207,0.1
275.9958496437901,1.505431907147946,0.08842693749688212,0.02154339968608345,400,2,0.06642611965721577,43.34981155395508,3.7693023681640625,44,78.16313171386719,heat,0.005454545454545455,0.0003036283588887202,1.0,0.05011411074055246,0.1
275.0194045230058,1.500105842852759,0.08288491551792461,0.019991206543163567,410,2,0.06666196287178609,43.367591857910156,3.769712448120117,44,78.16313171386719,heat,0.005454545454545455,0.0001518141794443601,1.0,0.04758543135171913,0.1
274.11168463058937,1.4951546434395786,0.07648039115167897,0.01787434522341252,420,2,0.06688271373050192,43.400028228759766,3.7704601287841797,44,78.16313171386719,heat,0.005454545454545455,0.0003036283588887202,1.0,0.0451429801010266,0.1
273.61316997546345,1.492435472593437,0.07062084291701386,0.015544113013548546,430,2,0.06700457194723995,43.39328384399414,3.7703046798706055,44,78.16313171386719,heat,0.005454545454545455,0.0003036283588887202,1.0,0.04288670222633363,0.1
272.7073181837683,1.4874944628205544,0.06595267236618745,0.012975789612302379,440,2,0.06722714100755857,43.40666961669922,3.770613193511963,44,78.16313171386719,heat,0.005454545454545455,0.0003036283588887202,1.0,0.04068906562208791,0.1
271.7905057588656,1.4824936677756306,0.061006205957217424,0.011270382751169658,450,2,0.06745391374928597,43.42695236206055,3.771080255508423,44,78.16313171386719,heat,0.005454545454545455,0.0003036283588887202,1.0,0.03877078022076507,0.1
270.9427822206402,1.4778697212034921,0.05653857692643487,0.009816397850422027,460,2,0.06766496299725645,43.449317932128906,3.7715952396392822,44,78.16313171386719,heat,0.005454545454545455,0.0003036283588887202,1.0,0.03695583895302934,0.1
269.8215090268749,1.471753685601136,0.05552182459230198,0.00860632385406951,470,2,0.06794615225247772,43.475589752197266,3.7721996307373047,44,78.16313171386719,heat,0.005454545454545455,0.0003036283588887202,1.0,0.035433174705648995,0.1
269.2371173118168,1.4685660944280918,0.05442055007069191,0.007286932581316398,480,2,0.06809363254361617,43.478458404541016,3.772265672683716,44,78.16313171386719,heat,0.005454545454545455,0.0004554425383330803,1.0,0.03392701736743107,0.1
268.3041293708694,1.4634770692956516,0.05640161278170256,0.007631786768984809,490,2,0.06833041808309878,43.53290557861328,3.77351713180542,44,78.16313171386719,heat,0.005454545454545455,0.0003036283588887202,1.0,0.0325272448286995,0.1
267.5958812798845,1.4596138978902793,0.056099561422652225,0.008666177194048937,500,2,0.06851126872972342,43.56904220581055,3.7743468284606934,44,78.16313171386719,heat,0.005454545454545455,0.0003036283588887202,1.0,0.030976633724118276,0.1
267.45066274491603,1.458821796790451,0.053904116212332216,0.009970188342562351,510,2,0.06854846851069107,43.607887268066406,3.775238037109375,44,78.16313171386719,heat,0.005454545454545455,0.0003036283588887202,1.0,0.029743873767032004,0.1
266.3641111900223,1.4528951519455764,0.05342067225558283,0.01188619998932979,520,2,0.06882809118475597,43.648475646972656,3.7761683464050293,44,78.16313171386719,heat,0.005454545454545455,0.0003036283588887202,1.0,0.028637827325857842,0.1
265.9856680976737,1.450830916896402,0.05039027647605391,0.012757047992179638,530,2,0.06892601945230024,43.66613006591797,3.7765727043151855,44,78.16313171386719,heat,0.005454545454545455,0.0003036283588887202,1.0,0.027379189143359958,0.1
265.72898525992963,1.4494308286905253,0.046108997211290983,0.01317229119158235,540,2,0.06899259903995837,43.69062042236328,3.7771334648132324,44,78.16313171386719,heat,0.005454545454545455,0.0003036283588887202,1.0,0.026301681056808784,0.1
265.1361758504364,1.4461973228205622,0.04234840235455722,0.013517822110468486,550,2,0.0691468573631204,43.726051330566406,3.7779440879821777,44,78.16313171386719,heat,0.005454545454545455,0.0003036283588887202,1.0,0.02523625002082234,0.1
264.85436500877205,1.4446601727751205,0.03800397416194613,0.013184790047165877,560,2,0.06922043113288363,43.735164642333984,3.7781524658203125,44,78.16313171386719,heat,0.005454545454545455,0.0003036283588887202,1.0,0.024235674480410606,0.1
264.92495833189815,1.4450452272648993,0.033418337584916434,0.012450925388143264,570,2,0.06920198628611397,43.74909591674805,3.778470993041992,44,78.16313171386719,heat,0.005454545454545455,0.0003036283588887202,1.0,0.023414790236954145,0.1
264.2209673434314,1.441205276418717,0.029979096119009407,0.010524553837178284,580,2,0.06938636822680265,43.754066467285156,3.7785844802856445,44,78.16313171386719,heat,0.005454545454545455,0.0001518141794443601,1.0,0.022482465935473657,0.1
264.14754819797093,1.4408048083525689,0.026929817331367477,0.008686164348598745,590,2,0.06940565399302147,43.752540588378906,3.7785496711730957,44,78.16313171386719,heat,0.005454545454545455,0.0001518141794443601,1.0,0.02179141033871177,0.1
264.05689294542685,1.4403103251568738,0.023966030411028225,0.007113753350734872,600,2,0.0694294821424045,43.768951416015625,3.7789247035980225,44,78.16313171386719,heat,0.005454545454545455,0.0001518141794443601,1.0,0.02098492278059394,0.1
263.6902335940098,1.4383103650582352,0.02008998463999885,0.0062303392926131886,610,2,0.06952602333221115,43.79608154296875,3.7795443534851074,44,78.16313171386719,heat,0.005454545454545455,0.0001518141794443601,1.0,0.02032633317062865,0.1
263.6493099247548,1.4380871450441173,0.01819069330328252,0.005956333032498393,620,2,0.06953681516771519,43.814903259277344,3.7799739837646484,44,78.16313171386719,heat,0.005454545454545455,0.0001518141794443601,1.0,0.019485131629513645,0.1
263.293445700268,1.4361460674560076,0.017079367346147553,0.005555286201194602,630,2,0.06963080028282934,43.82468032836914,3.7801971435546875,44,78.16313171386719,heat,0.005454545454545455,0.0001518141794443601,1.0,0.01878955188021856,0.1
263.28276819796525,1.4360878265343562,0.014951945304023138,0.005155069759072144,640,2,0.0696336241783522,43.829986572265625,3.780318260192871,44,78.16313171386719,heat,0.005454545454545455,0.0001518141794443601,1.0,0.018187125702537093,0.1
263.42803802649183,1.4368802074172282,0.012942757049660534,0.004437853361387474,650,2,0.06959522407212261,43.803611755371094,3.7797162532806396,44,78.16313171386719,heat,0.005454545454545455,0.0001518141794443601,1.0,0.01748081836862652,0.1
262.48297894657554,1.4317253397085938,0.014334594194636851,0.004552994076485949,660,2,0.06984579879011815,43.846500396728516,3.7806949615478516,44,78.16313171386719,heat,0.005454545454545455,0.0001518141794443601,1.0,0.016922741420804653,0.1
261.8195489354295,1.4281066305568884,0.01595391784761505,0.004944112234863837,670,2,0.07002278251519996,43.8662223815918,3.781144618988037,44,78.16313171386719,heat,0.005454545454545455,0.0001518141794443601,1.0,0.016411459353283142,0.1
261.1648880683921,1.4245357531003207,0.020677800280092515,0.005650363744211617,680,2,0.07019830831368236,43.90010070800781,3.781916618347168,44,78.16313171386719,heat,0.005454545454545455,0.0001518141794443601,1.0,0.01592298341132199,0.1
261.2377396063228,1.4249331251253972,0.022934577832578355,0.005536035214282338,690,2,0.07017873206589943,43.898216247558594,3.7818737030029297,44,78.16313171386719,heat,0.005454545454545455,0.0001518141794443601,1.0,0.015336381227258543,0.1
260.88732286027454,1.423021761056043,0.024462923956511416,0.005680794496176041,700,2,0.07027299422729046,43.92205047607422,3.782416582107544,44,78.16313171386719,heat,0.005454545454545455,0.0001518141794443601,1.0,0.014871147341767496,0.1
261.04874770142214,1.4239022601895754,0.024430448494946425,0.006289544217978529,710,2,0.07022953948165389,43.943294525146484,3.782900094985962,44,78.16313171386719,heat,0.005454545454545455,0.0003036283588887202,1.0,0.014355451517430161,0.1
260.8833405470502,1.4230000393475466,0.022964032021151826,0.007021346942707078,720,2,0.0702740669254307,43.958396911621094,3.7832436561584473,44,78.16313171386719,heat,0.005454545454545455,0.0003036283588887202,1.0,0.01386734748933752,0.1
260.62606975529667,1.4215967441198,0.021781975928177016,0.007606787126942024,730,2,0.07034343628995597,43.97190856933594,3.783550977706909,44,78.16313171386719,heat,0.005454545454545455,0.0003036283588887202,1.0,0.013422711749054878,0.1
260.16596880878694,1.4190871025933833,0.020153189497328115,0.007707063800009716,740,2,0.07046783796234204,43.976749420166016,3.783661127090454,44,78.16313171386719,heat,0.005454545454545455,0.0003036283588887202,1.0,0.012950596544154987,0.1
259.9210887290135,1.4177513930673464,0.016192990406843476,0.0062650954331479195,750,2,0.07053422799581745,43.97372055053711,3.7835922241210938,44,78.16313171386719,heat,0.005454545454545455,0.0003036283588887202,1.0,0.012472084131353211,0.1
259.7426553279478,1.4167781199706242,0.014312480507362994,0.005243031108221967,760,2,0.07058268234836478,43.97761154174805,3.7836806774139404,44,78.16313171386719,heat,0.005454545454545455,0.0003036283588887202,1.0,0.012087726336524345,0.1
259.4897499326515,1.415398635996281,0.0141486035106044,0.003833805839548982,770,2,0.0706514740489426,43.965545654296875,3.7834062576293945,44,78.16313171386719,heat,0.005454545454545455,0.0003036283588887202,1.0,0.011673206936047906,0.1
259.2383065960852,1.4140271268877374,0.01601209670631449,0.0029622298344711435,780,2,0.07072000112197227,43.96992492675781,3.783505916595459,44,78.16313171386719,heat,0.005454545454545455,0.0003036283588887202,1.0,0.011335376293671038,0.1
259.4003786620031,1.4149111563381989,0.01529642814592554,0.0020062948759304177,790,2,0.07067581561714503,43.984046936035156,3.783827066421509,44,78.16313171386719,heat,0.005454545454545455,0.0003036283588887202,1.0,0.011033513081609188,0.1
258.8197201962007,1.411743928342913,0.01684360272981083,0.002383560523800533,800,2,0.07083437583285995,44.0327033996582,3.7849326133728027,44,78.16313171386719,heat,0.005454545454545455,0.0004554425383330803,1.0,0.01068966089821111,0.1
258.6087242849533,1.4105930415542909,0.016716300172631062,0.0029984662217264757,810,2,0.07089216879293049,44.04172134399414,3.785137414932251,44,78.16313171386719,heat,0.005454545454545455,0.0001518141794443601,1.0,0.010341691908649017,0.1
258.1646738687182,1.4081709483748266,0.016984110834432714,0.004144103015160801,820,2,0.07101410529411237,44.068599700927734,3.785747528076172,44,78.16313171386719,heat,0.005454545454545455,0.0001518141794443601,1.0,0.010026923679132186,0.1
258.00200954727995,1.407283688439709,0.01677865869052927,0.005719523205301369,830,2,0.07105887805100088,44.09558868408203,3.7863597869873047,44,78.16313171386719,heat,0.005454545454545455,0.0003036283588887202,1.0,0.00973281285294525,0.1
257.87505295473454,1.406591197934916,0.016970197890486365,0.0069509713868263715,840,2,0.07109386163287158,44.10192108154297,3.786503553390503,44,78.16313171386719,heat,0.005454545454545455,0.0003036283588887202,1.0,0.009391255076766056,0.1
257.73790564933137,1.4058431217236258,0.016877688716243483,0.0075267846259250435,850,2,0.07113169204640386,44.10450744628906,3.786561965942383,44,78.16313171386719,heat,0.005454545454545455,0.0001518141794443601,1.0,0.009142054825714934,0.1
257.60191929216523,1.405101377957265,0.016279537740344085,0.007684804646324384,860,2,0.0711692419983104,44.110416412353516,3.786695957183838,44,78.16313171386719,heat,0.005454545454545455,0.0003036283588887202,1.0,0.008811071020050052,0.1
257.3549800383635,1.403754436572892,0.015984371910042056,0.006668304125150723,870,2,0.0712375308634028,44.1027717590332,3.786522626876831,44,78.16313171386719,heat,0.005454545454545455,0.0001518141794443601,1.0,0.008527957801301162,0.1
257.5865838191954,1.405017729922884,0.01416596043269902,0.005006546715804771,880,2,0.07117347907452286,44.0994987487793,3.7864484786987305,44,78.16313171386719,heat,0.005454545454545455,0.0001518141794443601,1.0,0.008235448719253783,0.1
257.6937418256507,1.405602228139913,0.009746732609443526,0.003072316032760441,890,2,0.07114388267037242,44.099037170410156,3.78643798828125,44,78.16313171386719,heat,0.005454545454545455,0.0001518141794443601,1.0,0.007990803696943842,0.1
257.3518620942431,1.4037374296049623,0.007901529947192905,0.0022435435872738114,900,2,0.07123839394105339,44.11390686035156,3.7867751121520996,44,78.16313171386719,heat,0.005454545454545455,0.0001518141794443601,1.0,0.0077074540437091586,0.1
257.73897149781516,1.4058489354426282,0.004305021427903971,0.0010637082609203476,910,2,0.07113139788985595,44.10538864135742,3.7865822315216064,44,78.16313171386719,heat,0.005454545454545455,0.0001518141794443601,1.0,0.007508271551030291,0.1
257.342719144978,1.4036875589726072,0.0035787097305786464,0.0004237733892604229,920,2,0.07124092492006727,44.11051940917969,3.786698341369629,44,78.16313171386719,heat,0.005454545454545455,0.0004554425383330803,1.0,0.007297240888394949,0.1
257.3879439502588,1.4039342397286843,0.0027444018680704424,0.0004984806456718309,930,2,0.07122840740697754,44.118370056152344,3.7868762016296387,44,78.16313171386719,heat,0.005454545454545455,0.0003036283588887202,1.0,0.007085141680295125,0.1
257.68280979543505,1.4055425988841914,0.0008375090873348157,0.0005428578697788249,940,2,0.07114690090459466,44.114349365234375,3.786785125732422,44,78.16313171386719,heat,0.005454545454545455,0.0004554425383330803,1.0,0.006836920832749126,0.1
258.01202463506405,1.4073383161912587,-0.001866657734565107,0.0005398041494574542,950,2,0.07105611980396752,44.11185836791992,3.786728858947754,44,78.16313171386719,heat,0.005454545454545455,0.0003036283588887202,1.0,0.006632728348033995,0.1
257.76208037420986,1.4059749838593265,-0.0027173539111087523,0.0002606146244869286,960,2,0.07112502082043119,44.094085693359375,3.786325693130493,44,78.16313171386719,heat,0.005454545454545455,0.0004554425383330803,1.0,0.006407067147997742,0.1
257.7904229368894,1.4061295796557605,-0.002368413489573705,7.367321209813232e-05,970,2,0.07111720103667925,44.103878021240234,3.7865476608276367,44,78.16313171386719,heat,0.005454545454545455,0.0004554425383330803,1.0,0.006241992095843074,0.1
257.6888647045678,1.4055756256612788,-0.002348934037831779,0.0001513954143876638,980,2,0.07114522916755417,44.11979675292969,3.7869086265563965,44,78.16313171386719,heat,0.005454545454545455,0.0003036283588887202,1.0,0.006058797687767331,0.1
258.08361769940973,1.4077288238149621,-0.004286704655324648,-0.00028518951931495506,990,2,0.07103640865219965,44.1021842956543,3.7865092754364014,44,78.16313171386719,heat,0.005454545454545455,0.0003036283588887202,1.0,0.0059063404057277885,0.1
257.415714420855,1.4040857150228456,-0.0016595922543753828,-0.00015223678969653382,1000,2,0.07122072315818193,44.10982894897461,3.786682605743408,44,78.16313171386719,heat,0.005454545454545455,0.0003036283588887202,1.0,0.0057559173965389685,0.1
257.195504437364,1.402884569658349,3.156814936169166e-05,0.0001647492474574787,1010,2,0.0712817021177683,44.12745666503906,3.7870821952819824,44,78.16313171386719,heat,0.005454545454545455,0.0003036283588887202,1.0,0.005560524511189958,0.1
257.3628653562171,1.403797447397548,0.00248204527333781,0.0007773198823230481,1020,2,0.07123534822305495,44.13914489746094,3.7873470783233643,44,78.16313171386719,heat,0.005454545454545455,0.0003036283588887202,1.0,0.005377981448407443,0.1
257.06237265700963,1.4021583963109618,0.005897184193529538,0.001599448587974967,1030,2,0.07131861868323658,44.14516830444336,3.7874834537506104,44,78.16313171386719,heat,0.005454545454545455,0.0003036283588887202,1.0,0.005189465193182209,0.1
256.0888713646493,1.3968483892617236,0.011395415110338128,0.0030422170826464815,1040,2,0.07158973068856314,44.18354797363281,3.7883524894714355,44,78.16313171386719,heat,0.005454545454545455,0.0003036283588887202,1.0,0.005033179022593544,0.1
255.4180699194358,1.3931894722878317,0.016574278195497817,0.004613942372575919,1050,2,0.07177774594849945,44.20771789550781,3.7888994216918945,44,78.16313171386719,heat,0.005454545454545455,0.0003036283588887202,1.0,0.004848380142744977,0.1
254.81411874263893,1.389895193141667,0.023037651217178014,0.0056461195854991325,1060,2,0.07194787095706386,44.226924896240234,3.7893338203430176,44,78.16313171386719,heat,0.005454545454545455,0.0003036283588887202,1.0,0.004680208270098092,0.1
253.99879354350236,1.3854479647827402,0.029979598437837655,0.007215538919395577,1070,2,0.07217882052732422,44.26844787597656,3.7902722358703613,44,78.16313171386719,heat,0.005454545454545455,0.0003036283588887202,1.0,0.0045308321958617654,0.1
253.06793190395456,1.380370537657934,0.037740865513182995,0.00911456711293332,1080,2,0.07244431641497462,44.300209045410156,3.790989398956299,44,78.16313171386719,heat,0.005454545454545455,0.0003036283588887202,1.0,0.004387856262764405,0.1
252.66928066859495,1.3781960763741543,0.041303724887347695,0.009575911625311182,1090,2,0.07255861608827559,44.29788589477539,3.7909369468688965,44,78.16313171386719,heat,0.005454545454545455,0.0003036283588887202,1.0,0.004206829383562719,0.1
252.54712553743474,1.377529775658735,0.04383123491257319,0.009600625998945182,1100,2,0.07259371214112594,44.3128547668457,3.7912747859954834,44,78.16313171386719,heat,0.005454545454545455,0.0003036283588887202,1.0,0.0040876511702199175,0.1
252.17243490646703,1.3754860085807294,0.044621970902029046,0.009900723819347503,1110,2,0.07270157557122897,44.34884262084961,3.792086601257324,44,78.16313171386719,heat,0.005454545454545455,0.0003036283588887202,1.0,0.0039944037719821775,0.1
252.0639602185532,1.3748943284648358,0.04077122309222606,0.01001825987547374,1120,2,0.07273286239507358,44.375579833984375,3.792689323425293,44,78.16313171386719,heat,0.005454545454545455,0.0003036283588887202,1.0,0.003866024528881555,0.1
251.66037246551937,1.3726929407210149,0.03531065496321339,0.009372825600925894,1130,2,0.07284950409045918,44.386741638183594,3.792940855026245,44,78.16313171386719,heat,0.005454545454545455,0.0003036283588887202,1.0,0.0037156146912077147,0.1
251.2921298836792,1.3706843448200685,0.031213709243454735,0.009046885148314851,1140,2,0.07295625749130967,44.40777587890625,3.79341459274292,44,78.16313171386719,heat,0.005454545454545455,0.0003036283588887202,1.0,0.0036370474906225075,0.1
251.1268841932532,1.3697830046904722,0.0267962068643631,0.008720700101369038,1150,2,0.07300426392908624,44.42803192138672,3.793870687484741,44,78.16313171386719,heat,0.005454545454545455,0.0004554425383330803,1.0,0.0035366115393282082,0.1
250.33076223790016,1.3654405212976373,0.02461594781099707,0.008493345493937099,1160,2,0.07323643794089667,44.457977294921875,3.7945444583892822,44,78.16313171386719,heat,0.005454545454545455,0.0004554425383330803,1.0,0.003424692743713291,0.1
249.6548111839456,1.3617535155487943,0.025104546600132234,0.009081703928375744,1170,2,0.07343472872159205,44.494911193847656,3.795374870300293,44,78.16313171386719,heat,0.005454545454545455,0.0004554425383330803,1.0,0.0033342502324780533,0.1
250.4420445881411,1.3660475159353151,0.023207482577545607,0.009079806465709222,1180,2,0.073203895789475,44.47970199584961,3.7950329780578613,44,78.16313171386719,heat,0.005454545454545455,0.0004554425383330803,1.0,0.003213546232404194,0.1
250.42057863522936,1.365930428919433,0.020917720576947643,0.008264589505223935,1190,2,0.07321017079845604,44.486446380615234,3.79518461227417,44,78.16313171386719,heat,0.005454545454545455,0.0003036283588887202,1.0,0.003113370460196062,0.1
250.8116251584798,1.3680634099553446,0.015703495519535045,0.0075336043328848,1200,2,0.07309602703522648,44.513946533203125,3.795802593231201,44,78.16313171386719,heat,0.005454545454545455,0.0003036283588887202,1.0,0.00301084087034232,0.1
250.7065493112535,1.3674902689704738,0.011147505039412975,0.007114436433264459,1210,2,0.07312666295993889,44.528404235839844,3.7961273193359375,44,78.16313171386719,heat,0.005454545454545455,0.0003036283588887202,1.0,0.002930126112669939,0.1
250.32217415270856,1.3653936771965922,0.007353460473109495,0.006806399377749268,1220,2,0.07323895054598367,44.540550231933594,3.7964000701904297,44,78.16313171386719,heat,0.005454545454545455,0.0004554425383330803,1.0,0.0028388652000721467,0.1
249.81495366033016,1.3626270199654373,0.0060056546569159115,0.006217152744235156,1230,2,0.07338765380018406,44.551021575927734,3.796635150909424,44,78.16313171386719,heat,0.005454545454545455,0.0006072567177774404,1.0,0.0027539684119733997,0.1
250.3946180928344,1.365788825960915,0.002511917237402536,0.005229720908021699,1240,2,0.07321776112031372,44.54397201538086,3.7964768409729004,44,78.16313171386719,heat,0.005454545454545455,0.0003036283588887202,1.0,0.002662135857407566,0.1
250.45582912469177,1.3661227043165007,-0.0012327711864979702,0.004366616233201853,1250,2,0.07319986680847389,44.555110931396484,3.796726942062378,44,78.16313171386719,heat,0.005454545454545455,0.0003036283588887202,1.0,0.0025694265057056255,0.1
250.21956318467426,1.3648339810073142,-0.0007503251377465828,0.0037241003156388243,1260,2,0.07326898464690564,44.55652618408203,3.7967586517333984,44,78.16313171386719,heat,0.005454545454545455,0.0006072567177774404,1.0,0.002497825246339916,0.1
251.24919199667238,1.3704501381636676,-0.0011628097216191077,0.0028918098094720453,1270,2,0.07296872554151794,44.52473068237305,3.7960448265075684,44,78.16313171386719,heat,0.005454545454545455,0.0004554425383330803,1.0,0.002432714159812311,0.1
251.48183330079522,1.3717190907316104,-0.004949119319856868,0.0011362372520062496,1280,2,0.0729012234907839,44.50893783569336,3.7956905364990234,44,78.16313171386719,heat,0.005454545454545455,0.0003036283588887202,1.0,0.002361175155829477,0.1
251.2268203485174,1.3703281109919132,-0.006684667594633522,-0.0003330102530275231,1290,2,0.07297522337742522,44.51997756958008,3.795938014984131,44,78.16313171386719,heat,0.005454545454545455,0.0004554425383330803,1.0,0.002303662965989003,0.1
250.81096309212506,1.3680597986843186,-0.007950277930840684,-0.00037691773413491746,1300,2,0.07309621998700008,44.557247161865234,3.7967748641967773,44,78.16313171386719,heat,0.005454545454545455,0.0003036283588887202,1.0,0.002228650173190836,0.1
251.30098419546695,1.3707326410661835,-0.010686059191167418,-0.0006550331126180665,1310,2,0.07295368695839766,44.538787841796875,3.796360492706299,44,78.16313171386719,heat,0.005454545454545455,0.0003036283588887202,1.0,0.002171353335524655,0.1
251.77640770376846,1.3733258602023735,-0.012910867374253666,-0.0015045526089034825,1320,2,0.07281593021576394,44.500850677490234,3.79550838470459,44,78.16313171386719,heat,0.005454545454545455,0.0003036283588887202,1.0,0.0021126233074288685,0.1
252.0877521476382,1.3750241026234813,-0.012579072420928915,-0.0019477189729075117,1330,2,0.07272599790011296,44.49729537963867,3.795428514480591,44,78.16313171386719,heat,0.005454545454545455,0.0004554425383330803,1.0,0.002048363031596368,0.1
252.7274112586546,1.3785131523199343,-0.01563533840959501,-0.002800004155086473,1340,2,0.0725419266633093,44.47582244873047,3.79494571685791,44,78.16313171386719,heat,0.005454545454545455,0.0003036283588887202,1.0,0.0019950213420325607,0.1
252.7297948614839,1.3785261537899123,-0.016900442736147887,-0.003328564785504489,1350,2,0.07254124248936088,44.46146774291992,3.7946228981018066,44,78.16313171386719,heat,0.005454545454545455,0.0003036283588887202,1.0,0.0019239415752904095,0.1
252.3186577975736,1.3762835879867652,-0.013332073415296604,-0.0031225830435141545,1360,2,0.07265944378969201,44.47151565551758,3.794848918914795,44,78.16313171386719,heat,0.005454545454545455,0.0003036283588887202,1.0,0.0018619568607605556,0.1
252.1333749019075,1.3752729540104047,-0.012233853668676796,-0.0034314745226512963,1370,2,0.07271283835575483,44.468631744384766,3.7947840690612793,44,78.16313171386719,heat,0.005454545454545455,0.0003036283588887202,1.0,0.0018157625735409342,0.1
252.33286263623185,1.376361068924901,-0.012298322345607586,-0.0038355037949731638,1380,2,0.0726553534953671,44.47121810913086,3.79484224319458,44,78.16313171386719,heat,0.005454545454545455,0.0003036283588887202,1.0,0.0017613380931880164,0.1
252.3962615637378,1.3767068812567518,-0.010610111497362906,-0.003310207485944146,1390,2,0.0726371033380128,44.49061584472656,3.795278310775757,44,78.16313171386719,heat,0.005454545454545455,0.0003036283588887202,1.0,0.0016885691064638948,0.1
251.8930959003113,1.3739623412744253,-0.003843230607972558,-0.0013924091058711082,1400,2,0.07278219860614558,44.500553131103516,3.795501708984375,44,78.16313171386719,heat,0.005454545454545455,0.0003036283588887202,1.0,0.0016393871875783439,0.1
252.5991635745271,1.3778136194974206,-0.0013311857480186166,0.00028217504122184106,1410,2,0.07257875708651841,44.499725341796875,3.795483112335205,44,78.16313171386719,heat,0.005454545454545455,0.0003036283588887202,1.0,0.0015974178066883768,0.1
252.79797218948377,1.378898030124457,-0.0007672568943471866,0.0010417993396491952,1420,2,0.07252167877197864,44.4966926574707,3.795414924621582,44,78.16313171386719,heat,0.005454545454545455,0.0004554425383330803,1.0,0.0015426464314479446,0.1
252.51728427556358,1.3773670051394378,0.00029495441515806314,0.0019879518416494866,1430,2,0.07260229091220063,44.50843811035156,3.7956788539886475,44,78.16313171386719,heat,0.005454545454545455,0.0003036283588887202,1.0,0.0015072678196825441,0.1
252.73188208129446,1.3785375386252425,-0.00221477961313838,0.0022490683435187867,1440,2,0.07254064339787641,44.50665283203125,3.7956387996673584,44,78.16313171386719,heat,0.005454545454545455,0.0003036283588887202,1.0,0.001455208526156621,0.1
253.04968132044095,1.380270989020587,-0.00599576743694784,0.0016443309654403265,1450,2,0.07244954128243905,44.49249267578125,3.795320749282837,44,78.16313171386719,heat,0.005454545454545455,0.0004554425383330803,1.0,0.0014127861936282945,0.1
253.09407297486698,1.3805131253174563,-0.007675386688856266,0.0012654354009172919,1460,2,0.07243683393231373,44.4971923828125,3.7954261302948,44,78.16313171386719,heat,0.005454545454545455,0.0004554425383330803,1.0,0.0013675394051026455,0.1
252.70457126645124,1.3783885705442795,-0.00621918874549357,0.0006091849610295498,1470,2,0.07254848316140154,44.49407196044922,3.795356035232544,44,78.16313171386719,heat,0.005454545454545455,0.0004554425383330803,1.0,0.0013246036918132884,0.1
252.40566229229768,1.3767581579579875,-0.004050777208282046,3.9232444231280064e-05,1480,2,0.07263439800372809,44.50040817260742,3.7954983711242676,44,78.16313171386719,heat,0.005454545454545455,0.0004554425383330803,1.0,0.0012931376533922069,0.1
252.4664546110182,1.3770897524237358,-0.0023740709446940264,-0.0004370189054860554,1490,2,0.0726169081020288,44.48735809326172,3.7952051162719727,44,78.16313171386719,heat,0.005454545454545455,0.0006072567177774404,1.0,0.0012570075937602893,0.1
252.55095508037573,1.3775506640747768,0.0014734301218605485,-0.0006845764081523583,1500,2,0.07259261137024269,44.48466491699219,3.795144557952881,44,78.16313171386719,heat,0.005454545454545455,0.0004554425383330803,1.0,0.001216951714271533,0.1
252.58988980620003,1.3777630353065458,0.0023230207388774647,-0.0012186546143415074,1510,2,0.0725814217956214,44.469417572021484,3.794801712036133,44,78.16313171386719,heat,0.005454545454545455,0.0004554425383330803,1.0,0.0011865187803986941,0.1
253.07289814492984,1.380397626245072,0.00029505452152283566,-0.0023848469722000296,1520,2,0.0724428947853365,44.4383430480957,3.794102668762207,44,78.16313171386719,heat,0.005454545454545455,0.0004554425383330803,1.0,0.001144070683204266,0.1
252.9512055818425,1.3797338486282318,0.0003452948125877627,-0.0024494149466735785,1530,2,0.07247774641422523,44.45988464355469,3.7945873737335205,44,78.16313171386719,heat,0.005454545454545455,0.0004554425383330803,1.0,0.0011094734026482137,0.1
253.06554833550703,1.380357536375493,-0.0007142010341356495,-0.0027565385660555074,1540,2,0.07244499875197365,44.44059753417969,3.7941534519195557,44,78.16313171386719,heat,0.005454545454545455,0.0003036283588887202,1.0,0.0010793455977066771,0.1
253.09116177662676,1.3804972460543279,-0.0031189719261242453,-0.0031186322619395496,1550,2,0.07243766714190505,44.44073486328125,3.794156551361084,44,78.16313171386719,heat,0.005454545454545455,0.0003036283588887202,1.0,0.0010496059116299518,0.1
252.90048478239885,1.3794571897221757,-0.004943963121700722,-0.003227096376652526,1560,2,0.07249228228687556,44.43478012084961,3.794022560119629,44,78.16313171386719,heat,0.005454545454545455,0.0006072567177774404,1.0,0.0010167640165414616,0.1
253.1649650569459,1.3808998094015232,-0.006109947687715392,-0.0031910914183250964,1570,2,0.0724165499330032,44.43113708496094,3.793940544128418,44,78.16313171386719,heat,0.005454545454545455,0.0004554425383330803,1.0,0.000984659634958253,0.1
253.02676127778093,1.380145970606078,-0.004867000413912741,-0.0027491787796506857,1580,2,0.07245610401346603,44.42744064331055,3.7938573360443115,44,78.16313171386719,heat,0.005454545454545455,0.0003036283588887202,1.0,0.0009539476527751923,0.1
252.9116861184367,1.3795182879187458,-0.0029192604387675986,-0.0018172637991654417,1590,2,0.0724890716388169,44.44889450073242,3.794340133666992,44,78.16313171386719,heat,0.005454545454545455,0.0003036283588887202,1.0,0.0009306893885448512,0.1
253.02643136884114,1.38014417110277,-0.0014456475503751957,-0.0007492793036749581,1600,2,0.07245619848547959,44.449745178222656,3.7943592071533203,44,78.16313171386719,heat,0.005454545454545455,0.0004554425383330803,1.0,0.0009061188096626748,0.1
253.10141948198756,1.3805531971744778,-3.737220313388942e-05,-0.0004774057642161586,1610,2,0.07243473138497375,44.42524719238281,3.7938079833984375,44,78.16313171386719,heat,0.005454545454545455,0.0004554425383330803,1.0,0.0008794632727117888,0.1
253.12628787700476,1.3806888429654807,-0.0006143683930461456,-0.0007578838374397939,1620,2,0.07242761503396906,44.42885208129883,3.793889045715332,44,78.16313171386719,heat,0.005454545454545455,0.0003036283588887202,1.0,0.000852220746111666,0.1
253.22258274980624,1.381214087726216,-0.0009369892905634003,-0.0003287572608272763,1630,2,0.07240007243527477,44.431941986083984,3.7939586639404297,44,78.16313171386719,heat,0.005454545454545455,0.0004554425383330803,1.0,0.0008275789248477866,0.1
253.51400953159066,1.382803688354131,-0.002726479789667686,-0.0007546993268032667,1640,2,0.07231684500279577,44.41133117675781,3.793494701385498,44,78.16313171386719,heat,0.005454545454545455,0.0004554425383330803,1.0,0.0008055239404808442,0.1
253.86052931459707,1.3846937962614387,-0.005617668462579599,-0.0011612380757687992,1650,2,0.07221813246364786,44.405521392822266,3.7933638095855713,44,78.16313171386719,heat,0.005454545454545455,0.0006072567177774404,1.0,0.0007742492475960745,0.1
254.8500884121631,1.3900913913390716,-0.010830251674426793,-0.0022301876283242327,1660,2,0.07193771619840783,44.3756217956543,3.7926902770996094,44,78.16313171386719,heat,0.005454545454545455,0.0004554425383330803,1.0,0.0007471214839792596,0.1
255.27133291032152,1.3923890886017538,-0.017273211754555987,-0.003524115123916077,1670,2,0.07181900577834939,44.35697555541992,3.7922699451446533,44,78.16313171386719,heat,0.005454545454545455,0.0004554425383330803,1.0,0.0007263382731852386,0.1
255.92388523609415,1.39594846492415,-0.023786657254633466,-0.005096388059300734,1680,2,0.07163588235002184,44.33274841308594,3.7917237281799316,44,78.16313171386719,heat,0.005454545454545455,0.0003036283588887202,1.0,0.0007026853524745804,0.1
255.95928317899444,1.396141544612697,-0.027291120412820027,-0.005430094105527116,1690,2,0.07162597545060588,44.340267181396484,3.791893243789673,44,78.16313171386719,heat,0.005454545454545455,0.0003036283588887202,1.0,0.0006811032488362628,0.1
256.34442705817025,1.3982423294082016,-0.030223307568698732,-0.005697595430699379,1700,2,0.07151836122878961,44.31818771362305,3.7913951873779297,44,78.16313171386719,heat,0.005454545454545455,0.0004554425383330803,1.0,0.0006621683666233071,0.1
255.8962395204257,1.395797670111413,-0.02876541813290216,-0.005724873029224901,1710,2,0.07164362152289448,44.3293571472168,3.79164719581604,44,78.16313171386719,heat,0.005454545454545455,0.0003036283588887202,1.0,0.0006416881896560704,0.1
255.35724157700218,1.392857681329103,-0.02286889967378511,-0.0050064981601849745,1720,2,0.07179484403932587,44.33672332763672,3.791813373565674,44,78.16313171386719,heat,0.005454545454545455,0.0003036283588887202,1.0,0.0006270261968929561,0.1
255.3196336124257,1.3926525469768676,-0.015393707682455961,-0.003709057397656731,1730,2,0.07180541924622713,44.33818435668945,3.79184627532959,44,78.16313171386719,heat,0.005454545454545455,0.0003036283588887202,1.0,0.0006091336288270267,0.1
255.05218231153847,1.391193721699301,-0.00644283063687813,-0.0029242942186853567,1740,2,0.0718807154174424,44.31986999511719,3.791433095932007,44,78.16313171386719,heat,0.005454545454545455,0.0003036283588887202,1.0,0.0005929247777058243,0.1
254.84793053980744,1.3900796211262225,0.0029608697089674495,-0.0015009409310808776,1750,2,0.07193832531620127,44.33485794067383,3.791771173477173,44,78.16313171386719,heat,0.005454545454545455,0.0003036283588887202,1.0,0.0005762756176007097,0.1
255.16305644146337,1.3917984896807094,0.007233454679519768,-0.00012948801147429905,1760,2,0.07184948161780293,44.35343933105469,3.7921903133392334,44,78.16313171386719,heat,0.005454545454545455,0.0003036283588887202,1.0,0.000560545882605832,0.1
255.60240013441665,1.3941949098240909,0.008050892770258266,0.0005489684881247751,1770,2,0.071725982712573,44.34058380126953,3.791900396347046,44,78.16313171386719,heat,0.005454545454545455,0.0003036283588887202,1.0,0.0005415704236303151,0.1
255.5157090449399,1.393722049336036,0.006360749579125778,0.000545589301501427,1780,2,0.07175031782530787,44.3363151550293,3.791804075241089,44,78.16313171386719,heat,0.005454545454545455,0.0004554425383330803,1.0,0.000524939013974085,0.1
255.50823487292192,1.3936812811250288,0.004179283998685932,0.0006282813197324735,1790,2,0.07175241667827846,44.33173370361328,3.791700839996338,44,78.16313171386719,heat,0.005454545454545455,0.0006072567177774404,1.0,0.0005116282938666045,0.1
255.70075318994077,1.3947313810360407,-0.0009803236451398837,-0.0005750771302287709,1800,2,0.07169839394143233,44.29983139038086,3.790980815887451,44,78.16313171386719,heat,0.005454545454545455,0.0006072567177774404,1.0,0.0004962763347178512,0.1
255.72099284272693,1.394841779142147,-0.004645312503596354,-0.0015343995498724452,1810,2,0.07169271919966566,44.29294204711914,3.790825366973877,44,78.16313171386719,heat,0.005454545454545455,0.0006072567177774404,1.0,0.00047810821344153223,0.1
256.084763508526,1.3968259827737783,-0.007315258042328463,-0.0024522362398417333,1820,2,0.07159087905955384,44.27771759033203,3.7904815673828125,44,78.16313171386719,heat,0.005454545454545455,0.0004554425383330803,1.0,0.0004673292031208044,0.1
255.70845517372535,1.3947733918566838,-0.007681997666306223,-0.003252618775190047,1830,2,0.07169623437315704,44.268028259277344,3.7902626991271973,44,78.16313171386719,heat,0.005454545454545455,0.0004554425383330803,1.0,0.0004487284898515698,0.1
255.84768933491802,1.3955328509177347,-0.006985486306066063,-0.004146319020134672,1840,2,0.07165721676436186,44.27065658569336,3.7903220653533936,44,78.16313171386719,heat,0.005454545454545455,0.0006072567177774404,1.0,0.00043709524594888244,0.1
256.06460550323067,1.396716030017622,-0.005460798557698076,-0.0047103633740630015,1850,2,0.07159651486117642,44.256072998046875,3.789992570877075,44,78.16313171386719,heat,0.005454545454545455,0.0006072567177774404,1.0,0.00042473611020988673,0.1
255.69550651812332,1.3947027628261273,-0.0029381697121536386,-0.004013522189489657,1860,2,0.07169986513640159,44.27153396606445,3.790341854095459,44,78.16313171386719,heat,0.005454545454545455,0.0006072567177774404,1.0,0.00041478795201889244,0.1
255.6781739107932,1.3946082213315993,-0.0019969815331764788,-0.0037018832095601197,1870,2,0.07170472572183609,44.25213623046875,3.7899036407470703,44,78.16313171386719,heat,0.005454545454545455,0.0004554425383330803,1.0,0.00039858409355564175,0.1
255.42169760600913,1.3932092596691408,0.0004283815250878948,-0.0028271726456986306,1880,2,0.07177672650822604,44.262508392333984,3.7901382446289062,44,78.16313171386719,heat,0.005454545454545455,0.0004554425383330803,1.0,0.00038947365123367375,0.1
255.42915108004522,1.393249914982065,0.002776619869253525,-0.0015409698813574214,1890,2,0.07177463204890078,44.26994705200195,3.7903060913085938,44,78.16313171386719,heat,0.005454545454545455,0.0004554425383330803,1.0,0.0003762618626983048,0.1
255.42954161994606,1.393252045199706,0.004134609708486355,-0.0010320193463598357,1900,2,0.07177452230882332,44.26082992553711,3.79010009765625,44,78.16313171386719,heat,0.005454545454545455,0.0003036283588887202,1.0,0.00036328302757483846,0.1
254.8848825294434,1.3902811774333277,0.007281582750196954,-0.00020408380716188017,1910,2,0.0719278960423066,44.27468490600586,3.7904131412506104,44,78.16313171386719,heat,0.005454545454545455,0.0003036283588887202,1.0,0.00035441122306982737,0.1
255.00487890062632,1.3909357030943255,0.007513259710314972,0.0006028083017250568,1920,2,0.07189404929180869,44.288326263427734,3.7907211780548096,44,78.16313171386719,heat,0.005454545454545455,0.0003036283588887202,1.0,0.0003469302969340177,0.1
255.0680681564016,1.3912803717621907,0.008349827311751889,0.0011169733670828258,1930,2,0.07187623862855218,44.28956604003906,3.7907490730285645,44,78.16313171386719,heat,0.005454545454545455,0.0003036283588887202,1.0,0.00033563674865013304,0.1
255.04873858509515,1.3911749377368827,0.00803970988704235,0.001725970529493833,1940,2,0.07188168596731385,44.29534912109375,3.790879726409912,44,78.16313171386719,heat,0.005454545454545455,0.0003036283588887202,1.0,0.00032312022690403173,0.1
255.165660422461,1.3918126932134238,0.005548472219560979,0.0016956095282305368,1950,2,0.07184874838949738,44.29032516479492,3.7907662391662598,44,78.16313171386719,heat,0.005454545454545455,0.0003036283588887202,1.0,0.0003139175454471102,0.1
254.88854776243014,1.3903011696132554,0.005113140130614337,0.0019336061471857285,1960,2,0.07192686173731504,44.29093551635742,3.7907800674438477,44,78.16313171386719,heat,0.005454545454545455,0.0003036283588887202,1.0,0.0003046011767760355,0.1
254.80525235546946,1.3898468310298335,0.004390571422342086,0.0015733926402970047,1970,2,0.07195037450702614,44.29246139526367,3.7908143997192383,44,78.16313171386719,heat,0.005454545454545455,0.0003036283588887202,1.0,0.00029654271175347604,0.1
255.00263280587689,1.3909234516684195,0.0033626238155914363,0.0013451344837365898,1980,2,0.07189468254349261,44.29458999633789,3.790862560272217,44,78.16313171386719,heat,0.005454545454545455,0.0003036283588887202,1.0,0.0002862203232889558,0.1
255.2096098514778,1.3920524173716973,0.0011209748861273645,0.000907429838074501,1990,2,0.07183637537788107,44.2833366394043,3.7906084060668945,44,78.16313171386719,heat,0.005454545454545455,0.0003036283588887202,1.0,0.000277480958538687,0.1
255.65444648794437,1.3944787990251513,-0.003061589300680423,-0.0007195076321149064,2000,2,0.07171138067492153,44.244834899902344,3.789738655090332,44,78.16313171386719,heat,0.005454545454545455,0.0003036283588887202,1.0,0.00027096753741230373,0.1
256.41807207488654,1.3986440294993814,-0.007436591862072498,-0.002741102385874122,2010,2,0.07149782066834628,44.20702362060547,3.788883686065674,44,78.16313171386719,heat,0.005454545454545455,0.0003036283588887202,1.0,0.00026382343877571574,0.1
256.14173475697464,1.3971367350380435,-0.0099547428799097,-0.003931579699232092,2020,2,0.0715749557592708,44.21200942993164,3.788996458053589,44,78.16313171386719,heat,0.005454545454545455,0.0003036283588887202,1.0,0.0002563817989126357,0.1
256.0635324946335,1.3967101772434554,-0.011485430561292066,-0.0046329037154384314,2030,2,0.0715968148792041,44.21516036987305,3.7890677452087402,44,78.16313171386719,heat,0.005454545454545455,0.0003036283588887202,1.0,0.0002479680109581653,0.1
255.98504224917681,1.3962820486318737,-0.011748668161948611,-0.004970285107207103,2040,2,0.07161876792585246,44.207698822021484,3.7888989448547363,44,78.16313171386719,heat,0.005454545454545455,0.0003036283588887202,1.0,0.00023949576849650861,0.1
255.69801604828658,1.3947164511724723,-0.010627283595217028,-0.005326333065776514,2050,2,0.07169916144312682,44.19357681274414,3.7885794639587402,44,78.16313171386719,heat,0.005454545454545455,0.0003036283588887202,1.0,0.00023353236198473478,0.1
255.53717769693708,1.3938391510742023,-0.007090009942946675,-0.005311147446194181,2060,2,0.07174428980770997,44.18769836425781,3.7884464263916016,44,78.16313171386719,heat,0.005454545454545455,0.0003036283588887202,1.0,0.00022763552093511404,0.1
256.15481250506286,1.3972080682094339,-0.0050166337409429575,-0.00512511702308148,2070,2,0.07157130156580985,44.17049789428711,3.7880570888519287,44,78.16313171386719,heat,0.005454545454545455,0.0003036283588887202,1.0,0.00022099076835095386,0.1
256.5913817113962,1.3995893547894338,-0.00440910552397686,-0.004726055046125161,2080,2,0.07144952886201743,44.15020751953125,3.78759765625,44,78.16313171386719,heat,0.005454545454545455,0.0001518141794443601,1.0,0.00021493672118725192,0.1
256.3751864053599,1.3984101076655997,-0.0025604825456279267,-0.003874228496527963,2090,2,0.07150978060858874,44.151756286621094,3.787632703781128,44,78.16313171386719,heat,0.005454545454545455,0.0001518141794443601,1.0,0.00020836206506530164,0.1
256.4433730990638,1.3987820350858027,-0.002103478223470059,-0.002938175372655566,2100,2,0.07149076660386613,44.17323684692383,3.788119077682495,44,78.16313171386719,heat,0.005454545454545455,0.0001518141794443601,1.0,0.00020184166179385766,0.1
256.45660359024714,1.398854201401348,-0.004662935173575434,-0.002360905275650475,2110,2,0.07148707842448607,44.187740325927734,3.788447380065918,44,78.16313171386719,heat,0.005454545454545455,0.0001518141794443601,1.0,0.00019763639766206764,0.1
256.18726002926445,1.397385054705079,-0.004813688614947633,-0.0015692577236865925,2120,2,0.07156223666719064,44.1868782043457,3.7884278297424316,44,78.16313171386719,heat,0.005454545454545455,0.0001518141794443601,1.0,0.00019134608522112978,0.1
256.3345910520691,1.3981886784658315,-0.005134219047883242,-0.0006448775138032518,2130,2,0.0715211055132598,44.18330764770508,3.788347005844116,44,78.16313171386719,heat,0.005454545454545455,0.0001518141794443601,1.0,0.000185274037802384,0.1
256.55832330170796,1.3994090361911344,-0.005718629789362169,6.888025885160895e-05,2140,2,0.07145873537602467,44.1760368347168,3.788182497024536,44,78.16313171386719,heat,0.005454545454545455,0.0001518141794443601,1.0,0.0001804505643156119,0.1
256.92611112906906,1.401415151613104,-0.0058657380649250095,0.00023938537215441647,2150,2,0.07135644272498028,44.162254333496094,3.787870407104492,44,78.16313171386719,heat,0.005454545454545455,0.0003036283588887202,1.0,0.00017360552513127398,0.1
256.9461768082466,1.4015246007722544,-0.004242781886126751,0.0003413248223368313,2160,2,0.07135087029146615,44.15945053100586,3.787806987762451,44,78.16313171386719,heat,0.005454545454545455,0.0003036283588887202,1.0,0.00016886936071227172,0.1
256.67475131968814,1.4000440981073898,-0.0032963529727972852,0.000781916759892095,2170,2,0.07142632159599986,44.18917465209961,3.788479804992676,44,78.16313171386719,heat,0.005454545454545455,0.0001518141794443601,1.0,0.00016388878138659326,0.1
256.2196206702358,1.3975615672921955,-0.0022068245769157817,0.000807055390227142,2180,2,0.07155319832796496,44.199764251708984,3.788719415664673,44,78.16313171386719,heat,0.005454545454545455,0.0003036283588887202,1.0,0.00015952837596570546,0.1
256.01553647420803,1.3964483807684076,0.0003809238205341396,0.0006848731520432602,2190,2,0.07161023735440486,44.20236587524414,3.788778305053711,44,78.16313171386719,heat,0.005454545454545455,0.0003036283588887202,1.0,0.00015554244913940313,0.1
256.2732385370438,1.3978540283838754,0.0013264082270680183,0.000795068606769852,2200,2,0.07153822786175656,44.19762420654297,3.7886710166931152,44,78.16313171386719,heat,0.005454545454545455,0.0003036283588887202,1.0,0.00015038997509335593,0.1
256.36734108966954,1.3983673150345612,0.0016946268183713768,0.0012172657779643398,2210,2,0.07151196894038421,44.19911193847656,3.7887046337127686,44,78.16313171386719,heat,0.005454545454545455,0.0003036283588887202,1.0,0.00014628996196327352,0.1
256.78904392776,1.4006675123332366,0.0016300145238657838,0.0010058040263594106,2220,2,0.07139453090720986,44.174659729003906,3.788151264190674,44,78.16313171386719,heat,0.005454545454545455,0.0003036283588887202,1.0,0.00014103173412673682,0.1
256.45378543345805,1.398838829637044,0.0026842565256551673,0.0011369947568508703,2230,2,0.07148786399212764,44.19149398803711,3.788532257080078,44,78.16313171386719,heat,0.005454545454545455,0.0003036283588887202,1.0,0.00013780215751227259,0.1
256.483845283482,1.3990027924553565,0.0026607338030463527,0.0006093708916976661,2240,2,0.07147948563025552,44.173057556152344,3.7881150245666504,44,78.16313171386719,heat,0.005454545454545455,0.0003036283588887202,1.0,0.00013381957975099052,0.1
256.7034155559873,1.4002004484872035,-3.208164867900186e-05,-0.00010932921566274615,2250,2,0.07141834592899997,44.18082046508789,3.7882907390594482,44,78.16313171386719,heat,0.005454545454545455,0.0003036283588887202,1.0,0.00013037368939106348,0.1
256.99052351469703,1.4017664918983475,-0.004136968975194106,-0.0015016225200069535,2260,2,0.07133855786820431,44.15864181518555,3.7877886295318604,44,78.16313171386719,heat,0.005454545454545455,0.0003036283588887202,1.0,0.00012626836315149866,0.1
256.8482883859485,1.4009906639233556,-0.006353492725703188,-0.0025505250402251827,2270,2,0.07137806309141168,44.13734817504883,3.787306308746338,44,78.16313171386719,heat,0.005454545454545455,0.0003036283588887202,1.0,0.00012233430148590117,0.1
257.01907011415665,1.4019222006226728,-0.006918592477756884,-0.0033408382576233537,2280,2,0.07133063443576566,44.12431335449219,3.787010908126831,44,78.16313171386719,heat,0.005454545454545455,0.0003036283588887202,1.0,0.00011858590019869795,0.1
256.82849973423737,1.4008827258231131,-0.005062983897737808,-0.003668884761642039,2290,2,0.07138356277556586,44.12472915649414,3.787020444869995,44,78.16313171386719,heat,0.005454545454545455,0.0004554425383330803,1.0,0.00011450430754501859,0.1
256.75417376125336,1.4004773114250184,-0.003449308553259875,-0.004001000999702524,2300,2,0.07140422710472022,44.11314010620117,3.786757707595825,44,78.16313171386719,heat,0.005454545454545455,0.0003036283588887202,1.0,0.0001112966221315581,0.1
256.8033232963354,1.4007453997981931,-0.0020613218752772626,-0.0039244612554651045,2310,2,0.07139056106442121,44.11054229736328,3.786698818206787,44,78.16313171386719,heat,0.005454545454545455,0.0003036283588887202,1.0,0.00010729427963620993,0.1
256.73853021497257,1.4003919829907596,-0.002052437668191063,-0.003924124887561552,2320,2,0.0714085778943365,44.117347717285156,3.786853075027466,44,78.16313171386719,heat,0.005454545454545455,0.0003036283588887202,1.0,0.0001049243312286646,0.1
256.6364131124042,1.399834980613114,-9.236508769686928e-05,-0.0031420120203806143,2330,2,0.07143699177756008,44.11854934692383,3.7868802547454834,44,78.16313171386719,heat,0.005454545454545455,0.0003036283588887202,1.0,0.00010101729385677063,0.1
256.7620192693139,1.4005201051053486,0.0013932840992957787,-0.0027718591250326247,2340,2,0.07140204530835914,44.10673522949219,3.7866125106811523,44,78.16313171386719,heat,0.005454545454545455,0.0003036283588887202,1.0,9.81110864991575e-05,0.1
256.74157751604224,1.4004086046329578,0.002152885110565767,-0.0022754007252459786,2350,2,0.0714077303361112,44.08808517456055,3.786189556121826,44,78.16313171386719,heat,0.005454545454545455,0.0003036283588887202,1.0,9.463172621854557e-05,0.1
257.0818901262096,1.4022648552338708,0.0002565599743210696,-0.002491947784662352,2360,2,0.07131320422583216,44.06315994262695,3.7856240272521973,44,78.16313171386719,heat,0.005454545454545455,0.0003036283588887202,1.0,9.253665212968208e-05,0.1
256.55110369263934,1.3993696565053058,0.001179947996526739,-0.002875174954655691,2370,2,0.07146074629753904,44.06057357788086,3.7855653762817383,44,78.16313171386719,heat,0.005454545454545455,0.0003036283588887202,1.0,9.034845907706272e-05,0.1
256.4968475778989,1.3990737140612668,0.0012468169865955797,-0.0035861701769961973,2380,2,0.07147586220437054,44.04505157470703,3.785212993621826,44,78.16313171386719,heat,0.005454545454545455,0.0003036283588887202,1.0,8.805310244110633e-05,0.1
256.71389647578116,1.4002576171406245,0.0009227689316723301,-0.003958533456908374,2390,2,0.0714154301150695,44.041812896728516,3.785139560699463,44,78.16313171386719,heat,0.005454545454545455,0.0003036283588887202,1.0,8.587366494895166e-05,0.1
256.6741206400651,1.4000406580367188,0.0010069696752800317,-0.004098722096035772,2400,2,0.07142649709918446,44.0477409362793,3.785274028778076,44,78.16313171386719,heat,0.005454545454545455,0.0003036283588887202,1.0,8.374114254272386e-05,0.1
256.5605284643361,1.3994210643509242,0.0012303842845490056,-0.0037006468072807146,2410,2,0.07145812118126273,44.0600700378418,3.7855539321899414,44,78.16313171386719,heat,0.005454545454545455,0.0003036283588887202,1.0,8.166741500483215e-05,0.1
257.67543009716525,1.405502345984538,-0.0027865190366020806,-0.0038653618969811563,2420,2,0.07114893851703334,44.015960693359375,3.7845523357391357,44,78.16313171386719,heat,0.005454545454545455,0.0003036283588887202,1.0,7.884940756859441e-05,0.1
258.628402224119,1.4107003757679217,-0.009228443292756742,-0.004040647541868867,2430,2,0.07088677490821856,43.991432189941406,3.7839949131011963,44,78.16313171386719,heat,0.005454545454545455,0.0004554425383330803,1.0,7.6604221316035e-05,0.1
258.9188443697105,1.4122846056529663,-0.01567707162361821,-0.0045472740082852904,2440,2,0.07080725768710426,43.96308135986328,3.7833504676818848,44,78.16313171386719,heat,0.005454545454545455,0.0004554425383330803,1.0,7.446209337207714e-05,0.1
258.9852624889722,1.4126468863034847,-0.020412208070800464,-0.004445087833216614,2450,2,0.07078909879713323,43.980525970458984,3.7837469577789307,44,78.16313171386719,heat,0.005454545454545455,0.0003036283588887202,1.0,7.240424836272259e-05,0.1
259.6099822320235,1.4160544485383102,-0.027305448595470155,-0.005109657603788854,2460,2,0.07061875346899459,43.953582763671875,3.7831342220306396,44,78.16313171386719,heat,0.005454545454545455,0.0004554425383330803,1.0,7.011039522528473e-05,0.1
260.006221012571,1.4182157509776603,-0.030981776229674983,-0.005359569887346221,2470,2,0.07051113339494648,43.95051574707031,3.783064365386963,44,78.16313171386719,heat,0.005454545454545455,0.0004554425383330803,1.0,6.818194617100639e-05,0.1
259.71478456603836,1.4166260976329366,-0.03020558630739868,-0.005136735712159489,2480,2,0.07059025678482955,43.96571350097656,3.78341007232666,44,78.16313171386719,heat,0.005454545454545455,0.0003036283588887202,1.0,6.601360988223028e-05,0.1
259.7732603927165,1.4169450566875448,-0.027953922421661934,-0.004175239024303323,2490,2,0.0705743666827664,43.984519958496094,3.7838377952575684,44,78.16313171386719,heat,0.005454545454545455,0.0003036283588887202,1.0,6.408681559007124e-05,0.1
259.7865917733058,1.417017773308941,-0.022907976806695717,-0.0024966584037526573,2500,2,0.07057074504188156,43.996150970458984,3.784102201461792,44,78.16313171386719,heat,0.005454545454545455,0.0003036283588887202,1.0,6.18663053223411e-05,0.1
259.84597946942614,1.41734170619687,-0.01485013743749569,7.312917666630777e-05,2510,2,0.07055461612593647,44.00887680053711,3.784391403198242,44,78.16313171386719,heat,0.005454545454545455,0.0003036283588887202,1.0,6.0598260504951e-05,0.1
259.6121882587095,1.416066481411143,-0.008389234601819768,0.002030522047522629,2520,2,0.07061815339372181,44.0245246887207,3.7847468852996826,44,78.16313171386719,heat,0.005454545454545455,0.0003036283588887202,1.0,5.900615552671054e-05,0.1
259.75248664415125,1.4168317453317343,-0.005351815818810069,0.0032668539307722792,2530,2,0.07058001087954603,44.024662017822266,3.784749984741211,44,78.16313171386719,heat,0.005454545454545455,0.0003036283588887202,1.0,5.710096376155015e-05,0.1
260.269878843597,1.4196538846014382,-0.004718284686081437,0.003430765664700912,2540,2,0.07043970441293483,44.019466400146484,3.7846319675445557,44,78.16313171386719,heat,0.005454545454545455,0.0004554425383330803,1.0,5.545604636872545e-05,0.1
260.07753736442214,1.4186047492604845,-0.0024882276349402323,0.0038980204801973024,2550,2,0.07049179840412192,44.02406311035156,3.784736394882202,44,78.16313171386719,heat,0.005454545454545455,0.0003036283588887202,1.0,5.387245540565799e-05,0.1
259.59087302284263,1.4159502164882325,-0.0004024737388663919,0.004054159591159134,2560,2,0.07062395191267028,44.05307388305664,3.7853951454162598,44,78.16313171386719,heat,0.005454545454545455,0.0003036283588887202,1.0,5.255439007361231e-05,0.1
259.9184962852913,1.4177372524652254,-0.001462540455330706,0.0035496217342897945,2570,2,0.07053493150872314,44.04970169067383,3.7853188514709473,44,78.16313171386719,heat,0.005454545454545455,0.0003036283588887202,1.0,5.083254774009167e-05,0.1
259.8085279257081,1.4171374250493172,-0.0008024270801055783,0.003183102129852962,2580,2,0.07056478661306961,44.05929183959961,3.785536289215088,44,78.16313171386719,heat,0.005454545454545455,0.0003036283588887202,1.0,4.950932638654004e-05,0.1
259.40003137836135,1.4149092620637893,0.0012348822400405014,0.003023482305173581,2590,2,0.07067591023762175,44.06620407104492,3.7856931686401367,44,78.16313171386719,heat,0.005454545454545455,0.0003036283588887202,1.0,4.8058021447182686e-05,0.1
259.57611275378844,1.4158697059297554,0.002212180693656125,0.002581018907345927,2600,2,0.0706279678004222,44.05763244628906,3.78549861907959,44,78.16313171386719,heat,0.005454545454545455,0.0003036283588887202,1.0,4.679541685711279e-05,0.1
259.832727470723,1.4172694225675802,0.0017435913694257969,0.0019105757291859016,2610,2,0.07055821455516632,44.04570007324219,3.7852277755737305,44,78.16313171386719,heat,0.005454545454545455,0.0003036283588887202,1.0,4.532725439284988e-05,0.1
259.35239720150605,1.4146494392809423,0.004206332844534473,0.0015181294179058371,2620,2,0.0706888909883069,44.047035217285156,3.7852580547332764,44,78.16313171386719,heat,0.005454545454545455,0.0003036283588887202,1.0,4.381748449388518e-05,0.1
259.04668399971627,1.4129819127257253,0.00696236257237193,0.0010476477611062371,2630,2,0.0707723142804384,44.048431396484375,3.785289764404297,44,78.16313171386719,heat,0.005454545454545455,0.0004554425383330803,1.0,4.238670703171687e-05,0.1
259.2411407933898,1.4140425861457626,0.005950827591980027,0.00013623034008761366,2640,2,0.07071922796368439,44.0406379699707,3.7851128578186035,44,78.16313171386719,heat,0.005454545454545455,0.0004554425383330803,1.0,4.122934536038965e-05,0.1
259.3090864734928,1.4144131989463247,0.004695246143933943,-0.0009454580836295433,2650,2,0.070700697698873,44.03224182128906,3.7849221229553223,44,78.16313171386719,heat,0.005454545454545455,0.0003036283588887202,1.0,4.01078145316565e-05,0.1
259.2581746562593,1.414135498125051,0.005261420662412827,-0.0011677752475306848,2660,2,0.07071458154652524,44.03643798828125,3.785017490386963,44,78.16313171386719,heat,0.005454545454545455,0.0003036283588887202,1.0,3.892287113854772e-05,0.1
259.152572073309,1.413559484036231,0.004410788035081396,-0.0014150945938745047,2670,2,0.07074339716816395,44.0357666015625,3.7850022315979004,44,78.16313171386719,heat,0.005454545454545455,0.0003036283588887202,1.0,3.795931384405174e-05,0.1
258.9647766323024,1.4125351452671042,0.004145430342955972,-0.00153976236517402,2680,2,0.07079469869126014,44.026363372802734,3.7847886085510254,44,78.16313171386719,heat,0.005454545454545455,0.0003036283588887202,1.0,3.7058266361479493e-05,0.1
259.4169892833507,1.4150017597273676,0.003342694837182753,-0.0016346076682055082,2690,2,0.07067129020338977,44.01192092895508,3.7844605445861816,44,78.16313171386719,heat,0.005454545454545455,0.0003036283588887202,1.0,3.601397867669704e-05,0.1
259.492770381138,1.4154151111698436,0.001426490156293243,-0.0018994904221554306,2700,2,0.07065065167867947,44.002845764160156,3.784254312515259,44,78.16313171386719,heat,0.005454545454545455,0.0004554425383330803,1.0,3.494599919250858e-05,0.1
259.8618176442745,1.4174280962414973,-0.0031934401861783246,-0.003221218249721565,2710,2,0.07055031593148432,43.95887756347656,3.783254623413086,44,78.16313171386719,heat,0.005454545454545455,0.0004554425383330803,1.0,3.3876877633069624e-05,0.1
259.85233574588113,1.4173763767957155,-0.005489975608735564,-0.004258747181809938,2720,2,0.0705528902817412,43.95039749145508,3.7830617427825928,44,78.16313171386719,heat,0.005454545454545455,0.0004554425383330803,1.0,3.287326297161307e-05,0.1
259.4351598434421,1.4151008718733205,-0.004298152648580013,-0.0042188277901133,2730,2,0.07066634046208968,43.97444152832031,3.7836086750030518,44,78.16313171386719,heat,0.005454545454545455,0.0004554425383330803,1.0,3.205395886434185e-05,0.1
259.53348388434995,1.415637184823727,-0.004080449779384534,-0.004092842018397487,2740,2,0.07063956857876112,43.9714241027832,3.7835400104522705,44,78.16313171386719,heat,0.005454545454545455,0.0006072567177774404,1.0,3.136339528810957e-05,0.1
260.3497004729348,1.420089275306917,-0.007088436267583226,-0.0044407824287055345,2750,2,0.07041810802943181,43.9455680847168,3.782951831817627,44,78.16313171386719,heat,0.005454545454545455,0.0004554425383330803,1.0,3.0377481072021663e-05,0.1
260.44540790274107,1.4206113158331333,-0.009321730979151944,-0.0045172413620108735,2760,2,0.07039223106663338,43.93305969238281,3.7826671600341797,44,78.16313171386719,heat,0.005454545454545455,0.0003036283588887202,1.0,2.957370978580675e-05,0.1
260.07776903907484,1.4186060129404083,-0.008608718862532375,-0.003966074875138743,2770,2,0.07049173561073911,43.93840408325195,3.7827887535095215,44,78.16313171386719,heat,0.005454545454545455,0.0003036283588887202,1.0,2.874527385798562e-05,0.1
260.29935948274357,1.4198146880876923,-0.00708334103012577,-0.0031351376618925504,2780,2,0.07043172664644506,43.94057083129883,3.7828381061553955,44,78.16313171386719,heat,0.005454545454545455,0.0004554425383330803,1.0,2.7652992902256032e-05,0.1
260.6020272430175,1.421465603143732,-0.007717323363031717,-0.002763834735647705,2790,2,0.07034992600513068,43.919029235839844,3.7823476791381836,44,78.16313171386719,heat,0.005454545454545455,0.0006072567177774404,1.0,2.6798066240213506e-05,0.1
260.69808441419127,1.4219895513501344,-0.008057933340265978,-0.0023379892637897214,2800,2,0.0703240047755999,43.91182327270508,3.7821836471557617,44,78.16313171386719,heat,0.005454545454545455,0.0004554425383330803,1.0,2.6257078393392495e-05,0.1
260.9251592828358,1.423228141542741,-0.009986283522220678,-0.002679204207615142,2810,2,0.07026280403056301,43.9116325378418,3.782179355621338,44,78.16313171386719,heat,0.005454545454545455,0.0003036283588887202,1.0,2.5499390842754663e-05,0.1
260.82226551968216,1.42266690283463,-0.010554850413475106,-0.0024033416114242184,2820,2,0.07029052253957155,43.93852996826172,3.7827916145324707,44,78.16313171386719,heat,0.005454545454545455,0.0003036283588887202,1.0,2.4639984593795752e-05,0.1
261.1086068017407,1.424228764373131,-0.009432175924312265,-0.0017757369603680433,2830,2,0.07021343937258186,43.922061920166016,3.782416820526123,44,78.16313171386719,heat,0.005454545454545455,0.0004554425383330803,1.0,2.394810978532249e-05,0.1
261.1018893469292,1.424192123710523,-0.0073046126666856896,-0.0009017694122385898,2840,2,0.07021524577699863,43.924888610839844,3.7824811935424805,44,78.16313171386719,heat,0.005454545454545455,0.0004554425383330803,1.0,2.3168116621227577e-05,0.1
261.552275566507,1.4266487758173108,-0.00942749072954368,-0.001026071141267138,2850,2,0.07009433694898813,43.90232849121094,3.7819674015045166,44,78.16313171386719,heat,0.005454545454545455,0.0004554425383330803,1.0,2.243589814769048e-05,0.1
261.92550928544273,1.428684596102415,-0.012405157462265183,-0.0015390376459501118,2860,2,0.0699944552302232,43.89094161987305,3.781708002090454,44,78.16313171386719,heat,0.005454545454545455,0.0004554425383330803,1.0,2.176155092000252e-05,0.1
261.9727186996103,1.4289421019978745,-0.012551441419307944,-0.0021361358563931976,2870,2,0.0699818417136601,43.87138748168945,3.7812623977661133,44,78.16313171386719,heat,0.005454545454545455,0.0004554425383330803,1.0,2.1153861376328042e-05,0.1
262.64852018878105,1.4326282919388058,-0.01473534661291735,-0.002996497677960548,2880,2,0.06980177661064331,43.84235382080078,3.7806003093719482,44,78.16313171386719,heat,0.005454545454545455,0.0004554425383330803,1.0,2.0398069645802807e-05,0.1
263.2396788095306,1.4358527935065306,-0.01860115146326613,-0.004418360994116807,2890,2,0.06964502242307695,43.822265625,3.780142068862915,44,78.16313171386719,heat,0.005454545454545455,0.0003036283588887202,1.0,1.9721987527643077e-05,0.1
263.0994748868161,1.4350880448371788,-0.020095893104327092,-0.0052123418494816505,2900,2,0.06968213578236988,43.83694839477539,3.7804770469665527,44,78.16313171386719,heat,0.005454545454545455,0.0003036283588887202,1.0,1.917812381732229e-05,0.1
263.34044080149573,1.436402404371795,-0.02156179188148049,-0.005866389468504581,2910,2,0.0696183741378062,43.82680130004883,3.780245542526245,44,78.16313171386719,heat,0.005454545454545455,0.0004554425383330803,1.0,1.8835836294606545e-05,0.1
262.9309675640172,1.4341689139855482,-0.018878892625209254,-0.0048810256168438666,2920,2,0.06972679370249388,43.84677505493164,3.780701160430908,44,78.16313171386719,heat,0.005454545454545455,0.0003036283588887202,1.0,1.8352251631951715e-05,0.1
262.9784344333866,1.434427824182109,-0.015967442109829547,-0.004223213234628122,2930,2,0.06971420821191797,43.83232879638672,3.78037166595459,44,78.16313171386719,heat,0.005454545454545455,0.0003036283588887202,1.0,1.796632866249286e-05,0.1
262.99499813853805,1.4345181716647533,-0.011493260693647684,-0.002721119330141004,2940,2,0.06970981753681821,43.84583282470703,3.780679702758789,44,78.16313171386719,heat,0.005454545454545455,0.0004554425383330803,1.0,1.730980454400115e-05,0.1
263.45632681397956,1.437034509894434,-0.009294092442671459,-0.0013582670090853774,2950,2,0.06958775124151062,43.84978485107422,3.7807698249816895,44,78.16313171386719,heat,0.005454545454545455,0.0004554425383330803,1.0,1.680982777278974e-05,0.1
262.9333844412969,1.4341820969525285,-0.0052120816383167635,0.0002681587389576057,2960,2,0.06972615277550073,43.86359786987305,3.7810847759246826,44,78.16313171386719,heat,0.005454545454545455,0.0003036283588887202,1.0,1.6391039411076144e-05,0.1
262.45515526498076,1.4315735741726225,0.001305237530776895,0.0016812636616620601,2970,2,0.06985320335896461,43.87209701538086,3.781278610229492,44,78.16313171386719,heat,0.005454545454545455,0.0003036283588887202,1.0,1.5948596449643453e-05,0.1
262.7288883303385,1.4330666636200284,0.004034028645586824,0.001882852734281287,2980,2,0.06978042441332973,43.85455322265625,3.7808785438537598,44,78.16313171386719,heat,0.005454545454545455,0.0004554425383330803,1.0,1.5575937264724148e-05,0.1
262.549868647155,1.4320901926208456,0.004762469175461372,0.0014704339373380654,2990,2,0.06982800421039934,43.85491943359375,3.7808868885040283,44,78.16313171386719,heat,0.005454545454545455,0.0004554425383330803,1.0,1.5085633621975546e-05,0.1
262.9005289807729,1.4340028853496705,0.004232772229289092,0.0009572946463083604,3000,2,0.0697348666600596,43.83979797363281,3.7805421352386475,44,78.16313171386719,heat,0.005454545454545455,0.0004554425383330803,1.0,1.477346356639597e-05,0.1
263.3557475448052,1.4364858956989375,0.0006837981478594246,-0.00040227583746070653,3010,2,0.06961432778380601,43.815757751464844,3.7799935340881348,44,78.16313171386719,heat,0.005454545454545455,0.0004554425383330803,1.0,1.434305788143094e-05,0.1
262.88491457567096,1.4339177158672962,0.0008334697461970861,-0.0005717365497301625,3020,2,0.06973900865679425,43.84104537963867,3.7805705070495605,44,78.16313171386719,heat,0.005454545454545455,0.0004554425383330803,1.0,1.3975255592880622e-05,0.1
262.90070895252734,1.4340038670137856,0.0006648346536560787,-0.0012517321256894228,3030,2,0.06973481892224122,43.83506393432617,3.7804341316223145,44,78.16313171386719,heat,0.005454545454545455,0.0004554425383330803,1.0,1.3511521520978492e-05,0.1
263.22864758079675,1.4357926231679825,-0.0008934291562108912,-0.0020626505009599247,3040,2,0.0696479410650241,43.81346893310547,3.7799413204193115,44,78.16313171386719,heat,0.005454545454545455,0.0003036283588887202,1.0,1.3107179124483963e-05,0.1
263.7353630151966,1.438556525537436,-0.006330651492562814,-0.002811334385110231,3050,2,0.06951412629589972,43.80417251586914,3.779729127883911,44,78.16313171386719,heat,0.005454545454545455,0.0004554425383330803,1.0,1.282217082457822e-05,0.1
263.6648248017316,1.4381717716458087,-0.008827473593222387,-0.003328536188071285,3060,2,0.06953272340032265,43.787330627441406,3.7793445587158203,44,78.16313171386719,heat,0.005454545454545455,0.0003036283588887202,1.0,1.238538619193616e-05,0.1
263.7483203146343,1.4386272017161874,-0.008793905999421765,-0.003420023472911548,3070,2,0.06951071123965027,43.77861785888672,3.7791454792022705,44,78.16313171386719,heat,0.005454545454545455,0.0003036283588887202,1.0,1.1930522046718028e-05,0.1
263.8213119713283,1.4390253380254272,-0.009221523479620792,-0.0037083133937045724,3080,2,0.06949147965470573,43.77067184448242,3.778964042663574,44,78.16313171386719,heat,0.005454545454545455,0.0003036283588887202,1.0,1.161332422514438e-05,0.1
264.2334712123514,1.4412734793400985,-0.009460458738903096,-0.003723037137800967,3090,2,0.06938308477429697,43.76355743408203,3.778801441192627,44,78.16313171386719,heat,0.005454545454545455,0.0003036283588887202,1.0,1.1265374407570746e-05,0.1
264.0817290893942,1.4404457950330591,-0.009320698187450377,-0.0036548704086298363,3100,2,0.06942295249485937,43.76533126831055,3.778841972351074,44,78.16313171386719,heat,0.005454545454545455,0.0003036283588887202,1.0,1.0888277166318425e-05,0.1
263.8560004904629,1.4392145481297978,-0.009446496507540507,-0.0038044256559425244,3110,2,0.0694823437756004,43.76863098144531,3.7789173126220703,44,78.16313171386719,heat,0.005454545454545455,0.0004554425383330803,1.0,1.0687922272177097e-05,0.1
264.52132540795395,1.4428435931342944,-0.00950406495638582,-0.0035052682597050814,3120,2,0.06930758155343064,43.746978759765625,3.7784225940704346,44,78.16313171386719,heat,0.005454545454545455,0.0004554425383330803,1.0,1.035564432070519e-05,0.1
264.01545167407744,1.4400842818586044,-0.006300257603080257,-0.0023845372812077714,3130,2,0.0694403801636789,43.76919174194336,3.778930187225342,44,78.16313171386719,heat,0.005454545454545455,0.0004554425383330803,1.0,1.0053146555641495e-05,0.1
264.1664071641982,1.440907675441081,-0.004275390579556832,-0.0020725033067124717,3140,2,0.06940069909016806,43.74567794799805,3.778392791748047,44,78.16313171386719,heat,0.005454545454545455,0.0004554425383330803,1.0,9.85194621494938e-06,0.1
264.79414406099505,1.4443316948781548,-0.006197224258771667,-0.0023881683369882524,3150,2,0.06923617362591776,43.714534759521484,3.7776806354522705,44,78.16313171386719,heat,0.005454545454545455,0.0004554425383330803,1.0,9.560727041471833e-06,0.1
264.7209760337349,1.4439325965476453,-0.00661025677823887,-0.002813480093698854,3160,2,0.06925531028186073,43.71035385131836,3.777585029602051,44,78.16313171386719,heat,0.005454545454545455,0.0004554425383330803,1.0,9.224435712259224e-06,0.1
265.2572718679654,1.4468578465525388,-0.00856243395765818,-0.0035644033101467397,3170,2,0.06911529023965436,43.689727783203125,3.7771129608154297,44,78.16313171386719,heat,0.005454545454545455,0.0004554425383330803,1.0,8.905674728412201e-06,0.1
265.2727290998939,1.4469421587266942,-0.009628764315644224,-0.004135011542441538,3180,2,0.06911126294640539,43.68751525878906,3.77706241607666,44,78.16313171386719,heat,0.005454545454545455,0.0004554425383330803,1.0,8.670088741231167e-06,0.1
265.52565630044927,1.4483217616388142,-0.012353303638927766,-0.0048064681566813445,3190,2,0.0690454308211508,43.67338562011719,3.7767388820648193,44,78.16313171386719,heat,0.005454545454545455,0.0004554425383330803,1.0,8.417732389160924e-06,0.1
265.33143312352064,1.4472623624919307,-0.012535020845807758,-0.004746969381005334,3200,2,0.0690959722242881,43.68299865722656,3.77695894241333,44,78.16313171386719,heat,0.005454545454545455,0.0003036283588887202,1.0,8.118867459199347e-06,0.1
265.5384522241137,1.4483915575860749,-0.011412119140381398,-0.004569236961102244,3210,2,0.06904210361917773,43.665958404541016,3.776569128036499,44,78.16313171386719,heat,0.005454545454545455,0.0004554425383330803,1.0,7.941153009215159e-06,0.1
265.83491620153916,1.4500086338265774,-0.013086010643515628,-0.005104519629223666,3220,2,0.06896510659808948,43.63853073120117,3.775940418243408,44,78.16313171386719,heat,0.005454545454545455,0.0004554425383330803,1.0,7.747302288762326e-06,0.1
265.70714086315013,1.4493116774353645,-0.010804040063261583,-0.004201558844176978,3230,2,0.06899827108062458,43.649871826171875,3.776200294494629,44,78.16313171386719,heat,0.005454545454545455,0.0003036283588887202,1.0,7.522107873813653e-06,0.1
266.7416071171238,1.4549542206388573,-0.011731018210374962,-0.004402091761993782,3240,2,0.06873068484319109,43.60418701171875,3.775153160095215,44,78.16313171386719,heat,0.005454545454545455,0.0003036283588887202,1.0,7.3195547670743145e-06,0.1
266.6515297565627,1.454462889581251,-0.01303312934046966,-0.004383666336892004,3250,2,0.0687539027061671,43.620094299316406,3.7755179405212402,44,78.16313171386719,heat,0.005454545454545455,0.0004554425383330803,1.0,7.145262402094658e-06,0.1
266.263076838978,1.4523440554853349,-0.010965343211428922,-0.0037304896906557566,3260,2,0.06885420821761319,43.63193130493164,3.775789260864258,44,78.16313171386719,heat,0.005454545454545455,0.0003036283588887202,1.0,6.979165199624392e-06,0.1
266.31652603602254,1.4526355965601232,-0.010310259245525836,-0.0035636083262039447,3270,2,0.068840389314982,43.618595123291016,3.7754836082458496,44,78.16313171386719,heat,0.005454545454545455,0.0001518141794443601,1.0,6.757814314764295e-06,0.1
266.64139714898863,1.4544076208126655,-0.010067722963403983,-0.0033843275438235,3280,2,0.06875651541493158,43.60602569580078,3.775195360183716,44,78.16313171386719,heat,0.005454545454545455,0.0001518141794443601,1.0,6.532872679719568e-06,0.1
267.01457438828527,1.4564431330270107,-0.011249611115527188,-0.0035635114721510206,3290,2,0.0686604219089311,43.589569091796875,3.774817943572998,44,78.16313171386719,heat,0.005454545454545455,0.0001518141794443601,1.0,6.321153299920177e-06,0.1
266.8017763985309,1.4552824167192593,-0.009466487357374577,-0.002671557074039065,3300,2,0.06871518466184502,43.60578536987305,3.7751898765563965,44,78.16313171386719,heat,0.005454545454545455,0.0001518141794443601,1.0,6.157167532586572e-06,0.1
267.1606624877205,1.4572399772057483,-0.008774147153383755,-0.002313295562753804,3310,2,0.06862287719538795,43.58628463745117,3.774742603302002,44,78.16313171386719,heat,0.005454545454545455,0.0001518141794443601,1.0,6.00817812140732e-06,0.1
266.86509811214387,1.4556278078844214,-0.00696760012083315,-0.0018579795389843876,3320,2,0.06869887993232136,43.60624313354492,3.775200366973877,44,78.16313171386719,heat,0.005454545454545455,0.0001518141794443601,1.0,5.903459055498504e-06,0.1
266.52756319674984,1.4537867083459084,-0.0024500402621511885,-0.0010658903650735858,3330,2,0.0687858813304038,43.599945068359375,3.7750558853149414,44,78.16313171386719,heat,0.005454545454545455,0.0001518141794443601,1.0,5.777238217973954e-06,0.1
266.6807878973824,1.4546224794402678,-0.0025857940022872873,-0.0012539141315053156,3340,2,0.06874635956298404,43.6019401550293,3.775101661682129,44,78.16313171386719,heat,0.005454545454545455,0.0001518141794443601,1.0,5.637711073970814e-06,0.1
266.81155822370545,1.4553357721293025,-0.0028495428542332428,-0.0010736166303452152,3350,2,0.06871266543094035,43.59806442260742,3.775012731552124,44,78.16313171386719,heat,0.005454545454545455,0.0003036283588887202,1.0,5.430215335355917e-06,0.1
267.05474082618053,1.4566622226882575,-0.002107009347757021,-0.0005373272170688232,3360,2,0.06865009502027922,43.59421920776367,3.7749245166778564,44,78.16313171386719,heat,0.005454545454545455,0.0003036283588887202,1.0,5.263272857147121e-06,0.1
267.02014696794055,1.4564735289160393,-0.0008175244379674052,1.6642014710296536e-05,3370,2,0.06865898899956228,43.6029052734375,3.7751238346099854,44,78.16313171386719,heat,0.005454545454545455,0.0003036283588887202,1.0,5.098231051730487e-06,0.1
267.17055208032224,1.4572939204381214,-0.0009977759890082041,0.0005601019499446787,3380,2,0.0686203370490532,43.61433410644531,3.775385856628418,44,78.16313171386719,heat,0.005454545454545455,0.0003036283588887202,1.0,4.945904166270674e-06,0.1
266.97385199555674,1.456221010884855,-0.0017100832805465593,0.0009745700744152913,3390,2,0.06867089490711044,43.63068389892578,3.7757606506347656,44,78.16313171386719,heat,0.005454545454545455,0.0003036283588887202,1.0,4.833707893034505e-06,0.1
267.21229969084806,1.4575216346773532,-0.0023768086854779468,0.0012412387442158506,3400,2,0.06860961622853487,43.613521575927734,3.775367259979248,44,78.16313171386719,heat,0.005454545454545455,0.0003036283588887202,1.0,4.6581475593359305e-06,0.1
267.15011415432787,1.4571824408417886,-0.004110725958818283,0.0008510938639445556,3410,2,0.0686255867468673,43.610443115234375,3.775296688079834,44,78.16313171386719,heat,0.005454545454545455,0.0003036283588887202,1.0,4.560693830064015e-06,0.1
267.0906163300034,1.456857907254564,-0.004276645695307028,0.0011017478769183597,3420,2,0.06864087396721423,43.61937713623047,3.7755014896392822,44,78.16313171386719,heat,0.005454545454545455,0.0003036283588887202,1.0,4.436247086680449e-06,0.1
267.9292444137087,1.461432242256593,-0.0058549000511315475,0.0005896700257013692,3430,2,0.06842602558541497,43.596702575683594,3.7749814987182617,44,78.16313171386719,heat,0.005454545454545455,0.0003036283588887202,1.0,4.272430186923353e-06,0.1
267.9775882343984,1.4616959358239916,-0.007138675146320131,0.00035013258206026014,3440,2,0.0684136813609102,43.60545349121094,3.7751822471618652,44,78.16313171386719,heat,0.005454545454545455,0.0003036283588887202,1.0,4.208179256648459e-06,0.1
268.44967722658663,1.4642709666904727,-0.009718401489074473,-0.00016203084150664357,3450,2,0.0682933707454562,43.59907913208008,3.775036096572876,44,78.16313171386719,heat,0.005454545454545455,0.0003036283588887202,1.0,4.087534198540006e-06,0.1
269.0346144309096,1.467461533259507,-0.014246176525608167,-0.0009699900869614984,3460,2,0.06814488675412246,43.59111785888672,3.774853467941284,44,78.16313171386719,heat,0.005454545454545455,0.0003036283588887202,1.0,4.004147386294686e-06,0.1
269.1244594327977,1.4679515969061694,-0.01728537178167217,-0.0015793951238151768,3470,2,0.06812213714046046,43.588470458984375,3.7747926712036133,44,78.16313171386719,heat,0.005454545454545455,0.0004554425383330803,1.0,3.910410809245146e-06,0.1
269.1582848640561,1.468136099258488,-0.019390124108687762,-0.001702548848921173,3480,2,0.06811357615312848,43.59247970581055,3.7748847007751465,44,78.16313171386719,heat,0.005454545454545455,0.0003036283588887202,1.0,3.7757835537671673e-06,0.1
269.0703419271145,1.4676564105115337,-0.018599260613026972,-0.0015105411832107534,3490,2,0.0681358383909121,43.58140182495117,3.774630546569824,44,78.16313171386719,heat,0.005454545454545455,0.0003036283588887202,1.0,3.6742743491067157e-06,0.1
269.02605895946607,1.4674148670516334,-0.01700148284601314,-0.0014110301964487713,3500,2,0.06814705387367548,43.58736801147461,3.7747673988342285,44,78.16313171386719,heat,0.005454545454545455,0.0003036283588887202,1.0,3.548729299180029e-06,0.1
268.8291917436789,1.4663410458746122,-0.012870215584956561,-0.0012778536718243635,3510,2,0.06819695887347552,43.586795806884766,3.774754285812378,44,78.16313171386719,heat,0.005454545454545455,0.0003036283588887202,1.0,3.449712404895295e-06,0.1
268.4925129426579,1.4645046160508615,-0.005819456576244726,-0.000839182843578704,3520,2,0.06828247511411535,43.58393859863281,3.774688720703125,44,78.16313171386719,heat,0.005454545454545455,0.0003036283588887202,1.0,3.3859259856644086e-06,0.1
268.43191253661354,1.4641740683815285,-0.0012380654634695691,-0.0006952284603856454,3530,2,0.06829789036664076,43.59092330932617,3.7748489379882812,44,78.16313171386719,heat,0.005454545454545455,0.0003036283588887202,1.0,3.3284758473033836e-06,0.1
269.5684057203928,1.4703731221112335,-0.0006808208387899961,-0.001219792234140608,3540,2,0.06800994828878205,43.54985809326172,3.7739064693450928,44,78.16313171386719,heat,0.005454545454545455,0.0003036283588887202,1.0,3.206352280509735e-06,0.1
269.56509315127977,1.4703550535524352,-0.000948967492466053,-0.0017393784135622363,3550,2,0.06801078403369043,43.54549026489258,3.773806095123291,44,78.16313171386719,heat,0.005454545454545455,0.0003036283588887202,1.0,3.127654208828346e-06,0.1
269.28761374549424,1.4688415295208777,-0.0019297809691195954,-0.0021893308187599034,3560,2,0.06808086372164264,43.54633712768555,3.7738256454467773,44,78.16313171386719,heat,0.005454545454545455,0.0003036283588887202,1.0,3.035522880097673e-06,0.1
269.52133384467055,1.470116366425476,-0.003981626880390417,-0.0031083849910603836,3570,2,0.0680218262198833,43.51927947998047,3.7732040882110596,44,78.16313171386719,heat,0.005454545454545455,0.0003036283588887202,1.0,2.9633301499127352e-06,0.1
269.8619225306888,1.4719741228946661,-0.0071289966030540775,-0.003446265491700295,3580,2,0.06793597689295518,43.52421951293945,3.773317575454712,44,78.16313171386719,heat,0.005454545454545455,0.0003036283588887202,1.0,2.876141213275885e-06,0.1
270.52924271937303,1.4756140511965803,-0.01178567583683936,-0.004384399243521936,3590,2,0.06776839778593167,43.49660110473633,3.7726831436157227,44,78.16313171386719,heat,0.005454545454545455,0.0004554425383330803,1.0,2.776068223218699e-06,0.1
270.79875013176917,1.477084091627832,-0.016028745576844573,-0.005137912052913413,3600,2,0.06770095255023309,43.478492736816406,3.772266387939453,44,78.16313171386719,heat,0.005454545454545455,0.0003036283588887202,1.0,2.7125774980544142e-06,0.1
270.9724141077944,1.4780313496788786,-0.018547618412081284,-0.005706225201677834,3610,2,0.06765756357043867,43.46305847167969,3.771911382675171,44,78.16313171386719,heat,0.005454545454545455,0.0003036283588887202,1.0,2.640722576987426e-06,0.1
271.0665993369588,1.4785450872925028,-0.018093472708085038,-0.005677418685434104,3620,2,0.06763405516643325,43.46491622924805,3.77195405960083,44,78.16313171386719,heat,0.005454545454545455,0.0003036283588887202,1.0,2.569205686288603e-06,0.1
271.64335582035176,1.4816910317473735,-0.01738394677191752,-0.005489537797041425,3630,2,0.06749045371629804,43.437007904052734,3.7713117599487305,44,78.16313171386719,heat,0.005454545454545455,0.0003036283588887202,1.0,2.4973085745939003e-06,0.1
271.3698356186667,1.4801991033745456,-0.018165588998434314,-0.005496436380915206,3640,2,0.06755847897220099,43.4443359375,3.7714805603027344,44,78.16313171386719,heat,0.005454545454545455,0.0003036283588887202,1.0,2.4273546023581265e-06,0.1
271.3001008882141,1.4798187321175316,-0.017203122415665364,-0.005260390844657775,3650,2,0.06757584414200922,43.436859130859375,3.771308422088623,44,78.16313171386719,heat,0.005454545454545455,0.0003036283588887202,1.0,2.344009753044558e-06,0.1
271.06056666654297,1.478512181817507,-0.012652648027125034,-0.003984353163591774,3660,2,0.06763556041660197,43.45673751831055,3.771765947341919,44,78.16313171386719,heat,0.005454545454545455,0.0004554425383330803,1.0,2.281321470350254e-06,0.1
270.4863747970201,1.4753802261655644,-0.0055864593810537235,-0.0025521256775587584,3670,2,0.06777913803270547,43.47673797607422,3.772226095199585,44,78.16313171386719,heat,0.005454545454545455,0.0004554425383330803,1.0,2.2307993084543586e-06,0.1
270.8171312924373,1.4771843525042034,-0.0005214262291773405,-0.0006420590401687603,3680,2,0.06769635748610155,43.48209762573242,3.7723493576049805,44,78.16313171386719,heat,0.005454545454545455,0.0006072567177774404,1.0,2.175925869620518e-06,0.1
252.34056388073023,1.376403075713074,0.0703790205556111,0.0006325628268110402,3690,2,0.0726531361085436,43.47887420654297,3.77227520942688,43,78.16313171386719,heat,0.005454545454545455,0.0006072567177774404,1.0,2.1361754500314733e-06,0.1
253.23711812868845,1.381293371611028,0.12206022634997249,0.000334039162592919,3700,2,0.07239591679453884,43.42864990234375,3.7711193561553955,43,78.16313171386719,heat,0.005454545454545455,0.0007590708972218005,1.0,2.0836678044790464e-06,0.1
253.65562041740006,1.3835761113676368,0.15695655731328567,-0.00041431794567807007,3710,2,0.07227647194714286,43.41693878173828,3.7708497047424316,43,78.16313171386719,heat,0.005454545454545455,0.0006072567177774404,1.0,2.0225003011860413e-06,0.1
253.5039352040616,1.3827487374766998,0.17754439592526158,-0.000773732190403277,3720,2,0.07231971889736408,43.42130661010742,3.7709503173828125,43,78.16313171386719,heat,0.005454545454545455,0.0004554425383330803,1.0,1.9690208822991613e-06,0.1
253.2771381196503,1.38151166247082,0.18213356034581588,-0.0010509250906389838,3730,2,0.0723844776099472,43.44926834106445,3.7715940475463867,43,78.16313171386719,heat,0.005454545454545455,0.0004554425383330803,1.0,1.921878005898842e-06,0.1
253.71024547305817,1.383874066216681,0.17159122864395762,-0.0014553771320762522,3740,2,0.07226091046953866,43.43754577636719,3.7713241577148438,43,78.16313171386719,heat,0.005454545454545455,0.0006072567177774404,1.0,1.8715246617054994e-06,0.1
253.93235620841017,1.385085579318601,0.14582275178234694,-0.0025387053201321244,3750,2,0.07219770496000359,43.41572952270508,3.7708218097686768,43,78.16313171386719,heat,0.005454545454545455,0.0004554425383330803,1.0,1.8314362906280998e-06,0.1
253.60261285320163,1.3832869791992817,0.10784904927743143,-0.0026343711189710742,3760,2,0.0722915790459368,43.42955017089844,3.7711400985717773,43,78.16313171386719,heat,0.005454545454545455,0.0004554425383330803,1.0,1.7903763782630883e-06,0.1
253.1113418185823,1.380607319010449,0.06000414678500744,-0.00162477743294412,3770,2,0.07243189183704679,43.44707107543945,3.771543502807617,43,78.16313171386719,heat,0.005454545454545455,0.0004554425383330803,1.0,1.7457257783983225e-06,0.1
252.94433734320523,1.3796963855083924,-0.002641418627222202,7.589879833858872e-05,3780,2,0.0724797144142346,43.4640007019043,3.771933078765869,43,78.16313171386719,heat,0.005454545454545455,0.0004554425383330803,1.0,1.6995122639379557e-06,0.1
252.98018766390277,1.379891932712197,0.003531600592378468,0.0018783037348064121,3790,2,0.07246944317113921,43.46837615966797,3.77203369140625,43,78.16313171386719,heat,0.005454545454545455,0.0004554425383330803,1.0,1.6628032768954676e-06,0.1
253.1425307823895,1.3807774406312157,0.005292265265681596,0.0023057426830520667,3800,2,0.07242296771178815,43.46765899658203,3.772017240524292,43,78.16313171386719,heat,0.005454545454545455,0.0004554425383330803,1.0,1.6208562005502529e-06,0.1
253.71382799432737,1.3838936072417858,0.0027062445393656325,0.001471226379426209,3810,2,0.07225989012212308,43.43574142456055,3.77128267288208,43,78.16313171386719,heat,0.005454545454545455,0.0006072567177774404,1.0,1.5647155997631265e-06,0.1
254.15332805959147,1.3862908803250444,-0.0008399593766163539,0.0003273999846490951,3820,2,0.0721349331653635,43.42121505737305,3.7709481716156006,43,78.16313171386719,heat,0.005454545454545455,0.0006072567177774404,1.0,1.525260815020396e-06,0.1
253.74551961241323,1.3840664706131631,-0.001115401023528932,0.0003178794970700568,3830,2,0.07225086520280954,43.43629837036133,3.7712955474853516,43,78.16313171386719,heat,0.005454545454545455,0.0004554425383330803,1.0,1.4886363819793177e-06,0.1
253.4460057745773,1.3824327587704217,-0.0018875490444548908,0.000732913376698861,3840,2,0.07233624880890632,43.46620178222656,3.7719836235046387,43,78.16313171386719,heat,0.005454545454545455,0.0004554425383330803,1.0,1.4580103977271828e-06,0.1
253.4624814886829,1.3825226263019068,-0.004025668365316229,0.00030995222934284013,3850,2,0.07233154676642711,43.462799072265625,3.7719054222106934,43,78.16313171386719,heat,0.005454545454545455,0.0004554425383330803,1.0,1.4171616006112431e-06,0.1
253.4197842994785,1.38228973254261,-0.0048193302123185336,-0.0004438957605603421,3860,2,0.07234373347768279,43.44199752807617,3.7714266777038574,43,78.16313171386719,heat,0.005454545454545455,0.0004554425383330803,1.0,1.3790586310071187e-06,0.1
253.33503760614514,1.3818274778517008,-0.003067789602880828,-0.0008611667642144907,3870,2,0.07236793420512087,43.43798065185547,3.771334171295166,43,78.16313171386719,heat,0.005454545454545455,0.0006072567177774404,1.0,1.3462360274647103e-06,0.1
253.44837887820182,1.38244570297201,-0.0007613256731997059,-0.0009860290493831898,3880,2,0.07233557150564247,43.427978515625,3.771103858947754,43,78.16313171386719,heat,0.005454545454545455,0.0007590708972218005,1.0,1.3202989881066415e-06,0.1
253.50833817306895,1.3827727536712853,0.0015796393442433904,-0.0007648976639263612,3890,2,0.07231846283816216,43.42964172363281,3.7711422443389893,43,78.16313171386719,heat,0.005454545454545455,0.0006072567177774404,1.0,1.2896729427004954e-06,0.1
253.5790875425735,1.3831586593231282,0.003321183469787101,-0.0007602980690233236,3900,2,0.07229828575771392,43.41252136230469,3.7707479000091553,43,78.16313171386719,heat,0.005454545454545455,0.0006072567177774404,1.0,1.2497534716700486e-06,0.1
254.01190913382544,1.3855195043663207,0.0009863874469218349,-0.0019464022813825037,3910,2,0.07217509366332296,43.38762283325195,3.770174264907837,43,78.16313171386719,heat,0.005454545454545455,0.0006072567177774404,1.0,1.2111013300211293e-06,0.1
254.52709844554826,1.3883296278848087,-0.005243749668782662,-0.003926722682017732,3920,2,0.07202900376933907,43.360313415527344,3.7695446014404297,43,78.16313171386719,heat,0.005454545454545455,0.0007590708972218005,1.0,1.19547158646393e-06,0.1
254.52772467329353,1.3883330436725103,-0.009184369728341059,-0.005071445036841803,3930,2,0.07202882655265007,43.364501953125,3.769641160964966,43,78.16313171386719,heat,0.005454545454545455,0.0006072567177774404,1.0,1.1681827255215093e-06,0.1
254.49089840791547,1.3881321731340845,-0.010844838738752867,-0.0050439067409040255,3940,2,0.07203924952925982,43.362857818603516,3.7696032524108887,43,78.16313171386719,heat,0.005454545454545455,0.0006072567177774404,1.0,1.1356980293140984e-06,0.1
254.3132767487944,1.387163327720697,-0.010964152507512783,-0.0048619949210850655,3950,2,0.07208956436608945,43.35079574584961,3.769325017929077,43,78.16313171386719,heat,0.005454545454545455,0.0007590708972218005,1.0,1.091469772667452e-06,0.1
253.77448886864758,1.3842244847380778,-0.00799840940115011,-0.004102197892880392,3960,2,0.0722426175107876,43.376216888427734,3.769911289215088,43,78.16313171386719,heat,0.005454545454545455,0.0010626992561105207,1.0,1.0687853912466891e-06,0.1
254.0413951557672,1.3856803372132758,-0.0053917272706576055,-0.0034075191091556436,3970,2,0.07216671646009551,43.36384963989258,3.7696261405944824,43,78.16313171386719,heat,0.005454545454545455,0.0010626992561105207,1.0,1.0440733477080254e-06,0.1
254.36514321446663,1.3874462357152726,-0.003982961165719615,-0.002789945368653407,3980,2,0.07207486490346549,43.35622787475586,3.7694504261016846,43,78.16313171386719,heat,0.005454545454545455,0.0007590708972218005,1.0,1.0174604692667002e-06,0.1
254.3860416806513,1.387560227349007,-0.0021359609684625663,-0.002201372855682568,3990,2,0.07206894376833953,43.33700942993164,3.7690069675445557,43,78.16313171386719,heat,0.005454545454545455,0.0009108850766661606,1.0,9.897492116870436e-07,0.1
253.83411622826077,1.3845497248814225,0.002307902511126918,-0.0013068659682733005,4000,2,0.07222564722878722,43.35053634643555,3.7693190574645996,43,78.16313171386719,heat,0.005454545454545455,0.0006072567177774404,1.0,9.7428834706698e-07,0.1
253.55206094892822,1.3830112415396085,0.005991684271523735,-0.0007157446548827498,4010,2,0.07230599216870941,43.354068756103516,3.7694005966186523,43,78.16313171386719,heat,0.005454545454545455,0.0007590708972218005,1.0,9.516462038113048e-07,0.1
253.67321995678623,1.3836721088551978,0.00633171197053905,-0.0008041808369208202,4020,2,0.07227145749344946,43.35053634643555,3.7693190574645996,43,78.16313171386719,heat,0.005454545454545455,0.0006072567177774404,1.0,9.445494044870259e-07,0.1
253.89924181843142,1.3849049553732624,0.005034655204890585,-0.0005507236728623501,4030,2,0.07220712122663162,43.35805892944336,3.7694926261901855,43,78.16313171386719,heat,0.005454545454545455,0.0007590708972218005,1.0,9.239771564383145e-07,0.1
254.29942459744032,1.3870877705314928,0.001788816252301782,-0.0005351145832789374,4040,2,0.07209349121554351,43.34833526611328,3.769268274307251,43,78.16313171386719,heat,0.005454545454545455,0.0007590708972218005,1.0,9.069110498645576e-07,0.1
254.1794381223117,1.386433298848973,-0.00030695218903308827,-0.0008712557221352739,4050,2,0.07212752325194492,43.344600677490234,3.7691822052001953,43,78.16313171386719,heat,0.005454545454545455,0.0007590708972218005,1.0,8.754401886238302e-07,0.1
254.66543705269387,1.3890842021056031,-0.0018371837334843404,-0.0008843147217338494,4060,2,0.07198987638648391,43.326171875,3.768756866455078,43,78.16313171386719,heat,0.005454545454545455,0.0004554425383330803,1.0,8.696529611164732e-07,0.1
254.52431996018407,1.388314472510095,-0.003319003647938429,-0.0012406158992584863,4070,2,0.07202979006564585,43.31529235839844,3.768505811691284,43,78.16313171386719,heat,0.005454545454545455,0.0003036283588887202,1.0,8.461236902184857e-07,0.1
254.73101953513245,1.3894419247370862,-0.0067548914220001855,-0.0017213492552487298,4080,2,0.07197134203282535,43.30842971801758,3.7683472633361816,43,78.16313171386719,heat,0.005454545454545455,0.0003036283588887202,1.0,8.332818824564161e-07,0.1
254.7938699432669,1.3897847451450924,-0.010218186811155718,-0.002242191384556675,4090,2,0.07195358874770214,43.31952667236328,3.768603563308716,43,78.16313171386719,heat,0.005454545454545455,0.0004554425383330803,1.0,8.058240441986676e-07,0.1
254.71915720303562,1.389377221107467,-0.010365391984728183,-0.002418546940544402,4100,2,0.07197469375544419,43.314064025878906,3.768477439880371,43,78.16313171386719,heat,0.005454545454545455,0.0007590708972218005,1.0,7.91672732179147e-07,0.1
254.86562724297653,1.390176148598054,-0.00895625590583158,-0.002568298225322613,4110,2,0.0719333302480025,43.30281066894531,3.7682175636291504,43,78.16313171386719,heat,0.005454545454545455,0.0007590708972218005,1.0,7.784929651938282e-07,0.1
255.42566862184054,1.393230919755494,-0.009189411608410167,-0.0029853441657816684,4120,2,0.0717756106199176,43.2841911315918,3.767787456512451,43,78.16313171386719,heat,0.005454545454545455,0.0006072567177774404,1.0,7.572870792041971e-07,0.1
255.38504840717493,1.393009354948227,-0.008802798205836269,-0.0028535538189460668,4130,2,0.07178702687442945,43.28396224975586,3.767782211303711,43,78.16313171386719,heat,0.005454545454545455,0.0006072567177774404,1.0,7.381511086853424e-07,0.1
255.97728116325456,1.396239715435934,-0.011391809893549069,-0.0031763438425277076,4140,2,0.07162093936625918,43.25978088378906,3.767223358154297,43,78.16313171386719,heat,0.005454545454545455,0.0006072567177774404,1.0,7.224367691891012e-07,0.1
256.3387183774683,1.3982111911498272,-0.01334224468489609,-0.003261926133560521,4150,2,0.07151995394756097,43.25487518310547,3.7671098709106445,43,78.16313171386719,heat,0.005454545454545455,0.0006072567177774404,1.0,7.06342262156382e-07,0.1
256.47942772461863,1.3989786966797382,-0.01629863550666381,-0.0034182394413273982,4160,2,0.07148071678098794,43.25438690185547,3.7670986652374268,43,78.16313171386719,heat,0.005454545454545455,0.0006072567177774404,1.0,6.906279366796374e-07,0.1
257.2478483991939,1.4031700821774213,-0.020029248827944393,-0.004257456484168218,4170,2,0.07126719794710937,43.222328186035156,3.766357183456421,43,78.16313171386719,heat,0.005454545454545455,0.0006072567177774404,1.0,6.781662996366327e-07,0.1
257.47998982757366,1.4044363081504019,-0.023258084730876136,-0.005075728859948785,4180,2,0.07120294414183641,43.21091079711914,3.7660930156707764,43,78.16313171386719,heat,0.005454545454545455,0.0006072567177774404,1.0,6.604243082551118e-07,0.1
257.1274548635464,1.4025133901647988,-0.02297289232649141,-0.004603362524735485,4190,2,0.0713005670400407,43.23130416870117,3.7665648460388184,43,78.16313171386719,heat,0.005454545454545455,0.0007590708972218005,1.0,6.448789531645184e-07,0.1
257.2449569520183,1.4031543106473727,-0.0207887623213115,-0.004003106621763731,4200,2,0.07126799899425391,43.224037170410156,3.7663967609405518,43,78.16313171386719,heat,0.005454545454545455,0.0009108850766661606,1.0,6.310655931973553e-07,0.1
257.33703529972513,1.4036565561803191,-0.017464005956148106,-0.003150756938902762,4210,2,0.07124249843004589,43.228633880615234,3.766503095626831,43,78.16313171386719,heat,0.005454545454545455,0.0004554425383330803,1.0,6.226170169255129e-07,0.1
257.1343213171164,1.402550843547908,-0.013883443745157549,-0.0025196839985754354,4220,2,0.07129866304670918,43.22536849975586,3.766427516937256,43,78.16313171386719,heat,0.005454545454545455,0.0006072567177774404,1.0,5.981584443955796e-07,0.1
257.0766105775955,1.4022360576959754,-0.008408021376358737,-0.0015384323039485516,4230,2,0.07131466877574862,43.227699279785156,3.766481399536133,43,78.16313171386719,heat,0.005454545454545455,0.0006072567177774404,1.0,5.869218695631597e-07,0.1
257.4718702966931,1.4043920198001445,-0.005854434586289611,-0.0011914868209270593,4240,2,0.07120518956966927,43.217350006103516,3.766242027282715,43,78.16313171386719,heat,0.005454545454545455,0.0004554425383330803,1.0,5.754740703471381e-07,0.1
257.2890591000624,1.4033948678185222,-0.0030111444573525446,-0.0006991032037828432,4250,2,0.0712557828827199,43.220184326171875,3.7663075923919678,43,78.16313171386719,heat,0.005454545454545455,0.0004554425383330803,1.0,5.652512978901008e-07,0.1
257.2059323095458,1.402941448961159,0.0003019217832171596,0.0001246442816244182,4260,2,0.07127881215146033,43.22739791870117,3.766474485397339,43,78.16313171386719,heat,0.005454545454545455,0.0007590708972218005,1.0,5.528319094059485e-07,0.1
257.2365396268844,1.403108397964824,0.0004633319648300455,-5.019483008549772e-05,4270,2,0.07127033103432898,43.21742248535156,3.7662436962127686,43,78.16313171386719,heat,0.005454545454545455,0.0009108850766661606,1.0,5.472558542730835e-07,0.1
257.37922495295845,1.4038866815615916,-0.001041913312393911,-0.00032741859885901706,4280,2,0.07123082034567531,43.225860595703125,3.7664389610290527,43,78.16313171386719,heat,0.005454545454545455,0.0007590708972218005,1.0,5.321751603720848e-07,0.1
257.60772287050816,1.4051330338391355,-0.0018479472174597982,-0.0003838587851638376,4290,2,0.07116763864470384,43.21380615234375,3.766160011291504,43,78.16313171386719,heat,0.005454545454545455,0.0006072567177774404,1.0,5.227550022850049e-07,0.1
257.74381110812004,1.4058753333170186,-0.0033270582733241714,-0.0007356196107519939,4300,2,0.07113006226808195,43.20603942871094,3.7659802436828613,43,78.16313171386719,heat,0.005454545454545455,0.0006072567177774404,1.0,5.17812600079418e-07,0.1
258.0453243874084,1.407519951204046,-0.005987877243461583,-0.0008298951625976992,4310,2,0.07104695028617976,43.207542419433594,3.76601505279541,43,78.16313171386719,heat,0.005454545454545455,0.0007590708972218005,1.0,5.090683318761268e-07,0.1
257.38735154343817,1.4039310084187537,-0.004499109255683496,-4.891844225370919e-05,4320,2,0.07122857134741252,43.24466323852539,3.766873836517334,43,78.16313171386719,heat,0.005454545454545455,0.0010626992561105207,1.0,4.99605933851379e-07,0.1
257.09735698663593,1.4023492199271053,-0.0014027507562795179,0.0009713500198471548,4330,2,0.07130891405579992,43.256492614746094,3.7671473026275635,43,78.16313171386719,heat,0.005454545454545455,0.0006072567177774404,1.0,4.890452264232101e-07,0.1
257.15754186199354,1.4026775010654193,-0.00040411553008361896,0.00150600325855172,4340,2,0.07129222499401601,43.25453186035156,3.767102003097534,43,78.16313171386719,heat,0.005454545454545455,0.0007590708972218005,1.0,4.781465800758902e-07,0.1
256.77852128512126,1.4006101161006614,0.0026630462689035735,0.002421915272015172,4350,2,0.07139745661583743,43.275875091552734,3.7675952911376953,43,78.16313171386719,heat,0.005454545454545455,0.0004554425383330803,1.0,4.7007821650103065e-07,0.1
256.6819052582332,1.400083119590363,0.006057009594907012,0.0034121692205372925,4360,2,0.07142433088491065,43.28264236450195,3.767751693725586,43,78.16313171386719,heat,0.005454545454545455,0.0007590708972218005,1.0,4.578278032373389e-07,0.1
256.53293062305244,1.3992705306711952,0.009429340548299577,0.004026554763268372,4370,2,0.07146580865390804,43.29085922241211,3.767941474914551,43,78.16313171386719,heat,0.005454545454545455,0.0006072567177774404,1.0,4.5732089908863326e-07,0.1
256.48910889792194,1.3990315030795744,0.011690486514641394,0.004770065640157833,4380,2,0.07147801874359379,43.30248260498047,3.768209934234619,43,78.16313171386719,heat,0.005454545454545455,0.0006072567177774404,1.0,4.4785851043035964e-07,0.1
256.3380980466227,1.398207807527033,0.012685987046632834,0.0049828117050803224,4390,2,0.07152012702379835,43.311256408691406,3.7684125900268555,43,78.16313171386719,heat,0.005454545454545455,0.0007590708972218005,1.0,4.3780471373764257e-07,0.1
256.2570070163042,1.3977654928162049,0.012263556765787461,0.005018843710248068,4400,2,0.07154275914947716,43.3348274230957,3.7689566612243652,43,78.16313171386719,heat,0.005454545454545455,0.0006072567177774404,1.0,4.2775092177851985e-07,0.1
256.1255749438899,1.3970485906030359,0.009651576592225172,0.004467503727117253,4410,2,0.07157947166092127,43.33604431152344,3.768984794616699,43,78.16313171386719,heat,0.005454545454545455,0.0006072567177774404,1.0,4.255542913089063e-07,0.1
256.54121173473516,1.3993157003712828,0.006884830822960153,0.003984717661625015,4420,2,0.0714635017483666,43.322139739990234,3.7686638832092285,43,78.16313171386719,heat,0.005454545454545455,0.0006072567177774404,1.0,4.160074083126555e-07,0.1
256.4338324069798,1.3987299949471625,0.005162545446638237,0.0037305207010066253,4430,2,0.07149342643772899,43.33491134643555,3.768958568572998,43,78.16313171386719,heat,0.005454545454545455,0.0004554425383330803,1.0,4.048975484186438e-07,0.1
256.72263716676446,1.4003052936368972,0.0014609902367658785,0.003174063351279095,4440,2,0.07141299861852145,43.34160614013672,3.769113063812256,43,78.16313171386719,heat,0.005454545454545455,0.0004554425383330803,1.0,4.05108759588467e-07,0.1
256.77059925245555,1.400566905013394,-0.0010081566279922204,0.0027636004276851535,4450,2,0.07139965941080385,43.34117126464844,3.7691030502319336,43,78.16313171386719,heat,0.005454545454545455,0.0006072567177774404,1.0,3.949282383491522e-07,0.1
256.7432956499257,1.4004179762723221,-0.002917741332852853,0.0024888709622133023,4460,2,0.07140725247342457,43.35332489013672,3.769383430480957,43,78.16313171386719,heat,0.005454545454545455,0.0006072567177774404,1.0,3.91717783185762e-07,0.1
256.83587051908836,1.4009229301041184,-0.004426381085820267,0.0016516202070479733,4470,2,0.07138151417977567,43.334537506103516,3.7689499855041504,43,78.16313171386719,heat,0.005454545454545455,0.0003036283588887202,1.0,3.847054724184322e-07,0.1
256.39128451978274,1.3984979155624515,-0.003722012765838186,0.0011947988559367385,4480,2,0.07150529070311967,43.34658432006836,3.769227981567383,43,78.16313171386719,heat,0.005454545454545455,0.0004554425383330803,1.0,3.788759587856117e-07,0.1
256.1602549577424,1.3972377543149586,-0.001487079391859995,0.0011854344903837674,4490,2,0.07156978094184713,43.36505889892578,3.7696540355682373,43,78.16313171386719,heat,0.005454545454545455,0.0004554425383330803,1.0,3.7363784885649937e-07,0.1
256.00047664431276,1.396366236241706,0.0015999571070991496,0.0015349936662768639,4500,2,0.07161444999497278,43.363746643066406,3.7696237564086914,43,78.16313171386719,heat,0.005454545454545455,0.0004554425383330803,1.0,3.7237056161403336e-07,0.1
255.87214835031256,1.3956662637289776,0.005588897989691559,0.002204579257098072,4510,2,0.07165036699591591,43.382606506347656,3.7700586318969727,43,78.16313171386719,heat,0.005454545454545455,0.0004554425383330803,1.0,3.669634790024729e-07,0.1
255.7688215669527,1.3951026630924694,0.007781370523058839,0.002502722802336861,4520,2,0.0716793126739031,43.39383316040039,3.770317316055298,43,78.16313171386719,heat,0.005454545454545455,0.0003036283588887202,1.0,3.6227452379521414e-07,0.1
255.6164579136291,1.3942715886197952,0.01040715060071566,0.003271285797856638,4530,2,0.0717220380994718,43.41461181640625,3.770796060562134,43,78.16313171386719,heat,0.005454545454545455,0.0003036283588887202,1.0,3.561915566176051e-07,0.1
255.36339165545087,1.3928912272115503,0.011937835727222606,0.004287187051290428,4540,2,0.07179311495858258,43.434913635253906,3.771263599395752,43,78.16313171386719,heat,0.005454545454545455,0.0003036283588887202,1.0,3.5031980010624545e-07,0.1
255.28945992599975,1.392487963232726,0.01236117494387227,0.00460641278421532,4550,2,0.07181390621707445,43.425811767578125,3.7710540294647217,43,78.16313171386719,heat,0.005454545454545455,0.0004554425383330803,1.0,3.444058045032221e-07,0.1
255.45874240217873,1.3934113221937023,0.010979961556211604,0.00453915932542076,4560,2,0.07176631796171001,43.4129638671875,3.7707581520080566,43,78.16313171386719,heat,0.005454545454545455,0.0004554425383330803,1.0,3.4098413265083903e-07,0.1
255.82583241603712,1.3954136313602026,0.006614948287253503,0.0030656160108478467,4570,2,0.07166333892160946,43.38811111450195,3.7701854705810547,43,78.16313171386719,heat,0.005454545454545455,0.0004554425383330803,1.0,3.3270453699776897e-07,0.1
256.01226854134103,1.396430555680042,0.0027450245187928468,0.0014146652609323314,4580,2,0.07161115144125546,43.37769317626953,3.7699453830718994,43,78.16313171386719,heat,0.005454545454545455,0.0004554425383330803,1.0,3.2421372787857887e-07,0.1
255.8523095816654,1.3955580522636295,0.00026749449790277273,0.0004175797683051552,4590,2,0.0716559227599293,43.39042663574219,3.7702388763427734,43,78.16313171386719,heat,0.005454545454545455,0.0004554425383330803,1.0,3.2619914081319546e-07,0.1
255.86548159920028,1.3956298996320016,-0.0017651259531182555,-0.00021449787735946423,4600,2,0.0716522338955105,43.413482666015625,3.7707700729370117,43,78.16313171386719,heat,0.005454545454545455,0.0004554425383330803,1.0,3.234533564073035e-07,0.1
255.94048020718006,1.396038982948255,-0.0035963670639240345,-0.0006816462456934198,4610,2,0.07163123753808999,43.40863800048828,3.770658493041992,43,78.16313171386719,heat,0.005454545454545455,0.0004554425383330803,1.0,3.196092576629663e-07,0.1
256.21095228734373,1.3975142852036933,-0.005935781758790984,-0.0012661560082590805,4620,2,0.07155561918669376,43.39562225341797,3.7703585624694824,43,78.16313171386719,heat,0.005454545454545455,0.0004554425383330803,1.0,3.1158311766969497e-07,0.1
255.66050454756405,1.3945118429867132,-0.004993680156363314,-0.0007484214994379523,4630,2,0.0717096814221554,43.41843032836914,3.7708840370178223,43,78.16313171386719,heat,0.005454545454545455,0.0003036283588887202,1.0,3.1078050466945843e-07,0.1
255.59680208762484,1.3941643750234083,-0.0025647329315845037,0.0005379311750264948,4640,2,0.07172755364540209,43.42787170410156,3.771101474761963,43,78.16313171386719,heat,0.005454545454545455,0.0003036283588887202,1.0,3.0588033404221303e-07,0.1
255.9765449078917,1.3962356994975913,-0.0010647188635035667,0.0015524248600677938,4650,2,0.0716211453667766,43.425628662109375,3.771049737930298,43,78.16313171386719,heat,0.005454545454545455,0.0006072567177774404,1.0,3.026698793421108e-07,0.1
255.63825569489,1.394390485608491,0.0015463609771786853,0.0024185534136139802,4660,2,0.07171592249954396,43.434871673583984,3.7712626457214355,43,78.16313171386719,heat,0.005454545454545455,0.0004554425383330803,1.0,2.9967063663769295e-07,0.1
255.1788608152211,1.3918846953557515,0.004349621157867805,0.0029845242433415584,4670,2,0.07184503165647714,43.457130432128906,3.771775007247925,43,78.16313171386719,heat,0.005454545454545455,0.0006072567177774404,1.0,2.952351409576804e-07,0.1
255.2546396131401,1.3922980342534916,0.00541059210784948,0.003111000062126155,4680,2,0.07182370264109221,43.4660758972168,3.7719807624816895,43,78.16313171386719,heat,0.005454545454545455,0.0007590708972218005,1.0,2.9185571812743785e-07,0.1
254.84538583892845,1.3900657409396098,0.008167286044173175,0.003290188030342003,4690,2,0.07193904364005502,43.47243881225586,3.772127151489258,43,78.16313171386719,heat,0.005454545454545455,0.0007590708972218005,1.0,2.9058843217412095e-07,0.1
254.728530691292,1.3894283492252293,0.010449362166184842,0.0037142058910689534,4700,2,0.07197204523411505,43.47311019897461,3.7721426486968994,43,78.16313171386719,heat,0.005454545454545455,0.0009108850766661606,1.0,2.890676861899841e-07,0.1
254.9765599901871,1.3907812363101115,0.010428560837680843,0.0035075242276898506,4710,2,0.07190203418713823,43.4648323059082,3.7719521522521973,43,78.16313171386719,heat,0.005454545454545455,0.0009108850766661606,1.0,2.819286464244635e-07,0.1
255.5547539422032,1.3939350215029267,0.006026389835470424,0.002258646836354987,4720,2,0.07173935546305524,43.44792175292969,3.7715630531311035,43,78.16313171386719,heat,0.005454545454545455,0.0006072567177774404,1.0,2.800699648246204e-07,0.1
255.45262663706953,1.3933779634749248,0.004054347532387088,0.0016562601810129966,4730,2,0.07176803611176072,43.459835052490234,3.7718372344970703,43,78.16313171386719,heat,0.005454545454545455,0.0004554425383330803,1.0,2.7854922305036114e-07,0.1
256.29878333037556,1.3979933636202304,-0.0010966755576251887,0.0004980384351000917,4740,2,0.07153109778793294,43.43330001831055,3.771226406097412,43,78.16313171386719,heat,0.005454545454545455,0.0004554425383330803,1.0,2.7373355032639596e-07,0.1
256.5414876501062,1.3993172053642158,-0.00842299371560365,-0.0007353885392724158,4750,2,0.07146342488797734,43.434024810791016,3.771243095397949,43,78.16313171386719,heat,0.005454545454545455,0.0006072567177774404,1.0,2.7229728474131145e-07,0.1
256.9291895558873,1.4014319430321127,-0.015168748520518475,-0.002023076262691239,4760,2,0.07135558775950392,43.42226028442383,3.77097225189209,43,78.16313171386719,heat,0.005454545454545455,0.0007590708972218005,1.0,2.728042028893708e-07,0.1
257.17999195463824,1.4027999561162088,-0.019562404310804776,-0.0026080475554538128,4770,2,0.07128600165975194,43.42275619506836,3.7709836959838867,43,78.16313171386719,heat,0.005454545454545455,0.0006072567177774404,1.0,2.7107225298687446e-07,0.1
257.428729528644,1.4041567065198766,-0.0235532600124856,-0.0030118835949163774,4780,2,0.07121712237364473,43.41208267211914,3.770738124847412,43,78.16313171386719,heat,0.005454545454545455,0.0007590708972218005,1.0,2.6536948007544456e-07,0.1
257.3142019730353,1.403532010762011,-0.02319756803433974,-0.003049189163854481,4790,2,0.0712488202856931,43.408203125,3.77064847946167,43,78.16313171386719,heat,0.005454545454545455,0.0006072567177774404,1.0,2.602158475440843e-07,0.1
257.0737756711819,1.4022205945700832,-0.019180276399825124,-0.002519016433205428,4800,2,0.07131545520529152,43.41770553588867,3.770867347717285,43,78.16313171386719,heat,0.005454545454545455,0.0009108850766661606,1.0,2.591597567267985e-07,0.1
257.4805170210155,1.4044391837509937,-0.015943445613464047,-0.002493862994833876,4810,2,0.07120279835323218,43.393672943115234,3.7703137397766113,43,78.16313171386719,heat,0.005454545454545455,0.0009108850766661606,1.0,2.556536204487264e-07,0.1
257.42634362308905,1.4041436924895767,-0.013073216271785024,-0.0025905728100543168,4820,2,0.07121778243556959,43.39318084716797,3.7703022956848145,43,78.16313171386719,heat,0.005454545454545455,0.0009108850766661606,1.0,2.59244262566403e-07,0.1
257.4784380113922,1.4044278436985032,-0.008290659360956038,-0.0025244527594150477,4830,2,0.07120337328022072,43.37356948852539,3.769850254058838,43,78.16313171386719,heat,0.005454545454545455,0.0009108850766661606,1.0,2.582726723716963e-07,0.1
257.7773166510325,1.4060580908238138,-0.006977808070607708,-0.0033145988101997838,4840,2,0.07112081687991262,43.3497200012207,3.7693002223968506,43,78.16313171386719,heat,0.005454545454545455,0.0007590708972218005,1.0,2.518517652476458e-07,0.1
257.7153482047224,1.4057200811166677,-0.005294623251080283,-0.0035641244007323953,4850,2,0.07113791809857521,43.35362243652344,3.769390344619751,43,78.16313171386719,heat,0.005454545454545455,0.0007590708972218005,1.0,2.5134485026203043e-07,0.1
257.9674743250336,1.4070953145001834,-0.005431707621906371,-0.0044393843803981845,4860,2,0.07106839101054158,43.32315444946289,3.7686872482299805,43,78.16313171386719,heat,0.005454545454545455,0.0009108850766661606,1.0,2.515983077548381e-07,0.1
258.29308755964604,1.4088713866889786,-0.007131938382097314,-0.005321094032978829,4870,2,0.07097879972920192,43.30025863647461,3.7681586742401123,43,78.16313171386719,heat,0.005454545454545455,0.0006072567177774404,1.0,2.4893700517814833e-07,0.1
258.7850512507154,1.4115548250039023,-0.010971495893062719,-0.006989711307706945,4880,2,0.07084386538066174,43.25224304199219,3.7670490741729736,43,78.16313171386719,heat,0.005454545454545455,0.0006072567177774404,1.0,2.5054224149181443e-07,0.1
258.8526372977082,1.4119234761693176,-0.013344360840722134,-0.00850981687704919,4890,2,0.07082536815048185,43.227840423583984,3.7664847373962402,43,78.16313171386719,heat,0.005454545454545455,0.0006072567177774404,1.0,2.4724730226335403e-07,0.1
258.8505590710122,1.4119121403873394,-0.013227690521885228,-0.009011222189025737,4900,2,0.07082593678425793,43.2200813293457,3.7663052082061768,43,78.16313171386719,heat,0.005454545454545455,0.0007590708972218005,1.0,2.469938399160942e-07,0.1
259.47224701305566,1.4153031655257584,-0.015953503821512508,-0.010427440959269807,4910,2,0.07065623990380315,43.1664924621582,3.7650644779205322,43,78.16313171386719,heat,0.005454545454545455,0.0007590708972218005,1.0,2.4754299628967015e-07,0.1
259.1347622441606,1.4134623395136032,-0.015347020456791774,-0.011151540514500983,4920,2,0.07074825922451654,43.1462287902832,3.7645950317382812,43,78.16313171386719,heat,0.005454545454545455,0.0006072567177774404,1.0,2.4914822605687583e-07,0.1
259.3426530872161,1.4145962895666333,-0.014348538127296018,-0.011795322610071353,4930,2,0.07069154693643044,43.118896484375,3.7639613151550293,43,78.16313171386719,heat,0.005454545454545455,0.0007590708972218005,1.0,2.4775421084350977e-07,0.1
260.3376420073156,1.4200235018580851,-0.017043208013509767,-0.013519813519813354,4940,2,0.07042136969504456,43.04553985595703,3.762258529663086,43,78.16313171386719,heat,0.005454545454545455,0.0006072567177774404,1.0,2.440790773690133e-07,0.1
261.3823349795383,1.425721827161118,-0.021260616186957227,-0.015091148484823468,4950,2,0.07013990954962016,42.97989273071289,3.760732412338257,43,78.16313171386719,heat,0.005454545454545455,0.0006072567177774404,1.0,2.4078414277343257e-07,0.1
261.46626013007756,1.4261796007095142,-0.02378782923523481,-0.016689089626829908,4960,2,0.07011739611914987,42.93283462524414,3.759636878967285,43,78.16313171386719,heat,0.005454545454545455,0.0004554425383330803,1.0,2.410798418757733e-07,0.1
262.0528874432312,1.4293793860539885,-0.027155285379077205,-0.018681276502978187,4970,2,0.06996043246157668,42.857845306396484,3.7578887939453125,43,78.16313171386719,heat,0.005454545454545455,0.0004554425383330803,1.0,2.401927423328831e-07,0.1
262.57707892142537,1.4322386122986839,-0.03165148028950756,-0.02181254892178914,4980,2,0.06982076809080306,42.77006149291992,3.755838394165039,43,78.16313171386719,heat,0.005454545454545455,0.0009108850766661606,1.0,2.383340578525975e-07,0.1
263.34861508189937,1.4364469913558149,-0.036196646862579104,-0.02549931408185198,4990,2,0.0696162131994953,42.669891357421875,3.753493547439575,43,78.16313171386719,heat,0.005454545454545455,0.0009108850766661606,1.0,2.3554603435504185e-07,0.1
264.3879248966297,1.4421159539816168,-0.040870745417804936,-0.029417580499064077,5000,2,0.069342551633178,42.546939849853516,3.750607967376709,43,78.16313171386719,heat,0.005454545454545455,0.0009108850766661606,1.0,2.386297520803431e-07,0.1
264.71321126223006,1.4438902432485277,-0.04492326792925865,-0.033716617441431104,5010,2,0.0692573417318865,42.4468879699707,3.748253583908081,43,78.16313171386719,heat,0.005454545454545455,0.0010626992561105207,1.0,2.3694004408952419e-07,0.1
265.39425304190644,1.447605016592217,-0.04549592331584424,-0.037869748180646076,5020,2,0.06907961692161606,42.31980514526367,3.7452552318573,43,78.16313171386719,heat,0.005454545454545455,0.0007590708972218005,1.0,2.3301146636621286e-07,0.1
265.7313730323254,1.4494438529035931,-0.04291164382302643,-0.041376478138164405,5030,2,0.06899197909575826,42.19768524169922,3.7423653602600098,43,78.16313171386719,heat,0.005454545454545455,0.0007590708972218005,1.0,2.384607867500735e-07,0.1
266.2954251229303,1.452520500670529,-0.041788250115136406,-0.045373989123435925,5040,2,0.06884584414046953,42.06338882446289,3.739177703857422,43,78.16313171386719,heat,0.005454545454545455,0.0010626992561105207,1.0,2.295475492886364e-07,0.1
266.9883561883256,1.4563001246635945,-0.043192482904976966,-0.04984068750677956,5050,2,0.06866716434780229,41.90782928466797,3.7354726791381836,43,78.16313171386719,heat,0.005454545454545455,0.0009108850766661606,1.0,2.3465893512436745e-07,0.1
267.9125422716393,1.4613411396634874,-0.04372297554072958,-0.05415873238138195,5060,2,0.06843029138495865,41.7356071472168,3.7313547134399414,43,78.16313171386719,heat,0.005454545454545455,0.0009108850766661606,1.0,2.3432098688910002e-07,0.1
250.93968406042066,1.36876191305684,0.02454812313084558,-0.058284723619726246,5070,2,0.0730587248564443,41.57027816772461,3.7273855209350586,42,78.16313171386719,heat,0.005454545454545455,0.0010626992561105207,1.0,2.338563185386849e-07,0.1
252.06532586288674,1.3749017774339278,0.07415420365911585,-0.06266878277458904,5080,2,0.07273246834158348,41.38346862792969,3.722881555557251,42,78.16313171386719,heat,0.005454545454545455,0.0007590708972218005,1.0,2.3398304603622555e-07,0.1
253.42005602306904,1.3822912146712858,0.10654028197697529,-0.06730509784749918,5090,2,0.0723436559088458,41.18949508666992,3.7181832790374756,42,78.16313171386719,heat,0.005454545454545455,0.0007590708972218005,1.0,2.273931598242672e-07,0.1
254.44814434859177,1.387898969174137,0.12197873794839242,-0.07217091891435064,5100,2,0.07205135404020406,41.00266647338867,3.713637113571167,42,78.16313171386719,heat,0.005454545454545455,0.0006072567177774404,1.0,2.248585972035357e-07,0.1
255.7424070963268,1.3949585841617826,0.12274538413382802,-0.07750234861272685,5110,2,0.07168671610425556,40.768280029296875,3.70790433883667,42,78.16313171386719,heat,0.005454545454545455,0.0012145134355548808,1.0,2.2764662194995452e-07,0.1
257.19391482760346,1.4028758990596553,0.10729251229414197,-0.07980590886970332,5120,2,0.07128214268063895,40.665321350097656,3.7053756713867188,42,78.16313171386719,heat,0.005454545454545455,0.0009108850766661606,1.0,2.8163293610249683e-07,0.1
257.7391998344599,1.405850180915236,0.0808292993522206,-0.0812499629673518,5130,2,0.07113133487303608,40.48827362060547,3.701012372970581,42,78.16313171386719,heat,0.005454545454545455,0.0009108850766661606,1.0,2.0289232436348314e-07,0.1
258.73729401473946,1.411294330989488,0.041245594739864194,-0.08244582747753654,5140,2,0.07085694160614102,40.28520584106445,3.695984363555908,42,78.16313171386719,heat,0.005454545454545455,0.0007590708972218005,1.0,2.1362200529996147e-07,0.1
241.97763465817502,1.3198780072264094,0.05725520843424636,-0.0826732253521139,5150,2,0.07576457782650681,40.116634368896484,3.69179105758667,41,78.16313171386719,heat,0.005454545454545455,0.0009108850766661606,1.0,2.2819578072054209e-07,0.1
242.85634115244102,1.3246709517405875,0.047853072546920256,-0.08224227856673512,5160,2,0.075490445282734,39.954898834228516,3.687751293182373,41,78.16313171386719,heat,0.005454545454545455,0.0012145134355548808,1.0,2.3035016855333194e-07,0.1
239.73300274050533,1.3076345604027564,0.10406880245390357,-0.05850355184674057,5170,2,0.07647396530204863,40.63911437988281,3.704730987548828,41,78.16313171386719,heat,0.005454545454545455,0.0007590708972218005,0.9936215450035436,0.02066043808443761,0.1
237.3833032721245,1.2948180178479518,0.15413413811913454,-0.026442419425075473,5180,2,0.07723093023234623,41.04428482055664,3.714651584625244,41,78.16313171386719,heat,0.005454545454545455,0.0010626992561105207,1.0,5.730917496245498e-05,0.1
237.1204467412101,1.2933842549520551,0.18702377214825766,0.0016377528125698644,5190,2,0.07731654349210161,41.06633377075195,3.71518874168396,41,78.16313171386719,heat,0.005454545454545455,0.0013663276149992408,1.0,2.7796919830333215e-05,0.1
236.89077216127808,1.2921314845160623,0.20194409899365454,0.025324211080653435,5200,2,0.07739150481071412,41.088008880615234,3.7157163619995117,41,78.16313171386719,heat,0.005454545454545455,0.001518141794443601,1.0,2.8851904508367005e-05,0.1
236.58124127365178,1.290443134219919,0.19700382558976215,0.04191118829174903,5210,2,0.07749275992734901,41.1023063659668,3.716064214706421,41,78.16313171386719,heat,0.005454545454545455,0.001518141794443601,1.0,3.474962320297143e-05,0.1
235.9126344357039,1.2867961878311123,0.17164441168679476,0.05468279179540709,5220,2,0.07771238440529532,41.14767074584961,3.717167377471924,41,78.16313171386719,heat,0.005454545454545455,0.0012145134355548808,1.0,3.7197787309187405e-05,0.1
236.00411977203018,1.2872951987565284,0.12574344459807957,0.059761455719907514,5230,2,0.07768225974632367,41.15312957763672,3.7172999382019043,41,78.16313171386719,heat,0.005454545454545455,0.001518141794443601,1.0,3.876258563654993e-05,0.1
235.5792973395623,1.2849779854885217,0.05841674256059801,0.055506137914067444,5240,2,0.0778223449189926,41.16532516479492,3.7175962924957275,41,78.16313171386719,heat,0.005454545454545455,0.0012145134355548808,1.0,4.388560009081528e-05,0.1
234.96844952217364,1.2816460883027654,0.050969659724786724,0.042106336679260954,5250,2,0.07802465978141139,41.19084930419922,3.7182161808013916,41,78.16313171386719,heat,0.005454545454545455,0.001518141794443601,1.0,4.906711140081543e-05,0.1
234.04695663485774,1.2766197634628604,0.03673551586643671,0.01924793510242596,5260,2,0.07833185954191067,41.23710632324219,3.7193384170532227,41,78.16313171386719,heat,0.005454545454545455,0.001669955973887961,1.0,5.43138003394872e-05,0.1
234.0755092743178,1.2767755051326426,0.02986801610747814,0.009837991870300626,5270,2,0.07832230458526156,41.23841857910156,3.7193703651428223,41,78.16313171386719,heat,0.005454545454545455,0.0012145134355548808,1.0,6.336763944974929e-05,0.1
233.5474196243582,1.273895016132863,0.03175361067572365,0.009642023222699686,5280,2,0.07849940437287208,41.256507873535156,3.71980881690979,41,78.16313171386719,heat,0.005454545454545455,0.0010626992561105207,1.0,7.089485408055769e-05,0.1
233.1000589438304,1.2714548669663477,0.033303940404424456,0.009258364007930326,5290,2,0.0786500587618945,41.26891326904297,3.720109462738037,41,78.16313171386719,heat,0.005454545454545455,0.0009108850766661606,1.0,8.047594565528225e-05,0.1
232.4651852083502,1.2679919193182738,0.0349478102101698,0.00917870054524097,5300,2,0.07886485590047312,41.30015182495117,3.7208662033081055,41,78.16313171386719,heat,0.005454545454545455,0.0010626992561105207,1.0,8.863795022065186e-05,0.1
232.0291631173573,1.2656136170037673,0.035911741869336836,0.008972877269227748,5310,2,0.07901305632025477,41.32453918457031,3.721456527709961,41,78.16313171386719,heat,0.005454545454545455,0.0010626992561105207,1.0,9.71097875749336e-05,0.1
231.2871259580633,1.2615661415894364,0.039145417886088,0.01026654306474732,5320,2,0.07926655345554127,41.38079833984375,3.7228169441223145,41,78.16313171386719,heat,0.005454545454545455,0.0010626992561105207,1.0,0.00010992965808694834,0.1
230.69412213669256,1.2583315752910504,0.04013970210481603,0.011261102138832762,5330,2,0.07947030970503155,41.41341781616211,3.723604917526245,41,78.16313171386719,heat,0.005454545454545455,0.0013663276149992408,1.0,0.00012039748352307438,0.1
230.128707136178,1.255247493470062,0.04074573787445509,0.012229737121660448,5340,2,0.07966556437691467,41.45545959472656,3.7246196269989014,41,78.16313171386719,heat,0.005454545454545455,0.001518141794443601,1.0,0.0001303109235154507,0.1
229.5196393258223,1.2519253054135764,0.04195483155552197,0.013483770587741951,5350,2,0.07987696994986836,41.50070571899414,3.725710391998291,41,78.16313171386719,heat,0.005454545454545455,0.0013663276149992408,1.0,0.00014099580577806015,0.1
229.2538417901423,1.2504755006735035,0.04392756504227571,0.015010441805044693,5360,2,0.07996957952885939,41.524139404296875,3.7262749671936035,41,78.16313171386719,heat,0.005454545454545455,0.0013663276149992408,1.0,0.00015533286240092107,0.1
228.9299156906814,1.2487086310400806,0.04260656900655107,0.016170961814263522,5370,2,0.08008273308458476,41.57156753540039,3.727416515350342,41,78.16313171386719,heat,0.005454545454545455,0.0013663276149992408,1.0,0.00017204866748290635,0.1
228.63173735501798,1.2470822037546436,0.040416984338579855,0.016786439683274517,5380,2,0.08018717587254932,41.600608825683594,3.7281148433685303,41,78.16313171386719,heat,0.005454545454545455,0.0013663276149992408,1.0,0.0001830611306319045,0.1
228.2746645285283,1.2451345337919726,0.037407585820754416,0.01654845642429316,5390,2,0.08031260661886616,41.626365661621094,3.728733777999878,41,78.16313171386719,heat,0.005454545454545455,0.0010626992561105207,1.0,0.0002005904059573146,0.1
227.84918042539297,1.2428137114112345,0.03493210828576654,0.015913033617826058,5400,2,0.08046258186711541,41.65103530883789,3.7293262481689453,41,78.16313171386719,heat,0.005454545454545455,0.001518141794443601,1.0,0.0002191528409034176,0.1
227.42923363809453,1.2405230925714248,0.032152024547219715,0.014851334074788902,5410,2,0.08061115556721679,41.68149185180664,3.73005747795105,41,78.16313171386719,heat,0.005454545454545455,0.0012145134355548808,1.0,0.0002350380567905231,0.1
227.3344580882592,1.2400061350268685,0.029279018329612973,0.014116671932647951,5420,2,0.08064476229211011,41.70553970336914,3.7306339740753174,41,78.16313171386719,heat,0.005454545454545455,0.0012145134355548808,1.0,0.00026123003006472517,0.1
243.0751899282336,1.3258646723358198,-0.04175054669559174,0.013884986219771604,5430,2,0.07542247869371667,41.75920104980469,3.731919765472412,42,78.16313171386719,heat,0.005454545454545455,0.0009108850766661606,1.0,0.00028606469155596813,0.1
242.3676322398772,1.3220052667629667,-0.09651578596758477,0.014254524724937916,5440,2,0.0756426638487287,41.80972671508789,3.7331290245056152,42,78.16313171386719,heat,0.005454545454545455,0.0007590708972218005,1.0,0.00031392225620424614,0.1
242.24101631942207,1.321314634469575,-0.1355747137848488,0.014869103449843324,5450,2,0.07568220118907844,41.84319305419922,3.73392915725708,42,78.16313171386719,heat,0.005454545454545455,0.0009108850766661606,1.0,0.00033409861391255123,0.1
242.03665354469334,1.3201999284256,-0.15989221296141118,0.015029032276513844,5460,2,0.07574610318245863,41.871585845947266,3.734607458114624,42,78.16313171386719,heat,0.005454545454545455,0.0009108850766661606,1.0,0.0003592234185644677,0.1
241.4462042452547,1.3169792958832076,-0.16725304509574326,0.015164768839460455,5470,2,0.07593133795845809,41.88966751098633,3.735039234161377,42,78.16313171386719,heat,0.005454545454545455,0.0010626992561105207,1.0,0.00038444551699157886,0.1
240.5698001556042,1.3121989099396594,-0.15695838247799837,0.015438652374690186,5480,2,0.07620795844480502,41.93101501464844,3.736025810241699,42,78.16313171386719,heat,0.005454545454545455,0.0009108850766661606,1.0,0.00041060608350965545,0.1
240.04225197275144,1.3093213743968262,-0.13116976547067066,0.01534386954787327,5490,2,0.07637544300081993,41.957275390625,3.73665189743042,42,78.16313171386719,heat,0.005454545454545455,0.0010626992561105207,1.0,0.000439172905453459,0.1
240.00101535332348,1.3090964473817646,-0.09168216331666178,0.014284528807759884,5500,2,0.07638856571645523,41.95981979370117,3.7367124557495117,42,78.16313171386719,heat,0.005454545454545455,0.0010626992561105207,1.0,0.0004629996779056637,0.1
240.01272721639867,1.3091603302712655,-0.03803882495616918,0.013063472243208012,5510,2,0.07638483819570016,41.98471450805664,3.7373056411743164,42,78.16313171386719,heat,0.005454545454545455,0.0009108850766661606,1.0,0.0004884283797017448,0.1
239.4522086941287,1.3061029565134294,0.030711064102321523,0.011698950287760856,5520,2,0.076563642629632,42.016700744628906,3.738067150115967,42,78.16313171386719,heat,0.005454545454545455,0.0009108850766661606,1.0,0.0005198580850741459,0.1
238.94556211914625,1.3033394297407979,0.029908472411865148,0.010987752716492839,5530,2,0.07672598382133466,42.04763412475586,3.7388031482696533,42,78.16313171386719,heat,0.005454545454545455,0.0006072567177774404,1.0,0.0005451918686565189,0.1
237.9836640585922,1.2980927130468667,0.03281223384438757,0.011591290706945045,5540,2,0.07703609996028811,42.105567932128906,3.740180015563965,42,78.16313171386719,heat,0.005454545454545455,0.0006072567177774404,1.0,0.0005779808331386554,0.1
237.52960168093574,1.2956160091687405,0.03429015543175299,0.013024426047336064,5550,2,0.07718336242553796,42.16548156738281,3.7416019439697266,42,78.16313171386719,heat,0.005454545454545455,0.0006072567177774404,1.0,0.0005994011780173168,0.1
237.0375360733138,1.292932014945348,0.03452475315433958,0.014553414413900442,5560,2,0.07734358716782722,42.20634078979492,3.742570400238037,42,78.16313171386719,heat,0.005454545454545455,0.0007590708972218005,1.0,0.0006226914457354396,0.1
236.91602767779528,1.2922692418788835,0.03366330690245468,0.015614392355594958,5570,2,0.07738325478876669,42.238853454589844,3.743340492248535,42,78.16313171386719,heat,0.005454545454545455,0.0006072567177774404,1.0,0.0006535475787575985,0.1
236.35186224789413,1.2891919758976045,0.03532179083838693,0.01715491319101748,5580,2,0.07756796650116803,42.28651428222656,3.7444682121276855,42,78.16313171386719,heat,0.005454545454545455,0.0006072567177774404,1.0,0.0006794593182922434,0.1
235.62230081925398,1.2852125499232037,0.03877945212053496,0.018509881296936124,5590,2,0.07780814154512838,42.3255500793457,3.7453908920288086,42,78.16313171386719,heat,0.005454545454545455,0.0009108850766661606,1.0,0.0007001070300672233,0.1
235.4250708446083,1.2841367500615,0.039265316097917224,0.019163517324984922,5600,2,0.07787332618213037,42.37487030029297,3.7465555667877197,42,78.16313171386719,heat,0.005454545454545455,0.0007590708972218005,1.0,0.0007255165767987951,0.1
235.05544930278066,1.2821206325606218,0.037002470313007164,0.01877444669870522,5610,2,0.0779957809432349,42.39189910888672,3.746957302093506,42,78.16313171386719,heat,0.005454545454545455,0.0009108850766661606,1.0,0.0007445078240351093,0.1
234.4158405118998,1.2786318573376354,0.03564463833849842,0.018605615617309966,5620,2,0.07820859415173637,42.45344543457031,3.748408079147339,42,78.16313171386719,heat,0.005454545454545455,0.0007590708972218005,1.0,0.0007499063494027817,0.1
233.81266449490755,1.2753418063358595,0.0347406634488798,0.01900944558475706,5630,2,0.07841035203519796,42.537445068359375,3.75038480758667,42,78.16313171386719,heat,0.005454545454545455,0.0009108850766661606,1.0,0.0007687757865685513,0.1
233.96750994841176,1.2761864179004279,0.03334893513438367,0.019174739195212214,5640,2,0.07835845813538686,42.56428909301758,3.7510156631469727,42,78.16313171386719,heat,0.005454545454545455,0.0007590708972218005,1.0,0.0007789751698697298,0.1
233.74399063593356,1.2749672216505468,0.03140723053636051,0.019904692604179576,5650,2,0.07843338895453487,42.617584228515625,3.7522668838500977,42,78.16313171386719,heat,0.005454545454545455,0.0009108850766661606,1.0,0.0007923061855570997,0.1
233.5182840388294,1.2737360947572514,0.029390646611916215,0.020104871438622208,5660,2,0.07850919857857841,42.64506530761719,3.7529115676879883,42,78.16313171386719,heat,0.005454545454545455,0.0006072567177774404,1.0,0.0008006015122379028,0.1
233.0172706850963,1.27100329464598,0.02681509617179329,0.020035077021834078,5670,2,0.07867800219027253,42.69169616699219,3.75400447845459,42,78.16313171386719,heat,0.005454545454545455,0.0009108850766661606,1.0,0.0008130630014664252,0.1
232.7689950427924,1.2696490638697768,0.024555479896834917,0.020002102237577556,5680,2,0.07876192157792716,42.73558807373047,3.7550320625305176,42,78.16313171386719,heat,0.005454545454545455,0.0007590708972218005,1.0,0.0008106566024191736,0.1
232.9173440579448,1.2704582403160627,0.022059912760450093,0.018819656346239486,5690,2,0.07871175677141672,42.737709045410156,3.7550816535949707,42,78.16313171386719,heat,0.005454545454545455,0.0007590708972218005,1.0,0.0008106491058829889,0.1
233.32002318414388,1.2726546719135121,0.01631203447624284,0.01697709106210985,5700,2,0.07857591081612426,42.74081802368164,3.7551543712615967,42,78.16313171386719,heat,0.005454545454545455,0.0006072567177774404,1.0,0.0008130691227177059,0.1
233.0783233956687,1.2713363094309202,0.011468862860848845,0.014707475040143756,5710,2,0.07865739321546031,42.78364562988281,3.7561559677124023,42,78.16313171386719,heat,0.005454545454545455,0.0006072567177774404,1.0,0.0008079850639287227,0.1
248.92900160111677,1.3577945541879097,-0.05937608260345888,0.013213622930897081,5720,2,0.07364884451153916,42.82853317260742,3.757204532623291,43,78.16313171386719,heat,0.005454545454545455,0.0009108850766661606,1.0,0.0008007799105918065,0.1
248.18675589191685,1.3537459412286375,-0.11057315956686117,0.014364105913007217,5730,2,0.07386910420521126,42.92317199707031,3.7594118118286133,43,78.16313171386719,heat,0.005454545454545455,0.0007590708972218005,1.0,0.0007942117962931447,0.1
247.98889260612813,1.3526666869425172,-0.14822822189294302,0.01517628213808435,5740,2,0.07392804226297146,42.960880279541016,3.7602899074554443,43,78.16313171386719,heat,0.005454545454545455,0.0007590708972218005,1.0,0.0007872020148868196,0.1
248.19798361664144,1.3538071833634988,-0.1724028089836512,0.01620759704560939,5750,2,0.07386576259076466,42.99327087402344,3.7610435485839844,43,78.16313171386719,heat,0.005454545454545455,0.0006072567177774404,1.0,0.0007904950536927439,0.1
248.16083519159577,1.3536045555905225,-0.18127967687378377,0.01711454261923437,5760,2,0.07387681992276841,43.0380973815918,3.7620856761932373,43,78.16313171386719,heat,0.005454545454545455,0.0007590708972218005,1.0,0.0007806368154265029,0.1
248.75006087562187,1.3568185138670286,-0.17624162800896392,0.017384108642340124,5770,2,0.07370182450930224,43.04032516479492,3.7621374130249023,43,78.16313171386719,heat,0.005454545454545455,0.0007590708972218005,1.0,0.0007745425472950825,0.1
248.48620868079757,1.3553793200770778,-0.15315309500031146,0.01766931156261253,5780,2,0.07378008393570089,43.06522750854492,3.7627158164978027,43,78.16313171386719,heat,0.005454545454545455,0.0007590708972218005,1.0,0.000762012771734721,0.1
249.2484569619268,1.3595370379741463,-0.11950109829736294,0.016465176237183864,5790,2,0.0735544506746286,43.07141876220703,3.762859582901001,43,78.16313171386719,heat,0.005454545454545455,0.0007590708972218005,1.0,0.0007453512371594283,0.1
249.4806061295339,1.360803306161094,-0.0730538765829343,0.014066145801549282,5800,2,0.07348600605777912,43.09046936035156,3.7633018493652344,43,78.16313171386719,heat,0.005454545454545455,0.0007590708972218005,1.0,0.0007306606737166791,0.1
249.01402970552752,1.358258343848332,-0.007859801805859117,0.011972369385423252,5810,2,0.07362369644398545,43.129127502441406,3.7641985416412354,43,78.16313171386719,heat,0.005454545454545455,0.0009108850766661606,1.0,0.0007189517430442997,0.1
249.0123034684499,1.3582489280097267,-0.010748469854281245,0.009663463249300272,5820,2,0.0736242068282228,43.141334533691406,3.764481544494629,43,78.16313171386719,heat,0.005454545454545455,0.0007590708972218005,1.0,0.0007015803619188902,0.1
249.47769357145785,1.3607874194806793,-0.011793794728611237,0.009120311605876537,5830,2,0.07348686397921231,43.17148208618164,3.7651801109313965,43,78.16313171386719,heat,0.005454545454545455,0.0010626992561105207,1.0,0.0006857679226659475,0.1
249.57176713770872,1.3613005480238658,-0.011064009245176816,0.008668325268376768,5840,2,0.07345916384531334,43.184329986572266,3.7654776573181152,43,78.16313171386719,heat,0.005454545454545455,0.0012145134355548808,1.0,0.0006719532054829168,0.1
249.65904437230196,1.3617766056671017,-0.010300769887623518,0.008967381211269146,5850,2,0.07343348357127372,43.22709655761719,3.766467571258545,43,78.16313171386719,heat,0.005454545454545455,0.0012145134355548808,1.0,0.0006602647041319126,0.1
249.292265029833,1.3597759910718166,-0.006560539038288224,0.010278182917171808,5860,2,0.07354152496925392,43.2680549621582,3.7674145698547363,43,78.16313171386719,heat,0.005454545454545455,0.0012145134355548808,1.0,0.0006513873570282501,0.1
249.17847400555578,1.359155312757577,-0.0042719902363070866,0.01059920799858824,5870,2,0.0735751087909968,43.27329635620117,3.76753568649292,43,78.16313171386719,heat,0.005454545454545455,0.0012145134355548808,1.0,0.0006337043647172522,0.1
249.63473102701198,1.3616439874200654,-0.0021352743297381903,0.010522299871330337,5880,2,0.0734406356756086,43.277400970458984,3.7676305770874023,43,78.16313171386719,heat,0.005454545454545455,0.0012145134355548808,1.0,0.0006197766105668827,0.1
249.87032604761546,1.3629290511688117,-0.0036649926824271024,0.009862548243284386,5890,2,0.07337139076626378,43.2918586730957,3.7679646015167236,43,78.16313171386719,heat,0.005454545454545455,0.0009108850766661606,1.0,0.0006062170468923562,0.1
249.31242958162503,1.3598859795361367,-0.0035327628198226304,0.009848735287618603,5900,2,0.0735355768827843,43.34590530395508,3.769212245941162,43,78.16313171386719,heat,0.005454545454545455,0.0009108850766661606,1.0,0.000591623662686481,0.1
249.237144158261,1.359475331772333,-0.0009676334184474239,0.010319791892176858,5910,2,0.07355778929039566,43.376216888427734,3.769911289215088,43,78.16313171386719,heat,0.005454545454545455,0.0007590708972218005,1.0,0.0005792937323010133,0.1
248.94294899631527,1.3578706308889925,0.0029822719174026884,0.009633078939558363,5920,2,0.07364471822660337,43.36558532714844,3.7696661949157715,43,78.16313171386719,heat,0.005454545454545455,0.0007590708972218005,1.0,0.0005677222487273145,0.1
249.32551560560407,1.3599573578487496,0.003060062415921584,0.00844253554545216,5930,2,0.07353171731662612,43.35675811767578,3.7694625854492188,43,78.16313171386719,heat,0.005454545454545455,0.0007590708972218005,1.0,0.0005550045835403402,0.1
249.50414618206418,1.360931706447623,0.0018226566187885423,0.006747360189753685,5940,2,0.07347907284857473,43.36045837402344,3.769547939300537,43,78.16313171386719,heat,0.005454545454545455,0.0007590708972218005,1.0,0.0005442724983712155,0.1
250.00541161038367,1.3636658815111837,-0.001913162122386503,0.005534033542986461,5950,2,0.07333174596198173,43.36823272705078,3.7697272300720215,43,78.16313171386719,heat,0.005454545454545455,0.0010626992561105207,1.0,0.0005288588043258075,0.1
250.25058585515632,1.36500319557358,-0.004527762145916394,0.00459665550055778,5960,2,0.07325990175281574,43.361419677734375,3.7695701122283936,43,78.16313171386719,heat,0.005454545454545455,0.0006072567177774404,1.0,0.0005118405335192707,0.1
250.53986121030837,1.3665810611471367,-0.006888497106268735,0.0026929697040761246,5970,2,0.07317531527625439,43.333824157714844,3.7689335346221924,43,78.16313171386719,heat,0.005454545454545455,0.0010626992561105207,1.0,0.0005013193387071543,0.1
250.5505804068405,1.3666395294918574,-0.010319168999188498,0.0002221732396080436,5980,2,0.07317218464856048,43.317806243896484,3.768563747406006,43,78.16313171386719,heat,0.005454545454545455,0.0007590708972218005,1.0,0.0004878280887150547,0.1
250.57600056992135,1.3667781849268439,-0.014193776964138058,-0.001810683371342059,5990,2,0.07316476155591586,43.32810974121094,3.768801689147949,43,78.16313171386719,heat,0.005454545454545455,0.0007590708972218005,1.0,0.00047673983649980384,0.1
249.96235061739645,1.3634310033676171,-0.01221205642647583,-0.0018689549112244478,6000,2,0.07334437881565273,43.35560989379883,3.7694361209869385,43,78.16313171386719,heat,0.005454545454545455,0.0007590708972218005,1.0,0.0004616177375476232,0.1
250.16035296340763,1.3645110161640417,-0.010115151840342994,-0.001264922116636522,6010,2,0.07328632661473361,43.349491119384766,3.7692949771881104,43,78.16313171386719,heat,0.005454545454545455,0.0007590708972218005,1.0,0.00045263110116717533,0.1
250.0942434680193,1.364150418916469,-0.005469902802102301,-0.00042281094981840456,6020,2,0.07330569900013592,43.36684799194336,3.769695281982422,43,78.16313171386719,heat,0.005454545454545455,0.0006072567177774404,1.0,0.0004404505294532146,0.1
249.75497016536687,1.3622998372656376,-0.0003248012393286909,0.0008752480866602055,6030,2,0.07340527926709339,43.39773941040039,3.7704074382781982,43,78.16313171386719,heat,0.005454545454545455,0.0007590708972218005,1.0,0.00042645690650718775,0.1
249.54509937325852,1.3611550874905012,0.005155779591038682,0.002188055786487025,6040,2,0.07346701409636237,43.40298843383789,3.7705283164978027,43,78.16313171386719,heat,0.005454545454545455,0.0006072567177774404,1.0,0.00041718856982020814,0.1
249.5723577471164,1.3613037695297259,0.008113248307707304,0.003672985161913202,6050,2,0.07345899000525494,43.410430908203125,3.7706997394561768,43,78.16313171386719,heat,0.005454545454545455,0.0006072567177774404,1.0,0.0004048421644184258,0.1
249.25939730851286,1.3595967125918884,0.010731956780692066,0.005226780260984592,6060,2,0.07355122226602287,43.431217193603516,3.7711784839630127,43,78.16313171386719,heat,0.005454545454545455,0.0006072567177774404,1.0,0.00039784879022948495,0.1
249.56954408606617,1.3612884222876338,0.009844573882653184,0.005209211441981899,6070,2,0.07345981818603206,43.41203308105469,3.7707366943359375,43,78.16313171386719,heat,0.005454545454545455,0.0007590708972218005,1.0,0.00038587392275970796,0.1
250.15775168260225,1.3644968273596487,0.005693144502488206,0.0035576920859613018,6080,2,0.07328708868711968,43.37803649902344,3.7699532508850098,43,78.16313171386719,heat,0.005454545454545455,0.0007590708972218005,1.0,0.0003744542148780384,0.1
250.3164963981145,1.3653627076260793,0.0004123880344622779,0.0015663516252378729,6090,2,0.07324061177404458,43.36424255371094,3.7696352005004883,43,78.16313171386719,heat,0.005454545454545455,0.0009108850766661606,1.0,0.0003630447567837916,0.1
250.94945451336955,1.3688152064365613,-0.004638663722069258,-0.00012855011533774698,6100,2,0.07305588039186835,43.351566314697266,3.769343376159668,43,78.16313171386719,heat,0.005454545454545455,0.0007590708972218005,1.0,0.00035829472154313546,0.1
250.61910304958346,1.3670132893613645,-0.008455124977649449,-0.0018246809797201767,6110,2,0.07315217838644245,43.35810089111328,3.769493579864502,43,78.16313171386719,heat,0.005454545454545455,0.0006072567177774404,1.0,0.00034776117831196646,0.1
250.8761487208333,1.3684153566590909,-0.012583988832927096,-0.0031892784227871038,6120,2,0.07307722725660167,43.35319137573242,3.7693803310394287,43,78.16313171386719,heat,0.005454545454545455,0.0007590708972218005,1.0,0.0003359760168283415,0.1
251.6691609564714,1.3727408779443895,-0.01755023993735694,-0.0045150392148970405,6130,2,0.07284696012676842,43.31425094604492,3.768481731414795,43,78.16313171386719,heat,0.005454545454545455,0.0007590708972218005,1.0,0.00032610180466383044,0.1
251.9133553455872,1.3740728473395667,-0.020727208413000766,-0.005410950583115156,6140,2,0.07277634529611485,43.30781173706055,3.7683329582214355,43,78.16313171386719,heat,0.005454545454545455,0.0009108850766661606,1.0,0.00031623725996261646,0.1
251.66110116136014,1.3726969154256008,-0.020889656847458974,-0.005079072181522147,6150,2,0.07284929315150045,43.33059310913086,3.7688589096069336,43,78.16313171386719,heat,0.005454545454545455,0.0007590708972218005,1.0,0.00030992562848114897,0.1
252.74395914012655,1.3786034134915994,-0.022044454557601786,-0.004829795157323894,6160,2,0.0725371771325658,43.28421401977539,3.7677879333496094,43,78.16313171386719,heat,0.005454545454545455,0.0006072567177774404,1.0,0.0002992412053825153,0.1
252.92606306565577,1.3795967076308497,-0.022278927365416333,-0.004423938731524489,6170,2,0.07248495117948472,43.28154754638672,3.767726421356201,43,78.16313171386719,heat,0.005454545454545455,0.0010626992561105207,1.0,0.00029076075680606057,0.1
253.48201544171818,1.3826291751366446,-0.02466868448078967,-0.005185995315216219,6180,2,0.07232597271796833,43.243736267089844,3.766852378845215,43,78.16313171386719,heat,0.005454545454545455,0.0007590708972218005,1.0,0.0002840750783577583,0.1
253.73592475319117,1.3840141350174064,-0.02586840646634608,-0.005914813605305566,6190,2,0.0722535973223585,43.23208999633789,3.76658296585083,43,78.16313171386719,heat,0.005454545454545455,0.0012145134355548808,1.0,0.00027609968587738334,0.1
254.37606862586645,1.3875058288683626,-0.029723961918357134,-0.0070495195310224905,6200,2,0.07207176929956331,43.200828552246094,3.765859603881836,43,78.16313171386719,heat,0.005454545454545455,0.0010626992561105207,1.0,0.0002669877025993801,0.1
254.7447986795591,1.3895170837066861,-0.03033820079045308,-0.0076751708922965945,6210,2,0.07196744910342466,43.18130111694336,3.7654075622558594,43,78.16313171386719,heat,0.005454545454545455,0.0010626992561105207,1.0,0.00025995502875118516,0.1
255.50745284434316,1.3936770155145992,-0.03160321361846667,-0.00823100273904432,6220,2,0.07175263629003464,43.15113830566406,3.7647087574005127,43,78.16313171386719,heat,0.005454545454545455,0.0009108850766661606,1.0,0.00025369589458789656,0.1
255.6427010407721,1.3944147329496661,-0.03314398002308393,-0.008799380898680396,6230,2,0.0717146754383939,43.15304183959961,3.7647528648376465,43,78.16313171386719,heat,0.005454545454545455,0.0010626992561105207,1.0,0.000247554662331317,0.1
256.1461955733884,1.397161066763937,-0.034396149562635495,-0.009117474060395505,6240,2,0.07157370927291658,43.13605880737305,3.76435923576355,43,78.16313171386719,heat,0.005454545454545455,0.0010626992561105207,1.0,0.00024102059489397912,0.1
256.7157392144603,1.4002676684425108,-0.03289496337620639,-0.008321701865802302,6250,2,0.07141491748590323,43.11809539794922,3.7639427185058594,43,78.16313171386719,heat,0.005454545454545455,0.0009108850766661606,1.0,0.0002334551459541683,0.1
257.2343086770589,1.4030962291475941,-0.03428066460468899,-0.008367523496681743,6260,2,0.07127094914990384,43.091331481933594,3.763321876525879,43,78.16313171386719,heat,0.005454545454545455,0.0009108850766661606,1.0,0.00022695101854097017,0.1
257.6154948900159,1.405175426672814,-0.03407754445885044,-0.0078741970513516,6270,2,0.07116549158333976,43.074867248535156,3.762939691543579,43,78.16313171386719,heat,0.005454545454545455,0.0009108850766661606,1.0,0.00022067016675287143,0.1
257.02675776099886,1.4019641332418122,-0.030074364100939388,-0.006947684078750602,6280,2,0.07132850094300658,43.093544006347656,3.7633731365203857,43,78.16313171386719,heat,0.005454545454545455,0.0007590708972218005,1.0,0.00021534583655779708,0.1
256.49338795427224,1.3990548433869396,-0.02215608300659769,-0.00532106996010049,6290,2,0.07147682628217226,43.10466003417969,3.7636311054229736,43,78.16313171386719,heat,0.005454545454545455,0.0009108850766661606,1.0,0.00020978121109190316,0.1
255.92331033614337,1.3959453291062367,-0.012738491922720783,-0.003508568623071216,6300,2,0.0716360432711399,43.12257766723633,3.7640466690063477,43,78.16313171386719,heat,0.005454545454545455,0.0007590708972218005,1.0,0.00020435229607581866,0.1
256.42897543695716,1.3987035023834027,-0.0057816943276839195,-0.0020656749433169024,6310,2,0.07149478058044408,43.11323165893555,3.7638299465179443,43,78.16313171386719,heat,0.005454545454545455,0.0007590708972218005,1.0,0.00019936727474449884,0.1
256.78989855307964,1.400672173925889,-0.0024117558267123,-0.001434963418930853,6320,2,0.07139429329827689,43.09994125366211,3.763521671295166,43,78.16313171386719,heat,0.005454545454545455,0.0007590708972218005,1.0,0.000193935354051466,0.1
256.79894469295834,1.4007215165070457,0.001396658958463508,-0.0004627298148205456,6330,2,0.07139177832390854,43.100929260253906,3.7635445594787598,43,78.16313171386719,heat,0.005454545454545455,0.0007590708972218005,1.0,0.00018753446495849548,0.1
257.5174536415554,1.4046406562266658,0.0010095944044330083,-0.00019686595770914808,6340,2,0.07119258548918371,43.07966613769531,3.7630510330200195,43,78.16313171386719,heat,0.005454545454545455,0.0007590708972218005,1.0,0.0001815546649355708,0.1
257.3350324089695,1.4036456313216519,-0.00020880542319266782,-0.00031649057708398623,6350,2,0.07124305292486216,43.07247543334961,3.7628841400146484,43,78.16313171386719,heat,0.005454545454545455,0.0009108850766661606,1.0,0.00017660572237084658,0.1
257.71697981851673,1.4057289808282734,-0.004849510336052254,-0.0015321966992638586,6360,2,0.07113746772231923,43.047874450683594,3.762312889099121,43,78.16313171386719,heat,0.005454545454545455,0.0007590708972218005,1.0,0.0001722028915681906,0.1
258.0637003167465,1.4076201835458901,-0.012244808431275764,-0.0035299245025914743,6370,2,0.07104189124945144,43.024749755859375,3.761775493621826,43,78.16313171386719,heat,0.005454545454545455,0.0006072567177774404,1.0,0.0001683618681037351,0.1
258.05059084583644,1.407548677340926,-0.016390866966493427,-0.005384483267706621,6380,2,0.07104550031542443,42.9970588684082,3.761131763458252,43,78.16313171386719,heat,0.005454545454545455,0.0006072567177774404,1.0,0.00016271845966199324,0.1
257.3979978133593,1.40398907898196,-0.014528476843375465,-0.005800781782606768,6390,2,0.07122562525380222,43.02362060546875,3.761749267578125,43,78.16313171386719,heat,0.005454545454545455,0.0006072567177774404,1.0,0.00015642435824679056,0.1
257.6198816826388,1.4051993546325754,-0.010061604606437163,-0.0059166122762537385,6400,2,0.07116427976594646,42.99694061279297,3.7611289024353027,43,78.16313171386719,heat,0.005454545454545455,0.0007590708972218005,1.0,0.00015221921947186062,0.1
257.7885533013192,1.4061193816435595,-0.0071941968373561435,-0.0056785475240208345,6410,2,0.07111771682082485,42.995513916015625,3.7610957622528076,43,78.16313171386719,heat,0.005454545454545455,0.0010626992561105207,1.0,0.00014790724993064277,0.1
258.180181956715,1.4082555379457182,-0.00639553379699117,-0.005654629703351683,6420,2,0.07100983969562387,42.97649002075195,3.760653257369995,43,78.16313171386719,heat,0.005454545454545455,0.0012145134355548808,1.0,0.00014363064657626798,0.1
258.9734818059777,1.4125826280326057,-0.007512357911690518,-0.006281105040283715,6430,2,0.07079231898758122,42.920143127441406,3.759341239929199,43,78.16313171386719,heat,0.005454545454545455,0.0012145134355548808,1.0,0.00013932054626001646,0.1
259.519924592156,1.4155632250481236,-0.012298314634543775,-0.006941212748911106,6440,2,0.07064325932640726,42.90430450439453,3.75897216796875,43,78.16313171386719,heat,0.005454545454545455,0.0012145134355548808,1.0,0.00013477028708554827,0.1
259.9355012438203,1.4178300067844742,-0.01609174853698787,-0.007742462182152079,6450,2,0.07053031711946346,42.868247985839844,3.758131504058838,43,78.16313171386719,heat,0.005454545454545455,0.0013663276149992408,1.0,0.00013110058046232191,0.1
260.4819548787899,1.4208106629752177,-0.02159269220094882,-0.009032343180709926,6460,2,0.07038235466969059,42.832061767578125,3.75728702545166,43,78.16313171386719,heat,0.005454545454545455,0.0012145134355548808,1.0,0.00012728221190627664,0.1
260.9905924631034,1.423585049798746,-0.028339478288546518,-0.0106034578084233,6470,2,0.07024518838135954,42.800376892089844,3.756546974182129,43,78.16313171386719,heat,0.005454545454545455,0.0012145134355548808,1.0,0.00012559539154647175,0.1
261.7528507162989,1.427742822088903,-0.03547635945425157,-0.012571165762777567,6480,2,0.07004062528130377,42.767513275146484,3.7557787895202637,43,78.16313171386719,heat,0.005454545454545455,0.0012145134355548808,1.0,0.00012248751200605375,0.1
261.6793495372337,1.4273419065667294,-0.03590805923144148,-0.013068576656916422,6490,2,0.0700602984750416,42.74684143066406,3.7552952766418457,43,78.16313171386719,heat,0.005454545454545455,0.001518141794443601,1.0,0.0001183870300433772,0.1
261.86384556861896,1.4283482485561037,-0.03445246755331731,-0.013241596285573058,6500,2,0.07001093752947753,42.73175048828125,3.7549421787261963,43,78.16313171386719,heat,0.005454545454545455,0.0013663276149992408,1.0,0.00011519689546179549,0.1
262.5531264138417,1.4321079622573185,-0.032835106393535894,-0.012476002487521976,6510,2,0.06982713778252997,42.71468734741211,3.754542827606201,43,78.16313171386719,heat,0.005454545454545455,0.001518141794443601,1.0,0.00011145995686569632,0.1
262.608308208263,1.4324089538632527,-0.029124321459680802,-0.01067465016151721,6520,2,0.0698124650298344,42.71949768066406,3.754655361175537,43,78.16313171386719,heat,0.005454545454545455,0.0013663276149992408,1.0,0.00010777467209235241,0.1
262.5324920981658,1.4319954114445408,-0.02510737979887532,-0.009382780534050636,6530,2,0.06983262599921597,42.70964431762695,3.754424810409546,43,78.16313171386719,heat,0.005454545454545455,0.0013663276149992408,1.0,0.00010472330312538479,0.1
262.51713271981083,1.4319116330171502,-0.02059405381924852,-0.007335431793500252,6540,2,0.06983671177340194,42.714351654052734,3.754534959793091,43,78.16313171386719,heat,0.005454545454545455,0.0013663276149992408,1.0,0.00010183496887661637,0.1
262.24788035806995,1.4304429837712909,-0.014450813019653076,-0.005125781357464258,6550,2,0.06990841378127148,42.723140716552734,3.7547407150268555,43,78.16313171386719,heat,0.005454545454545455,0.0013663276149992408,1.0,9.92942193957771e-05,0.1
261.76750663251016,1.4278227634500555,-0.007090539840048701,-0.0035803558543224374,6560,2,0.07003670382615941,42.70686721801758,3.7543599605560303,43,78.16313171386719,heat,0.005454545454545455,0.0010626992561105207,1.0,9.682122936121978e-05,0.1
262.492466060366,1.4317770876019964,-0.003826116163514767,-0.003143318631865821,6570,2,0.06984327439370079,42.670467376708984,3.753507137298584,43,78.16313171386719,heat,0.005454545454545455,0.0013663276149992408,1.0,9.328632696753984e-05,0.1
262.85556453009764,1.4337576247096235,-0.004230231012110881,-0.003288380582633436,6580,2,0.06974679560658158,42.65684127807617,3.753187656402588,43,78.16313171386719,heat,0.005454545454545455,0.0013663276149992408,1.0,9.043035303787206e-05,0.1
262.93844623604184,1.4342097067420465,-0.0036644955399707177,-0.003282383047804992,6590,2,0.06972481048615979,42.66389083862305,3.7533528804779053,43,78.16313171386719,heat,0.005454545454545455,0.0009108850766661606,1.0,8.783483948155282e-05,0.1
262.92360827452126,1.4341287724064797,-0.0028368462511393503,-0.002869281368207744,6600,2,0.0697287453707516,42.681243896484375,3.7537596225738525,43,78.16313171386719,heat,0.005454545454545455,0.0012145134355548808,1.0,8.593236306406826e-05,0.1
262.91269789719854,1.4340692612574466,-0.004290080704462514,-0.0030261588801808086,6610,2,0.0697316389811718,42.666648864746094,3.753417491912842,43,78.16313171386719,heat,0.005454545454545455,0.0010626992561105207,1.0,8.320310201951646e-05,0.1
262.45800483136435,1.4315891172619875,-0.003956975750569221,-0.0027334539539735194,6620,2,0.06985244494681328,42.669227600097656,3.7534780502319336,43,78.16313171386719,heat,0.005454545454545455,0.0013663276149992408,1.0,8.029744449947135e-05,0.1
262.7394377534862,1.4331242059281066,-0.0044816671179565715,-0.002753437559071897,6630,2,0.06977762261383265,42.65679931640625,3.7531867027282715,43,78.16313171386719,heat,0.005454545454545455,0.0010626992561105207,1.0,7.781055085246321e-05,0.1
263.62331392967684,1.4379453487073284,-0.008135455041184911,-0.0030982977787892127,6640,2,0.06954367221946031,42.62550735473633,3.752452850341797,43,78.16313171386719,heat,0.005454545454545455,0.0010626992561105207,1.0,7.560781340808974e-05,0.1
264.5786499613055,1.443156272516212,-0.013236198781092195,-0.004004355437217987,6650,2,0.0692925651257748,42.571231842041016,3.751178741455078,43,78.16313171386719,heat,0.005454545454545455,0.0012145134355548808,1.0,7.367192076040269e-05,0.1
264.9870824465295,1.445384086071979,-0.015635000178911083,-0.005497297466440743,6660,2,0.06918576243063747,42.53242492675781,3.7502667903900146,43,78.16313171386719,heat,0.005454545454545455,0.0012145134355548808,1.0,7.18150924324668e-05,0.1
264.7377167047099,1.4440239092984177,-0.01773861809249613,-0.007001579617135668,6670,2,0.06925093092716535,42.5374755859375,3.7503855228424072,43,78.16313171386719,heat,0.005454545454545455,0.0013663276149992408,1.0,6.966086557137626e-05,0.1
264.51373445416124,1.4428021879317887,-0.018796239128791976,-0.008160949582986441,6680,2,0.06930957052632894,42.53926086425781,3.750427484512329,43,78.16313171386719,heat,0.005454545454545455,0.0013663276149992408,1.0,6.698279060502744e-05,0.1
264.4610790782015,1.4425149767901901,-0.01865189805714559,-0.008421815927053076,6690,2,0.0693233703697932,42.542720794677734,3.7505087852478027,43,78.16313171386719,heat,0.005454545454545455,0.0013663276149992408,1.0,6.579793086222655e-05,0.1
264.22921048062955,1.4412502389852522,-0.0162632720435755,-0.00766743630090896,6700,2,0.06938420358591404,42.537841796875,3.750394105911255,43,78.16313171386719,heat,0.005454545454545455,0.001518141794443601,1.0,6.342761360591428e-05,0.1
264.0431223860185,1.4402352130146465,-0.012023298915358705,-0.006583559615450951,6710,2,0.0694331030767424,42.53778839111328,3.7503929138183594,43,78.16313171386719,heat,0.005454545454545455,0.001518141794443601,1.0,6.103609890161706e-05,0.1
263.89029502076164,1.4394016092041544,-0.004131251521430042,-0.004075362075531403,6720,2,0.06947331402199143,42.566471099853516,3.7510669231414795,43,78.16313171386719,heat,0.005454545454545455,0.001518141794443601,1.0,5.973934807229611e-05,0.1
264.1520476661984,1.4408293509065369,0.002661946976322406,-0.0023010225908841352,6730,2,0.06940447176279571,42.52786636352539,3.750159502029419,43,78.16313171386719,heat,0.005454545454545455,0.001518141794443601,1.0,5.829005663947421e-05,0.1
263.95638324480115,1.439762090426188,0.007270001826022202,-0.0007269429763564848,6740,2,0.06945591960293851,42.528785705566406,3.750181198120117,43,78.16313171386719,heat,0.005454545454545455,0.001518141794443601,1.0,5.704346614850033e-05,0.1
264.02673926963547,1.440145850561648,0.007477555208787019,-0.0009501859938541045,6750,2,0.06943741146842913,42.497222900390625,3.749438762664795,43,78.16313171386719,heat,0.005454545454545455,0.001518141794443601,1.0,5.533359992261092e-05,0.1
265.0607046973319,1.445785661985447,0.0014444696839886607,-0.002899350371202372,6760,2,0.06916654565703294,42.454959869384766,3.748443841934204,43,78.16313171386719,heat,0.005454545454545455,0.0013663276149992408,1.0,5.386670155671899e-05,0.1
265.12429128530664,1.4461324979198544,-0.0036452955756258085,-0.004742308016190172,6770,2,0.06914995696718107,42.43613052368164,3.748000144958496,43,78.16313171386719,heat,0.005454545454545455,0.0013663276149992408,1.0,5.255805415511072e-05,0.1
265.6577581715594,1.4490423172994151,-0.009401439779925783,-0.006115811682003171,6780,2,0.06901109705779354,42.43132400512695,3.747886896133423,43,78.16313171386719,heat,0.005454545454545455,0.0012145134355548808,1.0,5.10030639784666e-05,0.1
266.4131509648833,1.4531626416266363,-0.01682786674895194,-0.007645389170734299,6790,2,0.06881542171223336,42.396728515625,3.7470712661743164,43,78.16313171386719,heat,0.005454545454545455,0.0013663276149992408,1.0,4.928570401384614e-05,0.1
265.79936820784343,1.4498147356791462,-0.019153391661943475,-0.0079900849646206,6800,2,0.06897432998786314,42.42008590698242,3.747622013092041,43,78.16313171386719,heat,0.005454545454545455,0.0013663276149992408,1.0,4.749196713097581e-05,0.1
265.6837387480203,1.4491840295346563,-0.01888721923543103,-0.008266765975228603,6810,2,0.0690043486279039,42.39723587036133,3.7470831871032715,43,78.16313171386719,heat,0.005454545454545455,0.0013663276149992408,1.0,4.6681451369809614e-05,0.1
265.8709065571202,1.4502049448570193,-0.017252513524668625,-0.007249821363205527,6820,2,0.06895577094440217,42.38569259643555,3.7468109130859375,43,78.16313171386719,heat,0.005454545454545455,0.0013663276149992408,1.0,4.54416673876425e-05,0.1
249.34030910459668,1.3600380496614366,0.04796082036118192,-0.006690933679833391,6830,2,0.0735273546390071,42.37327575683594,3.7465178966522217,42,78.16313171386719,heat,0.005454545454545455,0.0013663276149992408,1.0,4.398542001558313e-05,0.1
249.6558052442708,1.3617589376960226,0.09935789549890725,-0.0058020946379492766,6840,2,0.07343443632482508,42.35181427001953,3.746011257171631,42,78.16313171386719,heat,0.005454545454545455,0.0013663276149992408,1.0,4.253158798557376e-05,0.1
249.85093641935327,1.362823289560109,0.1376732589138295,-0.004967372259624205,6850,2,0.07337708473728677,42.3486442565918,3.745936393737793,42,78.16313171386719,heat,0.005454545454545455,0.0012145134355548808,1.0,4.124126485116997e-05,0.1
250.41629022970898,1.3659070376165945,0.15756601411474366,-0.005445483269735746,6860,2,0.07321142453039302,42.311866760253906,3.745067596435547,42,78.16313171386719,heat,0.005454545454545455,0.0012145134355548808,1.0,4.0325891967182336e-05,0.1
250.56200797814694,1.3667018616989834,0.16410656447384261,-0.005917341121417253,6870,2,0.07316884742930499,42.30321502685547,3.7448630332946777,42,78.16313171386719,heat,0.005454545454545455,0.001518141794443601,1.0,3.9089260215013475e-05,0.1
251.1186640834025,1.3697381677276501,0.15415506978419388,-0.006105089366443113,6880,2,0.07300665364819078,42.291595458984375,3.7445883750915527,42,78.16313171386719,heat,0.005454545454545455,0.0013663276149992408,1.0,3.779872066599088e-05,0.1
250.94825237692223,1.3688086493286669,0.12899269289006973,-0.0067190806499876805,6890,2,0.07305623035699334,42.2847785949707,3.74442720413208,42,78.16313171386719,heat,0.005454545454545455,0.0013663276149992408,1.0,3.6725842069667316e-05,0.1
250.13517272795457,1.3643736694252069,0.09663022374679367,-0.005474928405498989,6900,2,0.0732937040936364,42.30974578857422,3.7450175285339355,42,78.16313171386719,heat,0.005454545454545455,0.0013663276149992408,1.0,3.5637970511841306e-05,0.1
250.607792163493,1.3669515936190528,0.05029915230706628,-0.004225376760173335,6910,2,0.07315548002343408,42.313533782958984,3.7451069355010986,42,78.16313171386719,heat,0.005454545454545455,0.001518141794443601,1.0,3.4604959527463245e-05,0.1
250.7672224369766,1.3678212132925998,-0.010278166807800611,-0.0036430483839863135,6920,2,0.07310896996492797,42.280948638916016,3.7443366050720215,42,78.16313171386719,heat,0.005454545454545455,0.001669955973887961,1.0,3.395905978832058e-05,0.1
250.53973787810713,1.366580388426039,-0.006171089048522362,-0.0030275063168757757,6930,2,0.07317535129797607,42.27413558959961,3.744175434112549,42,78.16313171386719,heat,0.005454545454545455,0.0013663276149992408,1.0,3.264278026813678e-05,0.1
250.45985029855467,1.3661446379921165,-0.002236660453592702,-0.002414926283798948,6940,2,0.07319869157263938,42.278175354003906,3.7442710399627686,42,78.16313171386719,heat,0.005454545454545455,0.001518141794443601,1.0,3.154219344582885e-05,0.1
250.16930563101656,1.364559848896454,0.002612232801445339,-0.0016807472617165538,6950,2,0.07328370395836573,42.270851135253906,3.7440977096557617,42,78.16313171386719,heat,0.005454545454545455,0.0018217701533323211,1.0,3.061178819749603e-05,0.1
250.57166638610158,1.3667545439241906,0.0033784757605827592,-0.002198938564264296,6960,2,0.07316602710014233,42.24561309814453,3.7435004711151123,42,78.16313171386719,heat,0.005454545454545455,0.001669955973887961,1.0,2.9670318220969763e-05,0.1
250.4853950349562,1.366283972917943,0.003910228800147443,-0.0025092015040220866,6970,2,0.07319122670116095,42.25019454956055,3.7436089515686035,42,78.16313171386719,heat,0.005454545454545455,0.0018217701533323211,1.0,2.90694346098524e-05,0.1
250.98469832285278,1.3690074453973788,-0.00032330139895466055,-0.00330788779554989,6980,2,0.07304562172850215,42.23204803466797,3.7431793212890625,42,78.16313171386719,heat,0.005454545454545455,0.001669955973887961,1.0,2.839522072272502e-05,0.1
251.6701428755902,1.3727462338668557,-0.006595188873644641,-0.003942109097915904,6990,2,0.07284667590623245,42.234039306640625,3.7432265281677246,42,78.16313171386719,heat,0.005454545454545455,0.0018217701533323211,1.0,2.749771781623892e-05,0.1
251.70433062911405,1.3729327125224404,-0.008379564255488586,-0.0038748660140978672,7000,2,0.0728367815027683,42.221927642822266,3.7429397106170654,42,78.16313171386719,heat,0.005454545454545455,0.0019735843327766812,1.0,2.6876981845011698e-05,0.1
251.8639024134411,1.3738031040733152,-0.011729425127883077,-0.0034127760116485794,7010,2,0.0727906347740086,42.21443176269531,3.7427620887756348,42,78.16313171386719,heat,0.005454545454545455,0.001669955973887961,1.0,2.6055173746062327e-05,0.1
252.59637607384903,1.3777984149482676,-0.017692168465286855,-0.004206593394225498,7020,2,0.07257955802174058,42.17933654785156,3.7419304847717285,42,78.16313171386719,heat,0.005454545454545455,0.0018217701533323211,1.0,2.5344881846491595e-05,0.1
252.48280247841902,1.3771789226095583,-0.020423000803638795,-0.004974671586454082,7030,2,0.07261220627056521,42.166114807128906,3.74161696434021,42,78.16313171386719,heat,0.005454545454545455,0.001518141794443601,1.0,2.4602952768282292e-05,0.1
252.80317976866746,1.3789264351018227,-0.022341084552941405,-0.005473752711396335,7040,2,0.07252018487310805,42.148555755615234,3.7412004470825195,42,78.16313171386719,heat,0.005454545454545455,0.001669955973887961,1.0,2.3885015509285455e-05,0.1
252.16050052754446,1.3754209119684244,-0.018126468205706667,-0.005008840531621108,7050,2,0.07270501642794254,42.16914367675781,3.7416887283325195,42,78.16313171386719,heat,0.005454545454545455,0.001518141794443601,1.0,2.338158019979994e-05,0.1
251.54127811987686,1.3720433351993284,-0.011687640304930146,-0.004593170966588776,7060,2,0.07288399530432627,42.17539596557617,3.7418370246887207,42,78.16313171386719,heat,0.005454545454545455,0.0013663276149992408,1.0,2.272552234849562e-05,0.1
252.022594815604,1.3746686989942039,-0.005931976193483445,-0.00365416851051865,7070,2,0.07274480030946107,42.176292419433594,3.7418582439422607,42,78.16313171386719,heat,0.005454545454545455,0.001669955973887961,1.0,2.21064283394261e-05,0.1
252.4433048104492,1.3769634807842686,-0.0029079777245462138,-0.0035463891125721066,7080,2,0.07262356728810529,42.147098541259766,3.74116587638855,42,78.16313171386719,heat,0.005454545454545455,0.001518141794443601,1.0,2.1353641365396773e-05,0.1
252.22167927945057,1.3757546142515487,-0.001051176771134932,-0.002621714927918717,7090,2,0.07268738113911613,42.16007614135742,3.74147367477417,42,78.16313171386719,heat,0.005454545454545455,0.0018217701533323211,1.0,2.067333778664828e-05,0.1
252.4041906395422,1.3767501307611394,0.00040089838265673037,-0.0015555435127417856,7100,2,0.07263482150149844,42.16444778442383,3.741577386856079,42,78.16313171386719,heat,0.005454545454545455,0.0019735843327766812,1.0,2.0057789950920657e-05,0.1
252.69792277057374,1.3783523060213114,0.0005333466547016547,-0.0005721800969581274,7110,2,0.07255039191587775,42.1573600769043,3.7414093017578125,42,78.16313171386719,heat,0.005454545454545455,0.001518141794443601,1.0,1.9591226977287347e-05,0.1
252.77751440555065,1.3787864422120946,-0.002470363137926898,-0.0005608717744102876,7120,2,0.072527548094803,42.14658737182617,3.7411537170410156,42,78.16313171386719,heat,0.005454545454545455,0.001669955973887961,1.0,1.9107772665656295e-05,0.1
253.13324581040294,1.3807267953294706,-0.0061786970484151126,-0.001085721573726774,7130,2,0.0724256241989842,42.13288116455078,3.740828514099121,42,78.16313171386719,heat,0.005454545454545455,0.001518141794443601,1.0,1.864589897709127e-05,0.1
253.26161511329062,1.3814269915270398,-0.011376610564075577,-0.002180205149989273,7140,2,0.07238891422662826,42.12297058105469,3.740593194961548,42,78.16313171386719,heat,0.005454545454545455,0.001669955973887961,1.0,1.7993473811347774e-05,0.1
253.6082337832282,1.3833176388176085,-0.014434171638945285,-0.0027957307492206,7150,2,0.07228997678759816,42.1123161315918,3.740340232849121,42,78.16313171386719,heat,0.005454545454545455,0.001669955973887961,1.0,1.736504202468717e-05,0.1
253.62881206585706,1.383429883995584,-0.013256490897458862,-0.0030561228836728156,7160,2,0.07228411150927487,42.10699462890625,3.7402138710021973,42,78.16313171386719,heat,0.005454545454545455,0.001669955973887961,1.0,1.677694988996921e-05,0.1
252.9655322324386,1.3798119939951197,-0.009938937060728969,-0.00301329255798559,7170,2,0.07247364165204792,42.10346221923828,3.7401299476623535,42,78.16313171386719,heat,0.005454545454545455,0.001518141794443601,1.0,1.6470357280675538e-05,0.1
253.1062903662451,1.3805797656340644,-0.008429940222678867,-0.0034400051124558674,7180,2,0.07243333742043699,42.103179931640625,3.7401232719421387,42,78.16313171386719,heat,0.005454545454545455,0.0018217701533323211,1.0,1.5967550258638393e-05,0.1
253.2562339474379,1.3813976397132977,-0.0058505438554342145,-0.0031631836073362568,7190,2,0.07239045233981616,42.1071662902832,3.740217924118042,42,78.16313171386719,heat,0.005454545454545455,0.0018217701533323211,1.0,1.553406260488027e-05,0.1
252.8866711687041,1.3793818427383862,-0.001778077833951901,-0.0017133585306402148,7200,2,0.07249624208585877,42.1394157409668,3.740983486175537,42,78.16313171386719,heat,0.005454545454545455,0.0019735843327766812,1.0,1.5061627208950506e-05,0.1
253.04723009273044,1.3802576186876208,0.0006531421491202118,-0.0003579046946329179,7210,2,0.07245024308946195,42.138641357421875,3.7409651279449463,42,78.16313171386719,heat,0.005454545454545455,0.001518141794443601,1.0,1.4606047283022609e-05,0.1
253.61274310788548,1.3833422351339209,0.0007792090380169643,0.00016137987543434054,7220,2,0.07228869144613302,42.11240768432617,3.740342378616333,42,78.16313171386719,heat,0.005454545454545455,0.001518141794443601,1.0,1.4171376150411808e-05,0.1
253.20572263374225,1.381122123456776,0.0015198305226277974,0.0003916516181251127,7230,2,0.07240489331219495,42.10938262939453,3.7402706146240234,42,78.16313171386719,heat,0.005454545454545455,0.0018217701533323211,1.0,1.3824737590862142e-05,0.1
253.23487773113322,1.3812811512607268,0.0015907031109158587,-0.00011306075961360759,7240,2,0.07239655728938871,42.0853271484375,3.739699125289917,42,78.16313171386719,heat,0.005454545454545455,0.0018217701533323211,1.0,1.3500529331916689e-05,0.1
253.6346011384747,1.3834614607553166,-0.0016108738858489947,-0.0011198458645232004,7250,2,0.07228246166351744,42.06888198852539,3.7393083572387695,42,78.16313171386719,heat,0.005454545454545455,0.0019735843327766812,1.0,1.3127363464985187e-05,0.1
253.5924381280012,1.3832314806981885,-0.0047239850967534264,-0.0018137520425901066,7260,2,0.07229447955415592,42.07887649536133,3.7395458221435547,42,78.16313171386719,heat,0.005454545454545455,0.0019735843327766812,1.0,1.2582100693338674e-05,0.1
253.7303528946635,1.383983743061801,-0.005211387679834425,-0.0025084735436682972,7270,2,0.07225518399426356,42.076927185058594,3.739499568939209,42,78.16313171386719,heat,0.005454545454545455,0.0018217701533323211,1.0,1.2271240365563064e-05,0.1
253.71547581373753,1.3839025953476594,-0.005647142841911193,-0.0029781489298676355,7280,2,0.07225942081196715,42.08082962036133,3.7395923137664795,42,78.16313171386719,heat,0.005454545454545455,0.0019735843327766812,1.0,1.1866939925715684e-05,0.1
254.17560450538463,1.386412388211189,-0.008098664502781346,-0.0035273698061226775,7290,2,0.07212861111910898,42.06769943237305,3.7392804622650146,42,78.16313171386719,heat,0.005454545454545455,0.0018217701533323211,1.0,1.1582987518863693e-05,0.1
254.689419351357,1.3892150146437656,-0.009978169748357454,-0.0031497119807528985,7300,2,0.07198309760972664,42.058494567871094,3.7390613555908203,42,78.16313171386719,heat,0.005454545454545455,0.001518141794443601,1.0,1.1211382966854883e-05,0.1
254.84019725302267,1.390037439561942,-0.011636724569174214,-0.003113099481650614,7310,2,0.07194050833013112,42.02717971801758,3.738316535949707,42,78.16313171386719,heat,0.005454545454545455,0.001669955973887961,1.0,1.0953451943392209e-05,0.1
254.62138065905262,1.3888438945039234,-0.01358841474610192,-0.00326518167222436,7320,2,0.07200233258448292,42.02644729614258,3.7382991313934326,42,78.16313171386719,heat,0.005454545454545455,0.001669955973887961,1.0,1.0723822464547906e-05,0.1
255.0542469160964,1.3912049831787077,-0.014415421934524846,-0.0036861926947353344,7330,2,0.07188013355983967,41.99983596801758,3.7376656532287598,42,78.16313171386719,heat,0.005454545454545455,0.001518141794443601,1.0,1.0356187962622562e-05,0.1
255.15946061329157,1.3917788760724996,-0.014156923499881261,-0.004184234055779766,7340,2,0.07185049415478474,42.001564025878906,3.7377068996429443,42,78.16313171386719,heat,0.005454545454545455,0.001669955973887961,1.0,1.0051663571997429e-05,0.1
255.34130529427733,1.3927707561506038,-0.01486718113544683,-0.0048897442221953955,7350,2,0.07179932487696974,41.99437713623047,3.7375357151031494,42,78.16313171386719,heat,0.005454545454545455,0.0018217701533323211,1.0,9.759642355686126e-06,0.1
255.8565577699534,1.395581224199746,-0.015913321469365062,-0.005097567635130559,7360,2,0.0716547330001104,41.986515045166016,3.7373485565185547,42,78.16313171386719,heat,0.005454545454545455,0.0018217701533323211,1.0,9.469268146617597e-06,0.1
255.8002384146364,1.3952740277161986,-0.015392131029243045,-0.005426679456048201,7370,2,0.07167050917136415,41.9633674621582,3.7367970943450928,42,78.16313171386719,heat,0.005454545454545455,0.001669955973887961,1.0,9.239934742783458e-06,0.1
255.8386377748841,1.395483478772095,-0.013141408050406648,-0.0050438863627134695,7380,2,0.07165975199361828,41.96311950683594,3.7367911338806152,42,78.16313171386719,heat,0.005454545454545455,0.001518141794443601,1.0,8.955305736330805e-06,0.1
255.8134620561674,1.395346156670004,-0.011160322411634466,-0.004433562654738462,7390,2,0.0716668043424079,41.96255874633789,3.7367777824401855,42,78.16313171386719,heat,0.005454545454545455,0.0018217701533323211,1.0,8.76335667067947e-06,0.1
256.01700941179246,1.3964564149734136,-0.011034021351592909,-0.0035330210353520758,7400,2,0.07160982536064604,41.96261978149414,3.73677921295166,42,78.16313171386719,heat,0.005454545454545455,0.0018217701533323211,1.0,8.446411606771948e-06,0.1
256.04464441074845,1.3966071513313554,-0.010576465360086662,-0.0035060245086414484,7410,2,0.07160209648409159,41.94300079345703,3.736311674118042,42,78.16313171386719,heat,0.005454545454545455,0.0019735843327766812,1.0,8.292649408790963e-06,0.1
256.41574327787055,1.398631326970203,-0.009473079613298485,-0.0028572600293036566,7420,2,0.07149847001970551,41.951175689697266,3.736506462097168,42,78.16313171386719,heat,0.005454545454545455,0.0018217701533323211,1.0,8.023269670534393e-06,0.1
256.8840071501562,1.4011854935463066,-0.010719643384855647,-0.0033289543488874184,7430,2,0.07136813823764811,41.920101165771484,3.7357654571533203,42,78.16313171386719,heat,0.005454545454545455,0.0018217701533323211,1.0,7.757057594680146e-06,0.1
256.0184092904662,1.3964640506752704,-0.0074560695033611965,-0.0029181512976670628,7440,2,0.07160943380650886,41.93712615966797,3.7361714839935303,42,78.16313171386719,heat,0.005454545454545455,0.0018217701533323211,1.0,7.5912141022349135e-06,0.1
255.88625483070885,1.395743208167503,-0.003835458364151933,-0.0022531716639386623,7450,2,0.0716464170592611,41.94229507446289,3.736294746398926,42,78.16313171386719,heat,0.005454545454545455,0.0019735843327766812,1.0,7.3980813727380055e-06,0.1
255.76699814550966,1.3950927171573255,-0.0017439501702123804,-0.0014376053104092343,7460,2,0.07167982369212163,41.9466552734375,3.736398696899414,42,78.16313171386719,heat,0.005454545454545455,0.0018217701533323211,1.0,7.1685786246644734e-06,0.1
255.8373992428705,1.3954767231429301,0.0002618787721088936,-0.0011793506050094835,7470,2,0.07166009890496584,41.942726135253906,3.7363052368164062,42,78.16313171386719,heat,0.005454545454545455,0.0019735843327766812,1.0,6.928387516771241e-06,0.1
255.81322999825053,1.3953448908995485,0.0022112691617364377,-0.0008007106352361876,7480,2,0.07166686935409365,41.943485260009766,3.736323118209839,42,78.16313171386719,heat,0.005454545454545455,0.0018217701533323211,1.0,6.745350934872256e-06,0.1
255.85443225786165,1.3955696304974272,0.004098509412533257,-2.472023253141758e-05,7490,2,0.0716553282721957,41.95647430419922,3.736632823944092,42,78.16313171386719,heat,0.005454545454545455,0.0019735843327766812,1.0,6.536039387184684e-06,0.1
255.74628723544015,1.3949797485569464,0.005469643197025819,0.0007810291226516878,7500,2,0.07168562848560792,41.95630645751953,3.736628770828247,42,78.16313171386719,heat,0.005454545454545455,0.0019735843327766812,1.0,6.354438843275536e-06,0.1
256.1763344233034,1.397325460490746,0.004805098514546506,0.0005533651497321693,7510,2,0.07156528870867324,41.93551254272461,3.736133098602295,42,78.16313171386719,heat,0.005454545454545455,0.0018217701533323211,1.0,6.2329072676145904e-06,0.1
256.366741466505,1.3983640443627547,0.001734448898085584,0.00018761914460291082,7520,2,0.071512136201679,41.9180793762207,3.735717296600342,42,78.16313171386719,heat,0.005454545454545455,0.0019735843327766812,1.0,6.086367916237909e-06,0.1
256.29115787715523,1.3979517702390287,-0.0033138648460207458,-0.0007461184497134363,7530,2,0.07153322605893729,41.92490005493164,3.735879898071289,42,78.16313171386719,heat,0.005454545454545455,0.001669955973887961,1.0,5.900416166938592e-06,0.1
256.00816127115957,1.3964081523881433,-0.0036422811489018737,-0.001236450747595304,7540,2,0.0716123003356716,41.92374801635742,3.7358524799346924,42,78.16313171386719,heat,0.005454545454545455,0.0019735843327766812,1.0,5.712479146047773e-06,0.1
255.68723687165448,1.39465765566357,-0.0020942778561830137,-0.0018067925253398443,7550,2,0.07170218411228711,41.91112518310547,3.735551357269287,42,78.16313171386719,heat,0.005454545454545455,0.001669955973887961,1.0,5.542495281782361e-06,0.1
256.0300225341675,1.3965273956409134,-0.0014950837221591568,-0.002223359911858965,7560,2,0.07160618568037946,41.905311584472656,3.73541259765625,42,78.16313171386719,heat,0.005454545454545455,0.0019735843327766812,1.0,5.409853437768564e-06,0.1
255.7456918798255,1.3949765011626847,0.00011041830864209613,-0.0020281438446094896,7570,2,0.07168579536404522,41.926509857177734,3.7359182834625244,42,78.16313171386719,heat,0.005454545454545455,0.0018217701533323211,1.0,5.241939299187007e-06,0.1
255.85122305666286,1.3955521257636156,0.001338117589857063,-0.0018040865587063584,7580,2,0.07165622706158839,41.923240661621094,3.735840320587158,42,78.16313171386719,heat,0.005454545454545455,0.001669955973887961,1.0,5.067097181400879e-06,0.1
255.38660921351806,1.3930178684373713,0.004213513550148996,-0.0008733955238737051,7590,2,0.07178658814489995,41.93247604370117,3.736060619354248,42,78.16313171386719,heat,0.005454545454545455,0.001669955973887961,1.0,4.920599970052808e-06,0.1
255.10183139857438,1.3914645349013148,0.008307952148446977,0.00020419756693777327,7600,2,0.07186672566332579,41.93352508544922,3.7360856533050537,42,78.16313171386719,heat,0.005454545454545455,0.001669955973887961,1.0,4.78960575175107e-06,0.1
254.90222722560023,1.3903757848669105,0.010575298157786834,0.0007764251869407317,7610,2,0.07192300174414516,41.93268585205078,3.7360658645629883,42,78.16313171386719,heat,0.005454545454545455,0.0019735843327766812,1.0,4.617129267391864e-06,0.1
255.3126019455596,1.3926141924303252,0.009248186814546809,0.000302922014147401,7620,2,0.07180739686810507,41.909507751464844,3.7355127334594727,42,78.16313171386719,heat,0.005454545454545455,0.0019735843327766812,1.0,4.5249979636384555e-06,0.1
255.4729475089402,1.3934888045942193,0.006725853799719653,-7.784589799607915e-05,7630,2,0.07176232752664258,41.90317153930664,3.7353615760803223,42,78.16313171386719,heat,0.005454545454545455,0.0018217701533323211,1.0,4.3928630137018865e-06,0.1
255.56690987262257,1.3940013265779414,0.004469003919116608,-0.0008356888820357846,7640,2,0.07173594321139178,41.883968353271484,3.73490309715271,42,78.16313171386719,heat,0.005454545454545455,0.001669955973887961,1.0,4.250336765154856e-06,0.1
255.6182946978872,1.394281607443021,0.003157696097894649,-0.0019403229535468226,7650,2,0.07172152272982388,41.87604522705078,3.7347140312194824,42,78.16313171386719,heat,0.005454545454545455,0.0019735843327766812,1.0,4.2150218229560216e-06,0.1
255.54147784699782,1.39386260643817,0.00045010945561987226,-0.0026571271697444945,7660,2,0.0717430825234179,41.89154815673828,3.735084056854248,42,78.16313171386719,heat,0.005454545454545455,0.0018217701533323211,1.0,4.1094575029019245e-06,0.1
255.73382904405958,1.3949117947857796,-0.0020780409490854944,-0.003002649310122684,7670,2,0.07168912068404817,41.878204345703125,3.7347655296325684,42,78.16313171386719,heat,0.005454545454545455,0.0018217701533323211,1.0,4.00596302616654e-06,0.1
255.67615527097055,1.3945972105689304,-0.004894268132634667,-0.0029302431906256146,7680,2,0.07170529185212172,41.88890075683594,3.7350211143493652,42,78.16313171386719,heat,0.005454545454545455,0.0018217701533323211,1.0,3.886036168823031e-06,0.1
255.26157414935014,1.3923358589964554,-0.004010350503954583,-0.0020620188460851005,7690,2,0.07182175145016831,41.9033203125,3.735365152359009,42,78.16313171386719,heat,0.005454545454545455,0.001518141794443601,1.0,3.7826684077109153e-06,0.1
255.93283527078088,1.3959972832951686,-0.00451407316825716,-0.0013811596203787083,7700,2,0.07163337722545988,41.88777160644531,3.7349939346313477,42,78.16313171386719,heat,0.005454545454545455,0.001669955973887961,1.0,3.696239963987216e-06,0.1
256.78169707418806,1.4006274385864803,-0.006650918039102942,-0.0013256220703987544,7710,2,0.07139657359627373,41.85245132446289,3.7341504096984863,42,78.16313171386719,heat,0.005454545454545455,0.0021253985122210413,1.0,3.608248526385245e-06,0.1
256.9930399487353,1.4017802179021928,-0.009943840456240218,-0.002168681621613461,7720,2,0.07133785933265137,41.82535171508789,3.7335026264190674,42,78.16313171386719,heat,0.005454545454545455,0.0019735843327766812,1.0,3.4756911084248077e-06,0.1
257.0982610110831,1.4023541509695443,-0.012955381224022962,-0.0032366996441239035,7730,2,0.07130866331508563,41.805015563964844,3.7330162525177,42,78.16313171386719,heat,0.005454545454545455,0.0019735843327766812,1.0,3.3790399511823572e-06,0.1
257.4082193478835,1.4040448328066375,-0.016224989912405712,-0.0045926651507739455,7740,2,0.07122279692458497,41.794639587402344,3.7327680587768555,42,78.16313171386719,heat,0.005454545454545455,0.0019735843327766812,1.0,3.287162090761258e-06,0.1
257.9952952705939,1.4072470651123303,-0.020447433693578407,-0.006223096778582044,7750,2,0.07106072734429027,41.773101806640625,3.732252597808838,42,78.16313171386719,heat,0.005454545454545455,0.0019735843327766812,1.0,3.1875960191139897e-06,0.1
258.4102787545207,1.4095106113882947,-0.0238397953381329,-0.007419487346485385,7760,2,0.07094661025751711,41.74948501586914,3.731687068939209,42,78.16313171386719,heat,0.005454545454545455,0.0018217701533323211,1.0,3.0958873952883347e-06,0.1
258.21752458860396,1.4084592250287489,-0.024869096047717663,-0.007982319982348387,7770,2,0.07099957046889933,41.760440826416016,3.7319495677948,42,78.16313171386719,heat,0.005454545454545455,0.0019735843327766812,1.0,3.0170624284696628e-06,0.1
258.1472464308058,1.4080758896225773,-0.02320101427235355,-0.0074091609276677375,7780,2,0.07101889943361231,41.76865768432617,3.7321462631225586,42,78.16313171386719,heat,0.005454545454545455,0.0019735843327766812,1.0,2.9342667935816666e-06,0.1
258.10474952206295,1.4078440883021617,-0.017220206204346427,-0.005581936989235364,7790,2,0.07103059268487498,41.77671432495117,3.7323391437530518,42,78.16313171386719,heat,0.005454545454545455,0.0019735843327766812,1.0,2.8403612475962677e-06,0.1
258.31781885910164,1.409006284686009,-0.012844824848918397,-0.003841901691455841,7800,2,0.07097200423224839,41.7640495300293,3.7320358753204346,42,78.16313171386719,heat,0.005454545454545455,0.0019735843327766812,1.0,2.7609026952486447e-06,0.1
258.4014055315671,1.4094622119903661,-0.010789392375667813,-0.002649877783564586,7810,2,0.07094904648687632,41.75678634643555,3.7318620681762695,42,78.16313171386719,heat,0.005454545454545455,0.0019735843327766812,1.0,2.7044242981544884e-06,0.1
258.4301440366896,1.4096189674728528,-0.008451687352445968,-0.0015978975572715085,7820,2,0.07094115665829806,41.76276397705078,3.7320051193237305,42,78.16313171386719,heat,0.005454545454545455,0.0019735843327766812,1.0,2.6261063095300246e-06,0.1
258.40660094748864,1.4094905506226654,-0.005281535403444196,-0.0005972916985789045,7830,2,0.07094762001478008,41.771575927734375,3.7322161197662354,42,78.16313171386719,heat,0.005454545454545455,0.0021253985122210413,1.0,2.5580110780942384e-06,0.1
258.4748488972619,1.4098628121668833,-0.00272528316941704,0.00011875876127487539,7840,2,0.07092888693638595,41.76495361328125,3.732057571411133,42,78.16313171386719,heat,0.005454545454545455,0.0021253985122210413,1.0,2.5061793477654374e-06,0.1
258.8625656768669,1.4119776309647285,-0.003542611788214966,8.300820096052883e-05,7850,2,0.07082265172407538,41.75327682495117,3.7317779064178467,42,78.16313171386719,heat,0.005454545454545455,0.0019735843327766812,1.0,2.4477998975801316e-06,0.1
258.87424387865235,1.4120413302471948,-0.005623577177098917,-0.0007337866057169838,7860,2,0.07081945680902542,41.74513244628906,3.7315828800201416,42,78.16313171386719,heat,0.005454545454545455,0.0021253985122210413,1.0,2.390054016648269e-06,0.1
259.0810813956351,1.4131695348852826,-0.007195484533452079,-0.0013955340230258322,7870,2,0.07076291805860203,41.73725891113281,3.7313942909240723,42,78.16313171386719,heat,0.005454545454545455,0.0019735843327766812,1.0,2.3458259103486386e-06,0.1
258.9374397459737,1.4123860349780384,-0.007127181065036873,-0.0014604223433145502,7880,2,0.07080217272295172,41.74695587158203,3.731626510620117,42,78.16313171386719,heat,0.005454545454545455,0.0019735843327766812,1.0,2.2757452431159817e-06,0.1
259.192989728033,1.4137799439710894,-0.007173803871667987,-0.0014111488129013576,7890,2,0.07073236568847868,41.73707962036133,3.7313899993896484,42,78.16313171386719,heat,0.005454545454545455,0.0018217701533323211,1.0,2.20532666733975e-06,0.1
259.2656089870629,1.414176049020343,-0.0075710407721155185,-0.0018194178167737698,7900,2,0.07071255383604753,41.72466278076172,3.7310924530029297,42,78.16313171386719,heat,0.005454545454545455,0.0024290268711097615,1.0,2.1448773000319457e-06,0.1
259.67770569739605,1.4164238492585242,-0.009149199598422933,-0.002567471358623778,7910,2,0.07060033622869909,41.710628509521484,3.7307560443878174,42,78.16313171386719,heat,0.005454545454545455,0.0022772126916654014,1.0,2.0930877322918654e-06,0.1
259.883337648093,1.4175454780805075,-0.010553906444151008,-0.003074285504740606,7920,2,0.07054447391374674,41.703125,3.7305760383605957,42,78.16313171386719,heat,0.005454545454545455,0.0021253985122210413,1.0,2.0294702239851276e-06,0.1
259.9852811736094,1.418101533674233,-0.01098621681597187,-0.0024213166307870218,7930,2,0.07051681253097922,41.72739028930664,3.7311577796936035,42,78.16313171386719,heat,0.005454545454545455,0.0021253985122210413,1.0,1.989212894849065e-06,0.1
259.2822414588122,1.4142667715935213,-0.0076492310793285275,-0.0015749669277257312,7940,2,0.07070801775772846,41.73379898071289,3.731311321258545,42,78.16313171386719,heat,0.005454545454545455,0.001669955973887961,1.0,1.949377991033806e-06,0.1
259.52772056858817,1.4156057485559355,-0.006436085941015453,-0.0015042150948319938,7950,2,0.07064113726721608,41.708831787109375,3.730712890625,42,78.16313171386719,heat,0.005454545454545455,0.0018217701533323211,1.0,1.9092473701084054e-06,0.1
259.9772917820162,1.418057955174634,-0.006440378502044229,-0.0019333436531484476,7960,2,0.07051897959113032,41.68806076049805,3.730214834213257,42,78.16313171386719,heat,0.005454545454545455,0.0019735843327766812,1.0,1.8433909307842345e-06,0.1
260.3458827134018,1.42006845116401,-0.007893515094298987,-0.001885684028934139,7970,2,0.07041914065341809,41.70481491088867,3.730616569519043,42,78.16313171386719,heat,0.005454545454545455,0.0019735843327766812,1.0,1.7737326366618422e-06,0.1
260.2016677276621,1.419281823969066,-0.007013210145569171,-0.0015551607883495628,7980,2,0.07045816997807164,41.697593688964844,3.7304437160491943,42,78.16313171386719,heat,0.005454545454545455,0.0019735843327766812,1.0,1.7299268855049601e-06,0.1
260.736163241404,1.4221972540440218,-0.008330258410875927,-0.0018734421377963153,7990,2,0.07031373441036377,41.67167663574219,3.7298216819763184,42,78.16313171386719,heat,0.005454545454545455,0.0019735843327766812,1.0,1.6791511291240207e-06,0.1
260.8490184907856,1.4228128281315582,-0.009090798808425482,-0.0021547919739513814,8000,2,0.07028331346388006,41.67381286621094,3.729872941970825,42,78.16313171386719,heat,0.005454545454545455,0.0019735843327766812,1.0,1.645441435485768e-06,0.1
261.55947007172307,1.426688018573035,-0.01319406778341521,-0.0032865929801023075,8010,2,0.07009240892064084,41.644325256347656,3.7291650772094727,42,78.16313171386719,heat,0.005454545454545455,0.0019735843327766812,1.0,1.6136748344942167e-06,0.1
261.1980263516114,1.424716507372426,-0.01523145390271064,-0.0041954354007232445,8020,2,0.07018940223022183,41.64796829223633,3.729252576828003,42,78.16313171386719,heat,0.005454545454545455,0.0019735843327766812,1.0,1.5725304927724007e-06,0.1
261.3380929204024,1.4254805068385588,-0.017189748156715843,-0.0036570883388612444,8030,2,0.0701517835707068,41.6662712097168,3.729691982269287,42,78.16313171386719,heat,0.005454545454545455,0.0019735843327766812,1.0,1.52437368012662e-06,0.1
262.59709243331696,1.4323477769090016,-0.019540379131342198,-0.0034828103589233214,8040,2,0.06981544678751095,41.62989044189453,3.728818416595459,42,78.16313171386719,heat,0.005454545454545455,0.0018217701533323211,1.0,1.4744427368408198e-06,0.1
262.5563637666077,1.4321256205451331,-0.019979767932193544,-0.003201470155223546,8050,2,0.0698262768051977,41.6416015625,3.729099750518799,42,78.16313171386719,heat,0.005454545454545455,0.0019735843327766812,1.0,1.439127858696581e-06,0.1
262.30430903405363,1.4307507765493834,-0.018987940392176803,-0.0033236379259805053,8060,2,0.06989337461075873,41.63530731201172,3.7289485931396484,42,78.16313171386719,heat,0.005454545454545455,0.0019735843327766812,1.0,1.411416510554199e-06,0.1
262.1896724096308,1.4301254858707138,-0.017327291207505813,-0.002719705692219858,8070,2,0.06992393394004602,41.633323669433594,3.728900909423828,42,78.16313171386719,heat,0.005454545454545455,0.0019735843327766812,1.0,1.3800301260465063e-06,0.1
262.9447405788374,1.4342440395209315,-0.016337439077248182,-0.002883847592075574,8080,2,0.06972314142117834,41.594390869140625,3.727965831756592,42,78.16313171386719,heat,0.005454545454545455,0.0019735843327766812,1.0,1.3493196259034325e-06,0.1
262.6543216889041,1.4326599364849315,-0.014365310636661481,-0.0031249891743200023,8090,2,0.0698002348312696,41.59980773925781,3.728095531463623,42,78.16313171386719,heat,0.005454545454545455,0.0018217701533323211,1.0,1.3004448364017952e-06,0.1
262.7167997885721,1.4330007261194841,-0.01154964546008804,-0.003509040644903225,8100,2,0.06978363526081142,41.575382232666016,3.727508306503296,42,78.16313171386719,heat,0.005454545454545455,0.001669955973887961,1.0,1.2735783969127309e-06,0.1
262.6792791850901,1.4327960682823095,-0.01033863877605891,-0.004315496868647989,8110,2,0.06979360302117789,41.57192611694336,3.7274250984191895,42,78.16313171386719,heat,0.005454545454545455,0.0019735843327766812,1.0,1.2414738598220425e-06,0.1
263.25680745825554,1.4359462224995758,-0.008692195690434083,-0.005131226925106432,8120,2,0.06964049101081816,41.55109405517578,3.726923942565918,42,78.16313171386719,heat,0.005454545454545455,0.001669955973887961,1.0,1.2220421841982466e-06,0.1
262.62239443858545,1.4324857878468298,-0.0035075172513428935,-0.004728183600685793,8130,2,0.06980872051115429,41.557716369628906,3.727083206176758,42,78.16313171386719,heat,0.005454545454545455,0.0018217701533323211,1.0,1.1825029858102167e-06,0.1
263.2895041176294,1.4361245679143422,-0.005688513551801248,-0.005152863761631803,8140,2,0.06963184269260723,41.543766021728516,3.726747512817383,42,78.16313171386719,heat,0.005454545454545455,0.0019735843327766812,1.0,1.1370497525202582e-06,0.1
263.63709072634583,1.4380204948709774,-0.008414074564387737,-0.0052839614012906,8150,2,0.06954003809867275,41.52255630493164,3.7262368202209473,42,78.16313171386719,heat,0.005454545454545455,0.0019735843327766812,1.0,1.1123799824371393e-06,0.1
263.42141311595077,1.4368440715415498,-0.008212643849803426,-0.004990317432420029,8160,2,0.06959697435554911,41.52132797241211,3.7262074947357178,42,78.16313171386719,heat,0.005454545454545455,0.0019735843327766812,1.0,1.0862316880378912e-06,0.1
263.6583397636939,1.4381363987110578,-0.00744032735689289,-0.004282551882931319,8170,2,0.06953443365290377,41.5156364440918,3.7260701656341553,42,78.16313171386719,heat,0.005454545454545455,0.0021253985122210413,1.0,1.0644343609390845e-06,0.1
263.5426525613998,1.4375053776076352,-0.008502509283428017,-0.0037387587879293637,8180,2,0.06956495715266454,41.53017807006836,3.7264204025268555,42,78.16313171386719,heat,0.005454545454545455,0.0022772126916654014,1.0,1.0430172386412224e-06,0.1
263.6621268938723,1.438157055784758,-0.00816498370783619,-0.0028322698273586184,8190,2,0.06953343488999753,41.52442932128906,3.7262818813323975,42,78.16313171386719,heat,0.005454545454545455,0.0021253985122210413,1.0,1.0063505978106324e-06,0.1
263.46759460573776,1.4370959705767514,-0.006519547504712115,-0.002129592853151025,8200,2,0.06958477516283543,41.52903747558594,3.726392984390259,42,78.16313171386719,heat,0.005454545454545455,0.0022772126916654014,1.0,9.802023535270562e-07,0.1
263.5859757875483,1.4377416861138999,-0.0045211361505403305,-0.001254374622053878,8210,2,0.06955352339424195,41.5301399230957,3.726419448852539,42,78.16313171386719,heat,0.005454545454545455,0.0021253985122210413,1.0,9.47379656440765e-07,0.1
263.39566826985146,1.4367036451082809,-0.0037180885830580377,-0.0004428457717186668,8220,2,0.06960377691006919,41.54366683959961,3.726745128631592,42,78.16313171386719,heat,0.005454545454545455,0.0024290268711097615,1.0,9.269763875605332e-07,0.1
262.95714330912926,1.4343116907770688,0.001817608252346758,0.0005377653730034636,8230,2,0.06971985283465332,41.54096221923828,3.726680040359497,42,78.16313171386719,heat,0.005454545454545455,0.0021253985122210413,1.0,9.118534496932758e-07,0.1
262.6781112943414,1.432789697969135,0.0055859403310406066,0.0016516643724248858,8240,2,0.06979391332987808,41.55985641479492,3.7271347045898438,42,78.16313171386719,heat,0.005454545454545455,0.0019735843327766812,1.0,8.926752091834646e-07,0.1
262.94683460308,1.4342554614713454,0.006216886681983526,0.0016156923445555557,8250,2,0.06972258616844589,41.541526794433594,3.726693630218506,42,78.16313171386719,heat,0.005454545454545455,0.0019735843327766812,1.0,8.672872905459413e-07,0.1
263.06858801532513,1.4349195709926825,0.006798702171113517,0.0011966658565405535,8260,2,0.06969031715890504,41.531349182128906,3.7264485359191895,42,78.16313171386719,heat,0.005454545454545455,0.0018217701533323211,1.0,8.507703720910573e-07,0.1
263.3383687569222,1.4363911023104847,0.0049637839070733195,0.00041693927256222454,8270,2,0.0696189219211582,41.52556610107422,3.726309299468994,42,78.16313171386719,heat,0.005454545454545455,0.0021253985122210413,1.0,8.333663399730717e-07,0.1
264.3303572057508,1.4418019483950044,-0.0003661340879287757,-0.0005427874180552856,8280,2,0.06935765353301036,41.50254440307617,3.725754737854004,42,78.16313171386719,heat,0.005454545454545455,0.0021253985122210413,1.0,8.16553720643267e-07,0.1
264.56911251848203,1.4431042501008113,-0.006514344423009502,-0.0013032888904898799,8290,2,0.06929506305106806,41.511695861816406,3.725975275039673,42,78.16313171386719,heat,0.005454545454545455,0.0019735843327766812,1.0,7.934046505982048e-07,0.1
264.5950389749386,1.4432456671360288,-0.011091325311021564,-0.0018617247428725655,8300,2,0.06928827314509776,41.511627197265625,3.725973606109619,42,78.16313171386719,heat,0.005454545454545455,0.0021253985122210413,1.0,7.748600498018933e-07,0.1
264.5759803257324,1.4431417108676314,-0.01519486443310753,-0.002204610656783744,8310,2,0.06929326430450063,41.515350341796875,3.7260632514953613,42,78.16313171386719,heat,0.005454545454545455,0.0021253985122210413,1.0,7.558508061460762e-07,0.1
264.2599954404404,1.4414181569478568,-0.01636286430909754,-0.00137483007451652,8320,2,0.06937612067531178,41.54418182373047,3.726757526397705,42,78.16313171386719,heat,0.005454545454545455,0.0021253985122210413,1.0,7.428822862656122e-07,0.1
263.7189172960672,1.4384668216149123,-0.012697072110220097,2.100353589428809e-05,8330,2,0.06951846125149677,41.57118225097656,3.727407217025757,42,78.16313171386719,heat,0.005454545454545455,0.0021253985122210413,1.0,7.249291126395515e-07,0.1
263.8987863808712,1.4394479257138428,-0.007805843350041023,0.001824924908391274,8340,2,0.06947107860842452,41.571807861328125,3.7274222373962402,42,78.16313171386719,heat,0.005454545454545455,0.0022772126916654014,1.0,7.111156987698409e-07,0.1
264.10457400175244,1.4405704036459224,-0.003910393137405537,0.0032467663195612792,8350,2,0.06941694744450615,41.58101272583008,3.7276437282562256,42,78.16313171386719,heat,0.005454545454545455,0.0025808410505541216,1.0,6.9544361858879e-07,0.1
264.1673145615388,1.4409126248811208,0.00016395167634487793,0.004280869728798224,8360,2,0.06940046070333396,41.58610916137695,3.727766275405884,42,78.16313171386719,heat,0.005454545454545455,0.0027326552299984817,1.0,6.777016278518437e-07,0.1
263.9541094635469,1.4397496879829832,0.004713929262610081,0.005015338331398593,8370,2,0.069456517917427,41.59290313720703,3.7279295921325684,42,78.16313171386719,heat,0.005454545454545455,0.0027326552299984817,1.0,6.680280155149719e-07,0.1
264.5146670617848,1.4428072748824625,0.00307343766192922,0.00442496991227179,8380,2,0.06930932615941131,41.58081817626953,3.7276389598846436,42,78.16313171386719,heat,0.005454545454545455,0.0024290268711097615,1.0,6.556931185487831e-07,0.1
264.71025223437084,1.4438741030965683,-0.0002649166903887393,0.0036241285935193724,8390,2,0.06925811591574191,41.57832717895508,3.727579116821289,42,78.16313171386719,heat,0.005454545454545455,0.0025808410505541216,1.0,6.437806263978699e-07,0.1
264.59675060067707,1.4432550032764204,-0.0031764951191114595,0.0025766164284409996,8400,2,0.06928782493251986,41.582984924316406,3.727691173553467,42,78.16313171386719,heat,0.005454545454545455,0.0025808410505541216,1.0,6.266722794030144e-07,0.1
264.5842917045368,1.4431870456611098,-0.005951337834265219,0.0009315973764734811,8410,2,0.06929108759716658,41.56941604614258,3.7273647785186768,42,78.16313171386719,heat,0.005454545454545455,0.0027326552299984817,1.0,6.109157404161589e-07,0.1
264.5972112426501,1.4432575158690006,-0.007307033598272309,0.00020232461091040466,8420,2,0.06928770430811784,41.58429718017578,3.727722644805908,42,78.16313171386719,heat,0.005454545454545455,0.0024290268711097615,1.0,6.027628953545273e-07,0.1
264.32591891862603,1.4417777395561422,-0.004836685526782138,0.000756120920312057,8430,2,0.06935881811490963,41.61357498168945,3.728426456451416,42,78.16313171386719,heat,0.005454545454545455,0.0022772126916654014,1.0,5.914840819138747e-07,0.1
264.7646240298313,1.4441706765263527,-0.004361494263225017,0.0007854901285091465,8440,2,0.06924389313909134,41.60039138793945,3.72810959815979,42,78.16313171386719,heat,0.005454545454545455,0.0018217701533323211,1.0,5.728127518776569e-07,0.1
264.98566672998487,1.4453763639817359,-0.004942935969611663,0.0005914538918170524,8450,2,0.06918613206356793,41.58620071411133,3.7277684211730957,42,78.16313171386719,heat,0.005454545454545455,0.0019735843327766812,1.0,5.653780233028455e-07,0.1
265.6636731263078,1.4490745806889518,-0.007642246595489626,-4.7063694566309774e-05,8460,2,0.06900956053790948,41.562652587890625,3.7272019386291504,42,78.16313171386719,heat,0.005454545454545455,0.0021253985122210413,1.0,5.500861275380689e-07,0.1
265.25629184228205,1.446852500957902,-0.006531488677901222,0.00024838373237085176,8470,2,0.06911554559555592,41.587974548339844,3.727811098098755,42,78.16313171386719,heat,0.005454545454545455,0.0024290268711097615,1.0,5.382158809648509e-07,0.1
265.3543456316214,1.4473873398088442,-0.007311270580223974,0.00023661730265324784,8480,2,0.06909000600572267,41.58887481689453,3.727832794189453,42,78.16313171386719,heat,0.005454545454545455,0.0022772126916654014,1.0,5.249516393010788e-07,0.1
265.91853165323573,1.4504647181085586,-0.01043292209149565,-0.00031483826021716754,8490,2,0.06894342120255255,41.57126998901367,3.7274093627929688,42,78.16313171386719,heat,0.005454545454545455,0.0024290268711097615,1.0,5.20009224969433e-07,0.1
266.45526268723717,1.4533923419303847,-0.014040629690804001,-0.0008195671253487192,8500,2,0.06880454583046774,41.56595993041992,3.7272815704345703,42,78.16313171386719,heat,0.005454545454545455,0.0024290268711097615,1.0,5.108002869553625e-07,0.1
266.19895650152193,1.4519943081901197,-0.015031137151282653,-0.0013621277651886688,8510,2,0.06887079338805942,41.577171325683594,3.727551221847534,42,78.16313171386719,heat,0.005454545454545455,0.0024290268711097615,1.0,5.038724608775344e-07,0.1
266.2194459850965,1.4521060690096175,-0.01481715334952837,-0.001105955522082376,8520,2,0.0688654927723036,41.59390640258789,3.7279536724090576,42,78.16313171386719,heat,0.005454545454545455,0.0021253985122210413,1.0,4.885383116793102e-07,0.1
266.46534069022454,1.4534473128557703,-0.012912169175923562,7.300529958358869e-05,8530,2,0.06880194356926324,41.598663330078125,3.7280681133270264,42,78.16313171386719,heat,0.005454545454545455,0.0024290268711097615,1.0,4.824553413996861e-07,0.1
266.271449238711,1.4523897231202418,-0.010500609290461494,0.0010706529583232943,8540,2,0.06885204322787755,41.60393142700195,3.7281947135925293,42,78.16313171386719,heat,0.005454545454545455,0.0022772126916654014,1.0,4.755697703264561e-07,0.1
266.20915039130284,1.4520499112252885,-0.007623271921188745,0.001817667037476913,8550,2,0.06886815613357027,41.61164855957031,3.7283802032470703,42,78.16313171386719,heat,0.005454545454545455,0.0021253985122210413,1.0,4.680082960549443e-07,0.1
266.559636748221,1.4539616549902965,-0.008181626667205354,0.001590234561864569,8560,2,0.06877760473034442,41.60551834106445,3.7282328605651855,42,78.16313171386719,heat,0.005454545454545455,0.001669955973887961,1.0,4.626012338884831e-07,0.1
266.3727022452772,1.4529420122469667,-0.005391505316591808,0.001999516378129938,8570,2,0.06882587134041954,41.6106071472168,3.7283551692962646,42,78.16313171386719,heat,0.005454545454545455,0.0021253985122210413,1.0,4.578700470021681e-07,0.1
266.7051470323295,1.45475534744907,-0.0033760659137769453,0.0021920811321241907,8580,2,0.0687400807120944,41.605499267578125,3.7282323837280273,42,78.16313171386719,heat,0.005454545454545455,0.0021253985122210413,1.0,4.495904462126445e-07,0.1
266.6635008482992,1.4545281864452684,-0.002672398497732366,0.0022433485498041354,8590,2,0.06875081619723761,41.62488555908203,3.728698253631592,42,78.16313171386719,heat,0.005454545454545455,0.0018217701533323211,1.0,4.3780471248877937e-07,0.1
266.842555817523,1.455504849913762,-0.004489596332174964,0.0018501890054551115,8600,2,0.06870468346836836,41.62474822998047,3.7286949157714844,42,78.16313171386719,heat,0.005454545454545455,0.0019735843327766812,1.0,4.3294678733851435e-07,0.1
266.9506326345831,1.4560943598249987,-0.005210454667824627,0.0015792397326966578,8610,2,0.06867686790024964,41.62920379638672,3.728801965713501,42,78.16313171386719,heat,0.005454545454545455,0.001669955973887961,1.0,4.2449822500559665e-07,0.1
268.2603700729142,1.4632383822158959,-0.010329097573297278,0.0004980991998022179,8620,2,0.06834156431063694,41.58655548095703,3.7277770042419434,42,78.16313171386719,heat,0.005454545454545455,0.001669955973887961,1.0,4.141487275185306e-07,0.1
267.37336619591423,1.4584001792504413,-0.011499442883569773,6.762330518327255e-05,8630,2,0.06856828559318744,41.60623550415039,3.728250026702881,42,78.16313171386719,heat,0.005454545454545455,0.001669955973887961,1.0,4.0608034434457583e-07,0.1
267.63885183366705,1.459848282729093,-0.01205757615047917,-0.0003026913623533941,8640,2,0.06850026895470014,41.603973388671875,3.7281956672668457,42,78.16313171386719,heat,0.005454545454545455,0.0013663276149992408,1.0,3.9999737763025477e-07,0.1
267.5818503118526,1.4595373653373778,-0.010960242285127186,-0.0005066113318799015,8650,2,0.06851486119842133,41.60147476196289,3.728135585784912,42,78.16313171386719,heat,0.005454545454545455,0.0019735843327766812,1.0,3.912108636276958e-07,0.1
267.14027089116206,1.4571287503154295,-0.008667606787845438,-0.00028474310343405153,8660,2,0.06862811537988847,41.624412536621094,3.728686809539795,42,78.16313171386719,heat,0.005454545454545455,0.001669955973887961,1.0,3.8842284095600137e-07,0.1
267.3307160923707,1.4581675423220222,-0.005765908559737396,-0.0001966463066242649,8670,2,0.0685792250187914,41.61683654785156,3.7285048961639404,42,78.16313171386719,heat,0.005454545454545455,0.0019735843327766812,1.0,3.791294169834228e-07,0.1
267.09594225202875,1.4568869577383388,-0.002706404110072582,-0.0002599563564594448,8680,2,0.06863950526075085,41.618160247802734,3.728536605834961,42,78.16313171386719,heat,0.005454545454545455,0.0019735843327766812,1.0,3.7313093246087714e-07,0.1
267.5099073859265,1.459144949377781,-0.0006837213093631138,-1.0369659094604972e-05,8690,2,0.06853328728077544,41.61030197143555,3.7283477783203125,42,78.16313171386719,heat,0.005454545454545455,0.0018217701533323211,1.0,3.694558079499956e-07,0.1
267.6326761698445,1.459814597290061,0.0007674032491535154,9.714740674753063e-05,8700,2,0.06850184960859813,41.601314544677734,3.7281317710876465,42,78.16313171386719,heat,0.005454545454545455,0.0019735843327766812,1.0,3.617676107634654e-07,0.1
267.041133682145,1.4565880019026092,0.004585566722483918,0.0010901963853315335,8710,2,0.06865359310208449,41.62752914428711,3.728761672973633,42,78.16313171386719,heat,0.005454545454545455,0.001518141794443601,1.0,3.5348801265295484e-07,0.1
267.1917016898232,1.4574092819444904,0.001949018093061235,0.00037580201733896317,8720,2,0.06861490539334221,41.60819625854492,3.728297233581543,42,78.16313171386719,heat,0.005454545454545455,0.001518141794443601,1.0,3.5306558551928514e-07,0.1
266.80703746682184,1.455311113455392,0.0038992642358907266,0.0007777841505543743,8730,2,0.0687138296927911,41.63544464111328,3.728951930999756,42,78.16313171386719,heat,0.005454545454545455,0.001669955973887961,1.0,3.4478598835549344e-07,0.1
266.7720023801617,1.4551200129827004,0.004302566538641065,0.0011906985022744952,8740,2,0.06872285385933241,41.64515686035156,3.729185104370117,42,78.16313171386719,heat,0.005454545454545455,0.0013663276149992408,1.0,3.4068843374992787e-07,0.1
267.01962295026857,1.4564706706378288,0.0033218812826510003,0.0011842633958631349,8750,2,0.06865912374068421,41.63988494873047,3.7290585041046143,42,78.16313171386719,heat,0.005454545454545455,0.001669955973887961,1.0,3.353235931709024e-07,0.1
266.522034116989,1.453756549729031,0.005742604012877696,0.0019189929450665179,8760,2,0.06878730831420105,41.651275634765625,3.7293319702148438,42,78.16313171386719,heat,0.005454545454545455,0.001669955973887961,1.0,3.2890268294483685e-07,0.1
266.1510002510211,1.4517327286419335,0.008169226827325009,0.0029653303947890512,8770,2,0.06888320282862809,41.6795539855957,3.730010747909546,42,78.16313171386719,heat,0.005454545454545455,0.001518141794443601,1.0,3.2560774123879307e-07,0.1
265.98145268226443,1.4508079237214424,0.011322989608411365,0.00399461075193698,8780,2,0.068927111828485,41.69115447998047,3.7302889823913574,42,78.16313171386719,heat,0.005454545454545455,0.0013663276149992408,1.0,3.2248177010018714e-07,0.1
265.8664761917372,1.4501807792276575,0.012098467757972485,0.004731375752646168,8790,2,0.06895692001466076,41.70481491088867,3.730616569519043,42,78.16313171386719,heat,0.005454545454545455,0.0012145134355548808,1.0,3.163143156346352e-07,0.1
266.16181943599435,1.4517917423781512,0.009857717244602196,0.004948195459131154,8800,2,0.06888040280225867,41.71511459350586,3.730863571166992,42,78.16313171386719,heat,0.005454545454545455,0.0013663276149992408,1.0,3.108649898021052e-07,0.1
266.4153819769328,1.45317481078327,0.008130774205544936,0.00498799253989462,8810,2,0.06881484543906964,41.70085906982422,3.7305216789245605,42,78.16313171386719,heat,0.005454545454545455,0.0018217701533323211,1.0,3.0735883523423e-07,0.1
266.1883008475628,1.4519361864412517,0.0060345147904344795,0.0041536869665826665,8820,2,0.06887355032117744,41.70441818237305,3.730607032775879,42,78.16313171386719,heat,0.005454545454545455,0.0019735843327766812,1.0,3.07443319823017e-07,0.1
266.1496933327363,1.4517255999967436,0.005010493404876878,0.0033195707916930262,8830,2,0.06888354107706327,41.692447662353516,3.7303199768066406,42,78.16313171386719,heat,0.005454545454545455,0.0019735843327766812,1.0,3.0026203792424656e-07,0.1
266.1615903725347,1.4517904929410985,0.0035554276481690322,0.0023845510834534333,8840,2,0.06888046208197422,41.68907928466797,3.730239152908325,42,78.16313171386719,heat,0.005454545454545455,0.0019735843327766812,1.0,2.97389523533159e-07,0.1
266.2316747815691,1.4521727715358315,0.00019763419739033666,0.0012112830924505705,8850,2,0.06886232957958513,41.695369720458984,3.7303900718688965,42,78.16313171386719,heat,0.005454545454545455,0.0021253985122210413,1.0,2.937143982568452e-07,0.1
266.14606685931307,1.4517058192326169,-0.0012196814132808189,5.5515090838637976e-05,8860,2,0.06888447967568305,41.69449234008789,3.7303690910339355,42,78.16313171386719,heat,0.005454545454545455,0.001669955973887961,1.0,2.9439028364875487e-07,0.1
266.0306131700953,1.4510760718368836,-0.0008146063451650771,-0.0007986132910378135,8870,2,0.06891437460850162,41.68212127685547,3.730072259902954,42,78.16313171386719,heat,0.005454545454545455,0.0019735843327766812,1.0,2.8885647006499396e-07,0.1
266.2808202100267,1.4524408375092368,-0.0006721022842290829,-0.0011064937817025706,8880,2,0.06884962018245652,41.6912727355957,3.7302918434143066,42,78.16313171386719,heat,0.005454545454545455,0.0019735843327766812,1.0,2.888564719785747e-07,0.1
265.9124882942363,1.450431754332198,0.0016333398222172786,-0.0010939433762040575,8890,2,0.06894498807083936,41.68797302246094,3.730212688446045,42,78.16313171386719,heat,0.005454545454545455,0.0018217701533323211,1.0,2.8404078779326816e-07,0.1
266.4058579629942,1.453122861616332,0.0007693294801784363,-0.0012055410392988592,8900,2,0.06881730557096073,41.66648864746094,3.7296972274780273,42,78.16313171386719,heat,0.005454545454545455,0.0019735843327766812,1.0,2.8226658804277025e-07,0.1
266.8531437144973,1.4555626020790764,-0.0027390250005954664,-0.0015699384239987436,8910,2,0.06870195748170733,41.66255569458008,3.729602813720703,42,78.16313171386719,heat,0.005454545454545455,0.0019735843327766812,1.0,2.7664829546996383e-07,0.1
267.01746924683044,1.45645892316453,-0.00545792350442896,-0.0021600973849570408,8920,2,0.06865967752988487,41.64033126831055,3.729069232940674,42,78.16313171386719,heat,0.005454545454545455,0.001669955973887961,1.0,2.7077654123475803e-07,0.1
267.3117769326557,1.4580642378144857,-0.008415328383251723,-0.0032575532045942095,8930,2,0.0685840838877521,41.61962890625,3.728571891784668,42,78.16313171386719,heat,0.005454545454545455,0.0018217701533323211,1.0,2.671859052203968e-07,0.1
267.4683941748891,1.4589185136812135,-0.011043324253895355,-0.004212970865239211,8940,2,0.06854392418920999,41.61345672607422,3.728423595428467,42,78.16313171386719,heat,0.005454545454545455,0.0018217701533323211,1.0,2.648203012021879e-07,0.1
267.40960250553184,1.4585978318483557,-0.012676001529066372,-0.004962829243783335,8950,2,0.06855899399855724,41.59757614135742,3.728041887283325,42,78.16313171386719,heat,0.005454545454545455,0.001518141794443601,1.0,2.646090827204721e-07,0.1
268.35941866289016,1.4637786472521284,-0.01653087129257829,-0.006358796767030872,8960,2,0.06831634017050633,41.55027389526367,3.7269041538238525,42,78.16313171386719,heat,0.005454545454545455,0.0019735843327766812,1.0,2.5932873863472007e-07,0.1
268.58605022097794,1.4650148193871524,-0.018817483199727224,-0.007526141155203113,8970,2,0.06825869518632732,41.542667388916016,3.7267210483551025,42,78.16313171386719,heat,0.005454545454545455,0.0022772126916654014,1.0,2.562027830464754e-07,0.1
268.9645830594989,1.4670795439609035,-0.021552691177542296,-0.00840992571560706,8980,2,0.06816262990758798,41.51247787475586,3.725994110107422,42,78.16313171386719,heat,0.005454545454545455,0.0021253985122210413,1.0,2.550199689717409e-07,0.1
269.1317142607296,1.4679911686948888,-0.02094563875630844,-0.009089610137966758,8990,2,0.0681203008114174,41.48527145385742,3.7253384590148926,42,78.16313171386719,heat,0.005454545454545455,0.0022772126916654014,1.0,2.549354822679437e-07,0.1
269.2873293765534,1.468839978417564,-0.020515523912422815,-0.0098134747155055,9000,2,0.06808093561541927,41.46462631225586,3.7248406410217285,42,78.16313171386719,heat,0.005454545454545455,0.0022772126916654014,1.0,2.5142932685406434e-07,0.1
269.9855241474678,1.4726483135316426,-0.02238443873834813,-0.011427528257982619,9010,2,0.06790487523812407,41.38834762573242,3.722999334335327,42,78.16313171386719,heat,0.005454545454545455,0.0022772126916654014,1.0,2.528233444241561e-07,0.1
270.5694671074474,1.4758334569497131,-0.02456388085459377,-0.013750329427283287,9020,2,0.0677583229524301,41.32535934448242,3.7214763164520264,42,78.16313171386719,heat,0.005454545454545455,0.0022772126916654014,1.0,2.5138708862854773e-07,0.1
270.9805651151818,1.4780758097191733,-0.026659875059054757,-0.01659499662000399,9030,2,0.06765552845290086,41.25947570800781,3.7198808193206787,42,78.16313171386719,heat,0.005454545454545455,0.0022772126916654014,1.0,2.461067457110871e-07,0.1
253.5486915000614,1.3829928627276078,0.039632670959842006,-0.019376551247124788,9040,2,0.07230695305453348,41.19002914428711,3.718196153640747,41,78.16313171386719,heat,0.005454545454545455,0.0018217701533323211,1.0,2.4302301835745336e-07,0.1
254.3179378745048,1.3871887520427535,0.09014789498312012,-0.02249701829717834,9050,2,0.07208824311236772,41.10220718383789,3.71606183052063,41,78.16313171386719,heat,0.005454545454545455,0.0018217701533323211,1.0,2.4488169316912056e-07,0.1
254.94883480668133,1.3906300080364438,0.12338009938513629,-0.02645770933343536,9060,2,0.07190985339170053,41.01598358154297,3.7139618396759033,41,78.16313171386719,heat,0.005454545454545455,0.001669955973887961,1.0,2.434454470622735e-07,0.1
256.0959650239707,1.3968870819489312,0.1404537439905867,-0.03063568298093769,9070,2,0.07158774770862682,40.89927291870117,3.7111122608184814,41,78.16313171386719,heat,0.005454545454545455,0.0018217701533323211,1.0,2.401505054972304e-07,0.1
256.2347452379608,1.3976440649343318,0.14453476216332034,-0.03406381918564963,9080,2,0.07154897481333955,40.823360443115234,3.709254503250122,41,78.16313171386719,heat,0.005454545454545455,0.0021253985122210413,1.0,2.401505001190614e-07,0.1
257.08902206545434,1.4023037567206602,0.13442281007243,-0.03715681738484033,9090,2,0.07131122591716772,40.718719482421875,3.7066879272460938,41,78.16313171386719,heat,0.005454545454545455,0.0018217701533323211,1.0,2.3786939045897275e-07,0.1
257.1479570163566,1.402625220089218,0.11300734848460436,-0.038579117659168535,9100,2,0.07129488231620362,40.64106750488281,3.7047793865203857,41,78.16313171386719,heat,0.005454545454545455,0.0018217701533323211,1.0,2.3482790949882385e-07,0.1
258.327710959994,1.4090602415999676,0.07429755908325779,-0.04156534292927016,9110,2,0.07096928651286864,40.49107360839844,3.7010815143585205,41,78.16313171386719,heat,0.005454545454545455,0.0018217701533323211,1.0,2.3334940878016632e-07,0.1
258.91855236324153,1.4122830128904085,0.02071529931745965,-0.044748301887707335,9120,2,0.07080733754301688,40.36074447631836,3.697857618331909,41,78.16313171386719,heat,0.005454545454545455,0.001669955973887961,1.0,2.342787512217387e-07,0.1
259.5428023563362,1.415688012852743,-0.04689829044965176,-0.04797555140763604,9130,2,0.07063703237727549,40.22616195678711,3.6945176124572754,41,78.16313171386719,heat,0.005454545454545455,0.001518141794443601,1.0,2.3009670936851603e-07,0.1
260.36294205706685,1.4201615021294556,-0.04675590487383393,-0.05155688094547663,9140,2,0.07041452669295387,40.06924057006836,3.6906089782714844,41,78.16313171386719,heat,0.005454545454545455,0.001669955973887961,1.0,2.3153296472097942e-07,0.1
261.20507786146567,1.4247549701534492,-0.0476669730494721,-0.05572447369760125,9150,2,0.07018750739239729,39.90561294555664,3.6865170001983643,41,78.16313171386719,heat,0.005454545454545455,0.001669955973887961,1.0,2.3271576042533892e-07,0.1
262.15599647145393,1.4299417989352035,-0.0493214737320705,-0.06018364825134332,9160,2,0.06993291620292821,39.735267639160156,3.682239055633545,41,78.16313171386719,heat,0.005454545454545455,0.0019735843327766812,1.0,2.2908288157272438e-07,0.1
263.62441556331225,1.437951357618067,-0.05603211702571536,-0.06610458477356487,9170,2,0.06954338161038193,39.538726806640625,3.6772806644439697,41,78.16313171386719,heat,0.005454545454545455,0.0013663276149992408,1.0,2.282380230149356e-07,0.1
247.02419085265504,1.3474046773781185,0.009918979772063847,-0.07201908770967817,9180,2,0.07421675290202163,39.33244705200195,3.6720497608184814,40,78.16313171386719,heat,0.005454545454545455,0.001669955973887961,1.0,2.278578386288759e-07,0.1
248.22345654843824,1.353946126627845,0.05587708303256766,-0.0784627277965866,9190,2,0.07385818241458487,39.11188507080078,3.666426420211792,40,78.16313171386719,heat,0.005454545454545455,0.001669955973887961,1.0,2.3415201599937483e-07,0.1
249.22740126901994,1.3594221887401088,0.09018844113933627,-0.0840462228033127,9200,2,0.07356066483855059,38.88642501831055,3.6606452465057373,40,78.16313171386719,heat,0.005454545454545455,0.001518141794443601,1.0,2.299699768553796e-07,0.1
250.14971752569,1.3644530046855818,0.10873303584370078,-0.09027973834331907,9210,2,0.07328944247738568,38.657527923583984,3.6547415256500244,40,78.16313171386719,heat,0.005454545454545455,0.0018217701533323211,1.0,2.2933633281114455e-07,0.1
251.46142676415332,1.3716077823499273,0.11257902508158671,-0.09555142453263056,9220,2,0.07290713955316988,38.4473876953125,3.6492908000946045,40,78.16313171386719,heat,0.005454545454545455,0.001518141794443601,1.0,2.4230486559317126e-07,0.1
252.04873501126178,1.3748112818796099,0.10451299844635706,-0.09989608175583313,9230,2,0.07273725588233633,38.225521087646484,3.643503427505493,40,78.16313171386719,heat,0.005454545454545455,0.0013663276149992408,1.0,2.187333883458933e-07,0.1
248.94279402876185,1.3578697856114283,0.09729141347624327,-0.07612020245704117,9240,2,0.07364476407063694,38.96979522705078,3.6627869606018066,40,78.16313171386719,heat,0.005454545454545455,0.002884469409442842,0.9946846208362863,0.01580879221717193,0.1
245.5650181500436,1.3394455535456926,0.09035513344881806,-0.04046348642898351,9250,2,0.07465775651372059,39.443634033203125,3.674872636795044,40,78.16313171386719,heat,0.005454545454545455,0.0025808410505541216,1.0,0.00024902767460549617,0.1
245.05100818427098,1.3366418628232963,0.06921751193179877,-0.00724378932380296,9260,2,0.07481435587299122,39.48878860473633,3.6760168075561523,40,78.16313171386719,heat,0.005454545454545455,0.0022772126916654014,1.0,2.125768772645541e-05,0.1
244.6124155099529,1.3342495391451978,0.0291466320919594,0.02181165506587596,9270,2,0.0749484988123482,39.51212692260742,3.676607608795166,40,78.16313171386719,heat,0.005454545454545455,0.0024290268711097615,1.0,2.296992735837406e-05,0.1
244.64164188403643,1.3344089557311078,0.049270867041210024,0.044683899344458496,9280,2,0.07493954501018102,39.51428985595703,3.6766624450683594,40,78.16313171386719,heat,0.005454545454545455,0.0021253985122210413,1.0,2.2411067822061494e-05,0.1
243.53892786550247,1.32839415199365,0.0656309079757348,0.06123590389242284,9290,2,0.07527886196270911,39.57841491699219,3.678283929824829,40,78.16313171386719,heat,0.005454545454545455,0.0025808410505541216,1.0,2.720348092773855e-05,0.1
242.93163014276777,1.3250816189605517,0.07549986505466726,0.06871546902556115,9300,2,0.07546704940216747,39.596988677978516,3.678753137588501,40,78.16313171386719,heat,0.005454545454545455,0.0019735843327766812,1.0,3.0699499029877234e-05,0.1
242.36865519904174,1.3220108465402278,0.07766872159313179,0.06571159732830582,9310,2,0.07564234458567816,39.619911193847656,3.6793317794799805,40,78.16313171386719,heat,0.005454545454545455,0.0021253985122210413,1.0,3.441414864254293e-05,0.1
241.48551952060697,1.3171937428396745,0.07032288478571802,0.05145439773610479,9320,2,0.07591897588612502,39.64444351196289,3.679950714111328,40,78.16313171386719,heat,0.005454545454545455,0.0019735843327766812,1.0,3.7644112076512805e-05,0.1
241.08388841229163,1.315003027703409,0.053286321593227604,0.02457143175153498,9330,2,0.07604545228663488,39.680355072021484,3.680856227874756,40,78.16313171386719,heat,0.005454545454545455,0.0019735843327766812,1.0,4.084041026823683e-05,0.1
240.315949917984,1.3108142722799128,0.04433896688403075,0.013248643747250275,9340,2,0.07628845833824267,39.7099609375,3.6816020011901855,40,78.16313171386719,heat,0.005454545454545455,0.001669955973887961,1.0,4.688026005076558e-05,0.1
239.8261283826227,1.3081425184506694,0.04603806720173154,0.013007206573583346,9350,2,0.07644427009255647,39.73494338989258,3.6822309494018555,40,78.16313171386719,heat,0.005454545454545455,0.0019735843327766812,1.0,5.4420529033526355e-05,0.1
239.6412465713713,1.30713407220748,0.04587405278359656,0.013024098083846324,9360,2,0.07650324639699783,39.75468063354492,3.682727575302124,40,78.16313171386719,heat,0.005454545454545455,0.0019735843327766812,1.0,6.38759409761519e-05,0.1
239.30742117320597,1.3053132063993054,0.04431596141569289,0.012854014308817665,9370,2,0.07660996572297701,39.77785110473633,3.6833102703094482,40,78.16313171386719,heat,0.005454545454545455,0.0019735843327766812,1.0,7.396417737792098e-05,0.1
238.8242295773569,1.3026776158764923,0.039802197623328685,0.011750952815291319,9380,2,0.0767649637801722,39.79706954956055,3.683793306350708,40,78.16313171386719,heat,0.005454545454545455,0.0019735843327766812,1.0,8.159970687184163e-05,0.1
237.92331575132562,1.2977635404617762,0.039134480284020626,0.01234012323466523,9390,2,0.07705563986211043,39.84927749633789,3.6851043701171875,40,78.16313171386719,heat,0.005454545454545455,0.0019735843327766812,1.0,9.16794815050731e-05,0.1
237.2807385442496,1.2942585738777252,0.03908002630526197,0.012965477454299766,9400,2,0.07726431334380905,39.888099670410156,3.6860780715942383,40,78.16313171386719,heat,0.005454545454545455,0.0021253985122210413,1.0,0.0001028846030237472,0.1
236.31846044433675,1.2890097842418369,0.04064150985350968,0.013592786439527351,9410,2,0.07757893013885654,39.92487335205078,3.686999559402466,40,78.16313171386719,heat,0.005454545454545455,0.0021253985122210413,1.0,0.00011752665328428883,0.1
235.91700733180477,1.2868200399916625,0.04280123915565895,0.013661271426562205,9420,2,0.07771094394881192,39.94007873535156,3.687380313873291,40,78.16313171386719,heat,0.005454545454545455,0.0022772126916654014,1.0,0.0001290041071774166,0.1
235.49096793716487,1.284496188748172,0.04362512231658462,0.014068981683244051,9430,2,0.07785153500335157,39.97572708129883,3.688272476196289,40,78.16313171386719,heat,0.005454545454545455,0.0021253985122210413,1.0,0.00014468116387820584,0.1
234.61147343880484,1.2796989460298447,0.04675944004091166,0.014676735278941306,9440,2,0.07814337919886655,40.013240814208984,3.6892104148864746,40,78.16313171386719,heat,0.005454545454545455,0.0024290268711097615,1.0,0.0001565616281441902,0.1
234.22209203276626,1.2775750474514525,0.04880004019217487,0.015432612851131412,9450,2,0.0782732882889997,40.0561637878418,3.6902825832366943,40,78.16313171386719,heat,0.005454545454545455,0.0024290268711097615,1.0,0.00017111771945251862,0.1
233.4864818188171,1.2735626281026389,0.049640617655785195,0.015630367645753086,9460,2,0.07851989198912078,40.0808219909668,3.6908979415893555,40,78.16313171386719,heat,0.005454545454545455,0.0021253985122210413,1.0,0.00018396659157577833,0.1
232.6573911149976,1.2690403151727143,0.04997372373822747,0.016156973898391474,9470,2,0.0787997030546584,40.13871383666992,3.6923413276672363,40,78.16313171386719,heat,0.005454545454545455,0.0021253985122210413,1.0,0.00020323113177280575,0.1
232.32987281778665,1.2672538517333818,0.048053910419034895,0.016149106619642084,9480,2,0.0789107879713425,40.173622131347656,3.6932106018066406,40,78.16313171386719,heat,0.005454545454545455,0.0022772126916654014,1.0,0.00021886685560960692,0.1
231.59367422750722,1.2632382230591304,0.047690966661470956,0.016886791768890207,9490,2,0.07916163252077209,40.223724365234375,3.6944570541381836,40,78.16313171386719,heat,0.005454545454545455,0.0022772126916654014,1.0,0.00023872394025502996,0.1
231.2733344335919,1.2614909150923197,0.04611143452835995,0.01686229467740763,9500,2,0.07927128035851269,40.228092193603516,3.694565534591675,40,78.16313171386719,heat,0.005454545454545455,0.0022772126916654014,1.0,0.0002620470597932457,0.1
230.5204318230332,1.2573841735801812,0.04693534684573146,0.0170738475306326,9510,2,0.07953018822820676,40.26881790161133,3.695577383041382,40,78.16313171386719,heat,0.005454545454545455,0.0019735843327766812,1.0,0.00028150703331530176,0.1
230.43559679852783,1.2569214370828792,0.04483762902792777,0.016092498690384968,9520,2,0.07955946732206635,40.27809143066406,3.695807933807373,40,78.16313171386719,heat,0.005454545454545455,0.0022772126916654014,1.0,0.000303123233668918,0.1
229.80516819031493,1.253482735583536,0.04238083084726988,0.015676133697667252,9530,2,0.07977772422485487,40.33309555053711,3.6971724033355713,40,78.16313171386719,heat,0.005454545454545455,0.0021253985122210413,1.0,0.0003302197378535684,0.1
229.60806072522516,1.2524076039557737,0.03997655436326208,0.014843278972184975,9540,2,0.07984620956000783,40.34921646118164,3.6975719928741455,40,78.16313171386719,heat,0.005454545454545455,0.0025808410505541216,1.0,0.00036196945745677473,0.1
229.02910830643282,1.2492496816714518,0.03729156616024563,0.014833505402692368,9550,2,0.08004804921479232,40.40520477294922,3.6989586353302,40,78.16313171386719,heat,0.005454545454545455,0.0024290268711097615,1.0,0.00038011258555570266,0.1
228.4623118898413,1.2461580648536799,0.035937501513776476,0.014506682256017069,9560,2,0.08024664191515841,40.43948745727539,3.6998066902160645,40,78.16313171386719,heat,0.005454545454545455,0.0021253985122210413,1.0,0.0004071875479142297,0.1
228.01218713705268,1.2437028389293783,0.03605863380038323,0.015077368029136333,9570,2,0.08040505888535512,40.48490524291992,3.7009291648864746,40,78.16313171386719,heat,0.005454545454545455,0.0022772126916654014,1.0,0.00043223132389253713,0.1
227.57219043431894,1.241302856914467,0.0353673528880337,0.015337791348251415,9580,2,0.0805605170752383,40.50627899169922,3.7014570236206055,40,78.16313171386719,heat,0.005454545454545455,0.0027326552299984817,1.0,0.0004546136547991852,0.1
227.2167517041869,1.2393641002046558,0.035509408688308874,0.015879699840041898,9590,2,0.0806865391562391,40.53042984008789,3.7020530700683594,40,78.16313171386719,heat,0.005454545454545455,0.0021253985122210413,1.0,0.00048105388109669257,0.1
227.33623438549907,1.240015823920904,0.032659403488322566,0.014883716941724223,9600,2,0.08064413217228318,40.530548095703125,3.7020559310913086,40,78.16313171386719,heat,0.005454545454545455,0.0022772126916654014,1.0,0.0005094348217019433,0.1
227.03351162340252,1.238364608854923,0.031223401340255915,0.014492903964812499,9610,2,0.08075166173593,40.57312774658203,3.703105926513672,40,78.16313171386719,heat,0.005454545454545455,0.0025808410505541216,1.0,0.0005390315441530882,0.1
226.65263619600913,1.2362871065236862,0.028545113914843653,0.01358551989835132,9620,2,0.08088735979880098,40.60830307006836,3.703972578048706,40,78.16313171386719,heat,0.005454545454545455,0.0025808410505541216,1.0,0.0005588426132086456,0.1
226.1033458285093,1.2332909772464145,0.02793050605920044,0.013467293947091605,9630,2,0.08108386572589006,40.646507263183594,3.7049129009246826,40,78.16313171386719,heat,0.005454545454545455,0.0024290268711097615,1.0,0.0005808000450011298,0.1
226.1863801869982,1.2337438919290813,0.024479602964371745,0.012703138250369743,9640,2,0.08105409935901693,40.66997528076172,3.7054901123046875,40,78.16313171386719,heat,0.005454545454545455,0.0022772126916654014,1.0,0.0006031542572553893,0.1
226.07246362789118,1.2331225288794065,0.021243576066940825,0.01264229956033248,9650,2,0.0810949420337608,40.70151138305664,3.7062652111053467,40,78.16313171386719,heat,0.005454545454545455,0.0024290268711097615,1.0,0.0006238235675790535,0.1
225.9043298556408,1.2322054355762226,0.0188744182541253,0.012883384217943395,9660,2,0.08115529855071324,40.73781204223633,3.7071566581726074,40,78.16313171386719,heat,0.005454545454545455,0.0025808410505541216,1.0,0.0006424562849548615,0.1
225.137065618707,1.22802035792022,0.01975939758835102,0.014897650549000883,9670,2,0.0814318747690473,40.82162094116211,3.709211826324463,40,78.16313171386719,heat,0.005454545454545455,0.0022772126916654014,1.0,0.0006588394105141359,0.1
240.7782026826749,1.3133356509964087,-0.04782805277655049,0.01551458563535319,9680,2,0.07614199761053578,40.81205368041992,3.708977460861206,41,78.16313171386719,heat,0.005454545454545455,0.0024290268711097615,1.0,0.0006790664337009778,0.1
240.48663037746914,1.3117452566043772,-0.10053550129755219,0.016471892738004493,9690,2,0.07623431416772414,40.86539840698242,3.7102837562561035,41,78.16313171386719,heat,0.005454545454545455,0.0024290268711097615,1.0,0.0006939424274451001,0.1
240.30542004491758,1.3107568366086415,-0.14014280340274837,0.01649014648507632,9700,2,0.07629180119993335,40.90107727050781,3.7111563682556152,41,78.16313171386719,heat,0.005454545454545455,0.0022772126916654014,1.0,0.0007094815546269829,0.1
239.8519809261171,1.3082835323242752,-0.16322668406397975,0.0166526398979282,9710,2,0.0764360305157565,40.93729019165039,3.7120413780212402,41,78.16313171386719,heat,0.005454545454545455,0.0024290268711097615,1.0,0.0007208030687629897,0.1
239.61700316282773,1.307001835433606,-0.17071030952890964,0.016366170394613497,9720,2,0.07651098666347655,40.95656204223633,3.7125120162963867,41,78.16313171386719,heat,0.005454545454545455,0.0022772126916654014,1.0,0.0007249568900490123,0.1
239.35333583191135,1.3055636499922438,-0.161224632533768,0.01609792329590121,9730,2,0.07659526979063341,40.98819351196289,3.7132840156555176,41,78.16313171386719,heat,0.005454545454545455,0.0027326552299984817,1.0,0.0007330628863914027,0.1
239.28583894646187,1.3051954851625194,-0.13905792685861934,0.015258831255080726,9740,2,0.07661687550776984,41.01188659667969,3.7138619422912598,41,78.16313171386719,heat,0.005454545454545455,0.0024290268711097615,1.0,0.0007406255212733899,0.1
239.33190755133964,1.3054467684618527,-0.10362770650584228,0.0144422879159088,9750,2,0.076602127651536,41.05042266845703,3.714801073074341,41,78.16313171386719,heat,0.005454545454545455,0.0021253985122210413,1.0,0.0007472808903821134,0.1
239.31732808751877,1.305367244113739,-0.054109858203517915,0.014156415141308774,9760,2,0.07660679433387622,41.105567932128906,3.7161436080932617,41,78.16313171386719,heat,0.005454545454545455,0.0019735843327766812,1.0,0.0007422554835463952,0.1
239.76433753773335,1.3078054774785457,0.01116512961630346,0.014258616823600958,9770,2,0.0764639709208134,41.09993362426758,3.7160065174102783,41,78.16313171386719,heat,0.005454545454545455,0.0021253985122210413,1.0,0.0007421979959113596,0.1
239.01868600239098,1.303738287285769,0.009514109951955231,0.013555452345112025,9780,2,0.07670251075328036,41.14101028442383,3.717005491256714,41,78.16313171386719,heat,0.005454545454545455,0.0021253985122210413,1.0,0.0007386311616756492,0.1
238.90436136471612,1.303114698352997,0.008219525959443535,0.013557542900661523,9790,2,0.0767392157623498,41.17784118652344,3.717900276184082,41,78.16313171386719,heat,0.005454545454545455,0.0024290268711097615,1.0,0.0007349995423545949,0.1
238.98165857067107,1.3035363194763878,0.006061503314295949,0.013599537331700953,9800,2,0.07671439491626025,41.20518112182617,3.718564033508301,41,78.16313171386719,heat,0.005454545454545455,0.0024290268711097615,1.0,0.0007338866019360113,0.1
238.73909575354202,1.3022132495647747,0.005984487401593256,0.014149534848514521,9810,2,0.07679233799335246,41.249691009521484,3.7196435928344727,41,78.16313171386719,heat,0.005454545454545455,0.0022772126916654014,1.0,0.00072978971842683,0.1
238.7045354246321,1.3020247386798116,0.00621941861084232,0.014326826294935707,9820,2,0.07680345620882367,41.28001403808594,3.7203783988952637,41,78.16313171386719,heat,0.005454545454545455,0.0019735843327766812,1.0,0.0007160747770126315,0.1
238.79822588502591,1.3025357775546869,0.006560471583005031,0.013943550725532383,9830,2,0.07677332302359849,41.289798736572266,3.7206153869628906,41,78.16313171386719,heat,0.005454545454545455,0.0019735843327766812,1.0,0.0007070305294038439,0.1
238.51941615283965,1.3010149971973073,0.007887363282578152,0.013983254559827062,9840,2,0.0768630647728301,41.34597396850586,3.721975088119507,41,78.16313171386719,heat,0.005454545454545455,0.0022772126916654014,1.0,0.000703453880679958,0.1
238.73564684617503,1.302194437342773,0.007376584422764349,0.013936035788006694,9850,2,0.07679344737799497,41.36906051635742,3.7225332260131836,41,78.16313171386719,heat,0.005454545454545455,0.001669955973887961,1.0,0.0006961684073714247,0.1
238.8754647350792,1.3029570803731594,0.005797370619910298,0.014280150130684028,9860,2,0.07674849886180486,41.388614654541016,3.723005771636963,41,78.16313171386719,heat,0.005454545454545455,0.0018217701533323211,1.0,0.0006855923092866635,0.1
238.51667938820228,1.3010000693901944,0.0030287494771496608,0.013669731594123142,9870,2,0.07686394670745257,41.419036865234375,3.723740577697754,41,78.16313171386719,heat,0.005454545454545455,0.001518141794443601,1.0,0.0006708443993346107,0.1
237.9494143111358,1.297905896242559,0.0052769033438204195,0.013978276107272931,9880,2,0.07704718831272767,41.47819900512695,3.725167989730835,41,78.16313171386719,heat,0.005454545454545455,0.0013663276149992408,1.0,0.0006632501869822155,0.1
237.6683329081897,1.2963727249537622,0.008293245962218976,0.014395000992650776,9890,2,0.07713830912600132,41.51228332519531,3.72598934173584,41,78.16313171386719,heat,0.005454545454545455,0.001669955973887961,1.0,0.0006483981843650325,0.1
237.63099827997053,1.296169081527112,0.009928379193167842,0.014253157108607044,9900,2,0.07715042846276093,41.5297737121582,3.7264106273651123,41,78.16313171386719,heat,0.005454545454545455,0.001518141794443601,1.0,0.0006404795898352291,0.1
236.84864373721825,1.2919016931120997,0.014797957329146638,0.014648473564875754,9910,2,0.07740527048858267,41.570152282714844,3.7273824214935303,41,78.16313171386719,heat,0.005454545454545455,0.0013663276149992408,1.0,0.0006296552920566831,0.1
237.19612031895164,1.2937970199215545,0.016675609970440475,0.014042369733325922,9920,2,0.0772918769020377,41.56198501586914,3.7271859645843506,41,78.16313171386719,heat,0.005454545454545455,0.001518141794443601,1.0,0.0006103182477103632,0.1
237.45289858142397,1.295197628625949,0.015586262620220349,0.012617593113504584,9930,2,0.07720829454118762,41.57899475097656,3.727595090866089,41,78.16313171386719,heat,0.005454545454545455,0.0018217701533323211,1.0,0.0005936159978044489,0.1
237.04443196619366,1.292969628906511,0.016342553673906118,0.012281990070580956,9940,2,0.07734133715466458,41.620155334472656,3.7285845279693604,41,78.16313171386719,heat,0.005454545454545455,0.001669955973887961,1.0,0.0005834238855105519,0.1
237.00039282828956,1.2927294154270341,0.014834353810405902,0.010829826056810463,9950,2,0.07735570863216297,41.60572052001953,3.7282376289367676,41,78.16313171386719,heat,0.005454545454545455,0.0018217701533323211,1.0,0.0005700294863832633,0.1
237.24844753090156,1.294082441077645,0.00996865092866233,0.00914257895115199,9960,2,0.07727482950524016,41.62498474121094,3.728700637817383,41,78.16313171386719,heat,0.005454545454545455,0.0018217701533323211,1.0,0.000558896917326034,0.1
236.41479889922417,1.289535266723041,0.008894667719070576,0.007796517255245594,9970,2,0.07754731691372767,41.6545524597168,3.7294106483459473,41,78.16313171386719,heat,0.005454545454545455,0.0019735843327766812,1.0,0.0005490074121402504,0.1
236.5557891981523,1.2903043047171945,0.008194363262467502,0.007065639043902311,9980,2,0.07750109771347136,41.65997314453125,3.7295408248901367,41,78.16313171386719,heat,0.005454545454545455,0.001518141794443601,1.0,0.0005352187526417589,0.1
236.69313304575252,1.291053452976832,0.007048079304632886,0.006814203365882289,9990,2,0.07745612683148488,41.678768157958984,3.729991912841797,41,78.16313171386719,heat,0.005454545454545455,0.001669955973887961,1.0,0.00052593785817791,0.1
251.81552842731534,1.3735392459671747,-0.058383121378936045,0.0069041694367761594,10000,2,0.07280461791944301,41.70869064331055,3.7307095527648926,42,78.16313171386719,heat,0.005454545454545455,0.0019735843327766812,1.0,0.0005170161612919307,0.1
