puzzle,solution
083007060910002740207100000100000030602800070004000500001006007840700300729000006,483957261915362748267184953198475632652893174374621589531246897846719325729538416
940168000050230069200000000010700000300490500804356000000000100090010000070009600,943168257751234869286975413519782346367491528824356971635827194492613785178549632
700205916008106700100030000806050201005007000204018503000940002092000157000002009,743285916528196734169734825836459271915327468274618593657941382492863157381572649
090800000640172039700090000000000000800009640500704002100008076970201304200000108,391846527645172839782395461429613785817529643563784912134958276978261354256437198
067000900002040010050709004905080020600000005000006100006008000500104800000567091,467813952392645718158729364935481627681972435274356189716298543529134876843567291
000240063008096400040807000050010237000430080600970041002003090400009050000000300,795241863128396475346857129954618237271435986683972541812563794437189652569724318
006800002980000305003095008007040506050070009094000007065000871100064000200780650,546813792981627345723495168817249536652378419394156287465932871178564923239781654
003040016000000000000000008004650020050321000000000300902100037007030590015470000,593842716178596243246713958834657129759321684621984375982165437467238591315479862
000005000010000000000762150780623010603100000001000000100907680067000004390806701,278315946516489237439762158784623519653198472921574863142937685867251394395846721
105492600670830109090700200000500081509080400013900502200000090000000814000609020,135492678672835149498716253724563981569281437813974562247158396956327814381649725
000400200098100704240003160810000500005008900960005003020900380479030015003061000,156497238398126754247583169812379546735648921964215873621954387479832615583761492
000201000000070000823040000000007000948002600675039120000590210400308759050000800,794281365516973482823645971231467598948152637675839124387594216462318759159726843
600008000807000009930000600206800000003009060059007020060000001590070840070086002,641598273827463519935712684216854937783129465459637128368245791592371846174986352
004000000800950040000003700030084020127035800008000500400007000960500372000000010,394871256876952143215463789539784621127635894648219537483127965961548372752396418
035000192964300000210500046100900004000670900690000805000800000000000407420700680,735486192964312578218597346182935764543678921697124835376841259859263417421759683
059006003300000620006070508000395080003000052508720900600400090080000017970100000,859246173347851629126973548412395786793618452568724931631487295284569317975132864
700005001006400805100906000000073000002059700060004003603700009000000300800001020,749825631236417895158936274514673982382159746967284513623748159471592368895361427
930280714580300000000609005000000607015004000000060059000006000761028003003001000,936285714584317926172649835398152647615974382427863159859436271761528493243791568
005200100002408037080000000200040003001002000090503000004005006500760048076020001,745236189612498537983157624257649813361872495498513762124385976539761248876924351
000061804060508000001003000586000200700010063100600008308000000900000300002000400,275961834463578912891243657586397241729814563134652798358429176947186325612735489
006075084001000000000080070462018090800926105100030026200000608000001700008002009,326175984781294563954683271462518397873926145195437826247359618639841752518762439
700900206090420000300170000048000000201049008079060000080000005950007403007010090,714935286895426137326178954648351729231749568579862341183294675952687413467513892
900000000030900700500000030025096000060700020000003000680574000200010564000009100,942637815136985742578142639825496371364751928719823456681574293297318564453269187
060000000002401005000008623001700508509000402000150030020830100000000004000294080,967523841382461975154978623231749568579386412648152739426835197893617254715294386
600000340070300659300800001000039000000068910900040203000500000000000800086000000,652917348178324659394856721815239476243768915967145283439582167521673894786491532
067300410091007000000142970750000600384000000000034080000871000070023000120690047,267389415491567823835142976752918634384256791619734582543871269976423158128695347
800000094000290030000300000062405070508070000074000650400800020730500009001740005,823167594615294837947358216162485973598673142374921658459836721736512489281749365
700100005056002807480000902200000000000001200501000793800700120004800006002310584,729138465156492837483657912248973651397561248561284793835746129914825376672319584
000218600120070000700000201200000000000900000690400002800140700010060000000380004,439218675126574983785693241241836597358927416697451832863145729914762358572389164
857100904190700000040300007000094206260003408085021000310005600020030800000006025,857162934193748562642359187731894256269573418485621793314285679526937841978416325
250001809430000120910820057000280931800500400600000085300060000060008000040070698,257631849438759126916824357574286931893517462621943785389162574765498213142375698
160000038075093020003500009000000063310900052600300071030701600080025007000039004,169247538475893126823516749592178463317964852648352971234781695986425317751639284
000307009005002340010509060000000705070195400004000000000004000000630080049200001,428367159965812347317549268231486795876195423594723816183954672752631984649278531
500000009000200406000108070130900000605000000004030962001800000007415803400372090,513647289879253416246198375132986754695724138784531962321869547967415823458372691
020300000040000532007409000063580004000004803000200006096153000205000001030000000,628315749149678532357429168963587214712964853584231976896153427275846391431792685
490380006010025003003006701001902504000548000045007000208600410030000800100070000,497381256816725943523496781781932564362548197945167328278653419634219875159874632
000804000100000034000000982400070020003502870070000450968003005000065008000000000,529834617186927534734156982495678123613542879872391456968713245341265798257489361
900100200000003000080000300200000007057800062000002180045018000360509700001007405,973185246126473859584926371218694537457831962639752184745218693362549718891367425
001000060070030214000600000006100002320706001008920400000000008087092005000000007,831245769675839214942671583796184352324756891518923476463517928187492635259368147
460092570320010040897006103050000000070820000200600007930100000006030000718000000,461392578325718649897456123654971382179823456283645917932184765546237891718569234
026098004080000903905070008001657000400000017000000000010000205000005031003710009,726398154184562973935471628391657842468239517572184396817943265649825731253716489
390000008208000104460819035000105000900070561170030000020700000040001002010602900,391524678258367194467819235682195743934278561175436829829753416746981352513642987
005008060900514032803700540000050003008000100537600000300000008780000056400025000,145238769976514832823769541214957683698342175537681924359476218782193456461825397
000000000008000001090000037802304000100009000409070080905003000080017006601540000,314796852728435691596281437852364719137859264469172385945623178283917546671548923
900736010700200090060900037080610000590020040010007002001009005009000000006100000,925736418743281596168945237382614759597328641614597382231479865459862173876153924
940652380030109000000700924080000000700010649000204130095000010000400802010006003,947652381832149567561738924184963275723815649659274138295387416376491852418526793
506008030007006100000000000351000940008400300200000007004080001000129003000700060,526918734497236158813574296351867942768492315249351687974683521685129473132745869
300407918000600700000800430800140007100000000070300100000582070007014020520736809,356427918418693752792851436835149267164278593279365184943582671687914325521736849
001009005080006000000020600027008009093207850150090260806005000500901406000002510,261849375384756921975123648427568139693217854158394267816435792532971486749682513
210780049000056003600000000000030700090170500087905000864000975030507080700800360,215783649978456213643219857521638794496172538387945126864321975139567482752894361
600000030500240789700003060080000006000800591965100840106000000000000400002970000,624789135513246789798513264281495376437862591965137842146328957379651428852974613
700009004052040610900000000100070000009006000000000000500931800390004070640002003,713869254852347619964215387136478925489526731275193468527931846391684572648752193
002000000000204900000670051300060000070000043250001708607100802020009004000720000,562918437713254986984673251341867529876592143259431768637145892125389674498726315
130470902000326000020900035080000090000100040049263107007032000003000001002000070,138475962795326418624981735381754296276198543549263187417832659963547821852619374
030000087287003005156208000060107030700000001003000479001030040090000703008000910,439561287287493165156278394965147832742389651813625479671932548594816723328754916
000007400009100006006080500400002000000400051070000002100020060068000105027001890,253697418849153276716284539435912687982476351671835942194528763368749125527361894
500062300007400520029050000093010000200000000000690000030100709000000062000500030,548762391317489526629351847793215684265874913184693275436128759851937462972546138
004000300300702590000930000029003060080006030001050407200010000090000804000300610,974561328318742596562938741729483165485176239631259487246815973193627854857394612
000008090400020086370940005147000839000473100000009000000000001700004000000000600,216358794495721386378946215147265839859473162632189547583692471761534928924817653
000010060000000000580060312900000000078240090100009700620073081019002450034000620,293715864461328579587964312956137248378246195142859736625473981719682453834591627
304087001800000300762000005013000500008100000009300600000000050900500006405073008,354287961891465372762931845213746589648159723579328614136892457987514236425673198
400900000085000010700421085500000003078006001000030040020000100050200064000000008,461958732285673419793421685546192873378546921912837546629384157857219364134765298
100600809400050000760001403018007030074000186000008700090816000000700010000500007,132674859489352671765981423618497235974235186523168794397816542256743918841529367
409000100008100004002490780000020000301064570900000000700000008800047016094010050,479386125538172964162495783647529831321864579985731642716253498853947216294618357
000600370086000509130459000000800930608034020720500010065007003014900200072000000,459628371286713549137459682541872936698134725723596418865247193314985267972361854
001037000000000000402008009809700000000060003103040000006375041340000200000004376,981437562635912487472658139859723614724861953163549728296375841347186295518294376
000743000000100304000069070503000000900310006200007100305008000470000500698031002,852743961769152384134869275513624897987315426246987153325478619471296538698531742
000086050000000090003000000536008049900500300007039000170003980004005107000000000,729186453651374892483952671536218749918547326247639518172463985394825167865791234
078941030100602700205803000050380004010504002080007000000060300560230481000000600,678941235139652748245873196752386914316594872984127563891465327567239481423718659
050000097008000000937010008000006912000008000000000003580300401740800060300700000,154283697628597134937614258873456912215938746469172583582369471741825369396741825
038000470200900060000000582021000047400000058300008691009020836040007905580000004,138562479275984163964731582821659347496173258357248691719425836643817925582396714
070006000820009604010720300048000010001967800060001000300000000100000007280003050,475836129823519674619724385948352716531967842762481593394175268156248937287693451
000507001007001500020000007000380090006400003093010000142065379000004600670000814,938547261467921538521638947754382196216459783893716452142865379389174625675293814
000095000400010020500084000008900004040801002602457000000000410900000580054370209,261795348489613725537284196718932654345861972692457831876529413923146587154378269
100850000035040800480002500500008002003007089009604015000000008058461920900000040,197853264235146897486792531541938672623517489879624315364279158758461923912385746
502100906600203001000000000000009180203840607008002030000001068090350020320070009,532187946647293851189564273754639182213845697968712435475921368891356724326478519
000001000096085001000720940002000009305009100900460250003000006000600002070000593,287941365496385721531726948742158639365279184918463257123594876859637412674812593
000800006000036800060000000070080005005070284080560703048003000030098000000000300,957812436412936857863745921374289615695371284281564793748123569536498172129657348
008000004100040000005360107000070060600000940000980270023090000000000029760004853,978512634136847592245369187892471365617253948354986271523798416481635729769124853
004100000000006000015932000000000000072590046300004090900715460001008972407009500,684157239293486157715932684849671325172593846356824791928715463561348972437269518
530708021820009007497000000000000050900025000200403609043090000059306200600050703,536748921821569437497231586364917852978625314215483679743892165159376248682154793
032700040796040200085100300004007000503006020009003600040030598901000406300004000,132768945796345281485129367624987153573416829819253674247631598951872436368594712
005207601960500803081000000020851900000002308090000500079000260010000005034700109,345287691967514823281396457423851976156972348798463512579138264812649735634725189
609000000804000700300050980000000000130029050906570004091080000008000200700000000,679832541854961732312754986425618379137429658986573124291385467568147293743296815
500002000200051980091080050043097020800006370009835000350008000000500000180320005,538972641276451983491683257643197528815246379729835416352768194967514832184329765
008040602060090507000000049076000000000009060080470020007214000004580900010960204,958741632462398517731625849176852493245139768389476125597214386624583971813967254
709200308412000650000006009073501002621080503000000060006000030040030095008009200,769215348412893657835476129973561482621984573584327961296158734147632895358749216
100003007000481590005079010090718340700000060000004002901807600020040030000002700,169253487273481596485679213692718345734925861518364972951837624827546139346192758
000300000609500314000000090070020140000415700401007000037000050200000800008000000,542391687689572314713684295375926148826415739491837562937268451264159873158743926
080000000001080000000512380006320000029806435003400001300000008060003502015068040,584937216231684957697512384456321879129876435873495621342759168768143592915268743
000675010510040078030081400007120050000736800000050001005390187000000000003000509,894675213512943678736281495347128956951736842628459731465392187189567324273814569
004751800703890020000020009000407952502018000400502001001005297600009308900000000,294751836713896524856324179138467952572918463469532781381645297625179348947283615
984006050000053008003400006000001000607200000010070809002000190560000004009040000,984716352726953418153428976298531647647289531315674829472865193561397284839142765
060001000000400790000000501600309070700002100080000904000000000208560010004090050,467951283815423796923876541651349872749682135382715964596138427278564319134297658
504800000080365000600000200190000800250030070047016009008052013005490000000600502,514829637782365941639147285193574826256938174847216359968752413325491768471683592
900700000003009076000050094005080420600000700400305600054100002006002500000500000,928764153543219876761853294135687429682491735497325618354178962816932547279546381
000030100803000070000960483400378000370501000100000000000004050500700001000603090,647835129893412675251967483469378512372591864185246937938124756526789341714653298
090806000315200000080003090000020004900000000070004000100900062450000080008035000,294856173315297648786413295861329754943571826572684931137948562459162387628735419
040570010730090040080400570100000839009630100308900005000705000450080097810009400,642573918735891246981426573164257839579638124328914765296745381453182697817369452
040005300000070000008000092031297000000510734000004019010000028700001003004300070,146925387295873146378146592431297865962518734587634219613759428729481653854362971
000300060940000800208604057070000600809401003001039085100003026002500018000800509,517328964946157832238694157374285691859461273621739485185943726492576318763812549
004006507005000046070100800050604900281000074000010050500091708000002400097000100,824936517915287346376145892753624981281359674649718253532491768168572439497863125
302400190009030805548091073100300900000000462060200300081000709090000021000000604,372485196619732845548691273124368957835179462967254318481526739796843521253917684
002070190600300000830400072040208016000500087008060305004603720200000408300000060,452876193617329854839451672745238916963514287128967345594683721276195438381742569
694130000082040000100008409000380092000400080000000004013004070570019000048700001,694132758782945136135678429457381692321496587869527314913864275576219843248753961
700040000802650010914807060000065200080000650546900137009000000000093000000078490,765341982832659714914827365193765248287134659546982137429516873678493521351278496
800000600610800007920000308480000000300008045009070000290000564500960781001005003,847513692613829457925647318482356179376198245159274836298731564534962781761485923
008006520030000090950010700000600000200005630064297001000000005003000000020000470,148976523732458196956312784587631942291845637364297851819724365473569218625183479
700000010000200947064090000240080000500900600000000003000020070408300000002104060,729435816835216947164798235243681759581973624697542183356829471418367592972154368
000007219009000430005000678001050000004000021020604500600000004357400100402000053,836547219279861435145932678781259346564783921923614587618325794357498162492176853
000075000641002705070000801000009060509600040700048019004017000000450170000080004,328175496641892735975364821412739568589621347763548219254917683896453172137286954
005403001800700000700600000106000009347100056080006007572060018060085402000070000,625493781893712564714658923156847239347129856289536147572964318961385472438271695
053180000004000006000000000530840027408000050020000004002094000960710002040006790,653187249184239576297465318536841927418972653729653184372594861965718432841326795
000069001000050980040080000000603809000070060460000700006400090010590000094200050,857369241231754986649182537175643829923871465468925713586417392312598674794236158
154003800007158030000600000000805000008730090030090100091040062260000007003260009,154973826627158934389624751976815243418732695532496178891547362265389417743261589
086500000400200136003614000500003800008005020001002007000420083300907000000306000,186539472495278136273614598562793841738145629941862357659421783314987265827356914
273000805008004000000805920030040098420000031089510200007000400952400000800327009,273169845598274316164835927631742598425698731789513264317956482952481673846327159
005000080020680000000020600478935000010000053500160000000000900051007000600004018,365471289724689531189523647478935126916742853532168794243816975851397462697254318
000000000000008000087010000000600250050100649000300010700040092539760001000000300,145239867693478125287516934971684253358127649462395718716843592539762481824951376
518030000600000800000000300300704210400200000000000000009508006705000982002070103,518432697623917845974856321356794218487261539291385764139528476765143982842679153
290000500508040000000180029950410007020000610010603005600800000000760080000930000,291376548578249163364185729956418237823597614417623895649852371135764982782931456
047006001030001090000030700070060080300020000008000200080002457010000060000649010,547896321832471596691235748274963185359128674168754239986312457413587962725649813
000006100500002004800010690038000000000600700000005306100000200002050030005001068,943786125516932874827514693638197542451623789279845316184369257762458931395271468
090000000305409100000020000049156230060000000100000056050310700080905003900080010,298731564375469182416528379849156237567293841123874956654312798781945623932687415
780000006030069700162047503000000650004036020070592000503020008200000900010000432,789351246435269781162847593321478659954136827876592314593624178248713965617985432
000045000005000200820010000000029706050007008760080020006004000930072054004301602,697245183145738269823916547418529736352467918769183425276854391931672854584391672
000069052095400070000007000004608021710032500260000008000000306470010200001250000,847369152695421873123587649354678921718932564269145738582794316476813295931256487
036750080004631507090008000060875020008003056052006800600300000005000300280564000,136759482824631597597428631461875923978243156352916874619387245745192368283564719
370800009521000860000040010090080072487620001000004698000008900018000340000400080,374861259521937864869542713695183472487629531132754698746318925918275346253496187
900470815000059600000061200003600900000500080008913720800035400065240000020000038,936472815182359647754861293273684951619527384548913726891735462365248179427196538
308100070710000050009070000900000000182060034005002060020300640003241800004056321,348125976716493258259678413967534182182967534435812769521389647673241895894756321
050060902200890100000000706070002300049001000300008000005306270700080010000000500,854167932267893154913524786578642391649731825321958647495316278736285419182479563
800004000700900002000702690090130060601248000308000021007060040200000010000021708,829614537764953182513782694492137865651248973378596421187365249245879316936421758
402000950000002000089007000800000302510070840000068000900005600000800230700000000,472186953351492786689357421897514362516273849243968175938725614165849237724631598
200430007700000000504020080027000003400193000930000040800004036042000018000060000,281439657793586124564721389127648593458193762936275841875914236642357918319862475
006000000590004000700609800000000080009000040800563070002045008083970005007100300,246738159598214637731659824675491283319827546824563971962345718183972465457186392
400930005200000068300502900004000000860000023000000600000205096050300017009810002,416938275295147368387562941574623189861459723923781654138275496652394817749816532
537610800001000065040900000003000000460000090000008320010000650070104038002360104,537612849291843765846957213723596481468231597159478326314789652675124938982365174
139600005020190000057000010200856947000000150005000600002071000070560090000000760,139627485428195376657348219213856947946732158785419623862971534371564892594283761
401000008859102000000390405095000600204009000010807009000700050008910263040260097,431576928859142376627398415795431682284659731316827549962783154578914263143265897
001000768065070403000060005000000000000006002608000009500000921820000507017002600,491325768265978413783164295172493856359786142648251379536847921824619537917532684
000000400520076190190004005000081000080409600000732500200010870000040000810560030,738195462524876193196324785457681329382459617961732548245913876673248951819567234
600050090701090000200300008005000089000008145870501600517403900028010304400720000,683152497751894236294367518145236789362978145879541623517483962928615374436729851
000073580002650000005001000000009040008100307704065000001040000000800059000502010,169473582432658971875291436316789245598124367724365198651947823243816759987532614
300108000890000060500009418009280000210000084000401972106004000900000000000605030,364158297891742563572369418749286351213597684658431972136974825925813746487625139
000000309050000080090100600000007063906280000010000000200090500031008090009340070,172864359654739182398125647825417963946283715713956428287691534431578296569342871
000004003000603042006219008003000980200100004810090506960032007740006030050000860,127854693589673142436219758673425981295168374814397526968532417741986235352741869
032000900940006158000000004050862001000009507000750080080000300301680042005203009,832514976947326158516978234753862491168439527429751683284197365391685742675243819
400001760800700001070290803005000009000050000000010050310000080006003294900500037,492831765853764921671295843135628479768459312249317658317942586586173294924586137
090080000001050008070000045000005267002000580705069010000300050000500901400091820,594186732321457698678923145943815267162734589785269314819372456236548971457691823
000901000061200000047300080009030001000659000600108090000017005000403800130000002,583971624961284357247365189859732461314659278672148593426817935795423816138596742
200890500087063029009501480000100090400089070090270300000602900000905008006038010,214897536587463129639521487763154892452389671198276354875612943321945768946738215
900100500410300706000000240007000000246003850183070000000490020024806079009031400,972164538418325796635789241597648312246913857183572964851497623324856179769231485
020374800637000000410000730070006309340050000000002401052003000000025100003090005,925374816637218594418569732271486359349157628586932471152643987894725163763891245
200834000940000720000092300004000080020057900009168230090246800500000060000500102,271834695943615728865792341614923587328457916759168234197246853582371469436589172
000000760300791002704002000000483010040107090102009000900318050000000900061005003,219534768386791542754862139695483217843127695172659384927318456538246971461975823
640000500000001900009000700038009000502470030006003100000000017000018400050600000,641987523275361984389542761438129675512476839796853142864295317923718456157634298
000800200010000008020000000300007002050690000087214300000030700005008603000006050,543879216716452938829361574394587162251693847687214395462935781975148623138726459
000800000080036005000492083130025948008300760000608502700000029000000300025900010,362857194489136275571492683136725948258349761947618532713564829894271356625983417
000300900600000000070089000301690578700540039005000042250960800930024006160030004,412356987689471325573289461341692578726548139895713642254967813938124756167835294
200004600000000074000003928610400000302060040508032000400601000050048210900025407,297814635835296174164753928619487352372569841548132796423671589756948213981325467
100459006040003090000700530007030940403982007002000060000000000670000000000390005,138459726745623891926718534817536942463982157592174368351267489679845213284391675
700006001000125000503904068400000700100048000090607000902410000047000015800059403,724386591689125347513974268436591782175248639298637154952413876347862915861759423
100003050604702800900000003006009748800100000300000090060010005090020000081000020,178493256634752819925681473216539748859147632347268591762314985493825167581976324
825000000000205604000800120400900010008000400270108006000021000300594700701680000,825416973193275684647839125436957812518362497279148536964721358382594761751683249
800090000040620870007800000008000100000000006350100720000017302100500098593008007,836795241945621873217834965768452139421379586359186724684917352172543698593268417
700092400065070920000040100002010650170000000053007804010760009540209000000400006,731592468465178923289643175892314657174856392653927814318765249546239781927481536
810005607600070003005010080000004078000537000460180300203001060046090021970040030,814325697629478513735619482352964178198537246467182359283751964546893721971246835
000409003034076080190300007800200700020000814070000002000001075507642008080000106,758419623234576981196328457841235769325967814679184532463891275517642398982753146
000000100800010356136000049000600024428090060000000000984001600000800002002040500,245936187897214356136785249513678924428193765679452831984521673351867492762349518
000045000005301700094000038000528900000410000000030000510900360000600100000000020,637845291285391746194267538746528913358419672921736854512984367473652189869173425
000460000061000054030800000007092000000008930003675000600000790050009040000006085,985467312761923854234851679847392561526148937193675428612584793358719246479236185
080900000003017806070000003024768000860100030509004000030000204092350080750021300,286943715943517826175682943324768591867195432519234678631879254492356187758421369
040509001000000030953070002500081300710006508300005006030000100001000820027603009,246539781178264935953178642562981374714326598389745216435892167691457823827613459
003560070700301600500020030000290017000010520040000900006105002320000084019802756,183564279792381645564927831658293417937416528241758963876145392325679184419832756
000000070800900306006047801083170060500000002090800040705001600060000000400069038,159638274874912356326547891283174965547396182691825743735481629968253417412769538
000800904000000020834009000200000300080235400060701500908052007000070005705304098,572863914691547823834129756259486371187235469463791582948652137316978245725314698
000200040800900000270000500007125400040379062003000790030701950000092010051008200,369257841815943627274816539697125483548379162123684795432761958786592314951438276
000506800000010509005070014200001000008005240190027300400000005006080420000004000,941536872672418539835972614253841796768395241194627358427163985516789423389254167
000000001001000078002147500060000300023000607008603000080070100000001050000300040,347865291651239478892147563169752384523984617478613925284576139736491852915328746
030006200850040009064009000000291000006000020002000000070000100010007000620013090,937186254851342679264759318583291746796534821142678935479825163315967482628413597
700809063620500490090002000009007102800006040201900076070095028000020300050060700,715849263628531497493672581569487132837216945241953876374195628186724359952368714
068014000007008600003005000210073400000100020070000009002007034700030095000900800,968214573527398641143765982219673458354189726876542319692857134781436295435921867
005008140700020090100005600200407035000080010308000020002864001007012960001000000,625938147784621593193745682216497835579283416348156729952864371837512964461379258
007000000200000040000020060352800000001590304408736000100000000070009000024000890,847365219236971548915428763352814976761592384498736152189247635573689421624153897
809040000004560071005090600010200700048070000702600010000905000006807000000400000,869741532234568971175392648513284769648179325792653814327915486456827193981436257
400100000637000100100300000000000500068050000000070836000016280306000000001009600,482197365637845192159362748743681529968253471215974836594716283376528914821439657
000000509000600002100908730810034090000000015960000000070090051500007006021006070,284173569739645182156928734815234697347869215962751348678392451593417826421586973
014009000000000000780000000020890060000005000000002903360900080000208609800053400,214389756936574812785126394423891567679435128158762943361947285547218639892653471
600704200020003180070001490140000500730065000500409000050008603004006000006002014,691784235425693187873521496149237568732865941568419372957148623214376859386952714
060090100007006950000000030090070800001040520003820009000000008010900000500300400,362594187187236954459718632295173846871649523643825719936451278714982365528367491
000500070002070000003092084096083201005017460104250800018009500060345008000060000,981534672642871935573692184796483251825917463134256897318729546269345718457168329
000730000003940000700000009070602340000000000006307015000004090010069000098003000,924735681163948752785216439571692348839451267246387915652174893317869524498523176
000726000470130000000000030001304000840007000700008040080000025600000000010800769,539726184478135692162489537251394876843267951796518243984671325627953418315842769
500007600000050000004010580000001040090000357200043000000000830102000400005080701,513827694829456173764319582358971246491268357276543918647192835182735469935684721
380401700600000000049000580020000100056178009100042070002700000030900000500004390,385491726671825943249637581827369154456178239193542678912783465734956812568214397
400006500560009070070405100003500000600907084724000900000000000230090045900640700,419276538568139472372485196893514627651927384724863951147358269236791845985642713
500020008002003060904001500000200000209070300600400820320000000000064285460002000,516927438872543169934681572781235694249876351653419827325198746197364285468752913
038010400620000500000605000000000000006000095910003800007300009050090000390040050,538917426629834517471625983743589162286471395915263874167358249854792631392146758
000051700095000000874000090000090000650000032010005000000600370437000080002800000,326951748195748623874362591243196857659487132718235964581624379437519286962873415
000000050005060000000200000900408070000000008810500020009013507001950003058740010,286374951735169482194285736962438175547621398813597624429813567671952843358746219
000005300040000900507090080102907000400600008760000001900030060300070000000860003,829715346641283957537496182182947635493651278765328491978132564316574829254869713
890005006000000900100089023900000600200600001056800042530104000070900230000300000,892735416347216985165489723913542678284673591756891342539124867671958234428367159
001000000020400003000152004170900248000000701042700930600090007708043105000008369,461387592527469813389152674175936248936824751842715936653291487798643125214578369
610204507080000400070800009100500700028060314900000002000420900000000203000608100,619234587385976421472815639134582796528769314967341852751423968896157243243698175
000200089409031070000000010160003000900006107000107030895012040204000960300004000,731265489459831276682749315167423598943586127528197634895612743274358961316974852
000700030904513007030009061675004800000008005008050000140000000053000000090075000,581726934964513287732849561675394812329168475418257396147932658253681749896475123
709860005865007020000305800600049030000201764040000290000100050000006402000000600,739862145865417329214395876682749531953281764147653298426178953571936482398524617
000001400070390012100040089030002145860004200520913068000400001000000900910735000,692851437478396512153247689739682145861574293524913768287469351345128976916735824
000000000200000007769000100900026000382470600000803000097042018800061000040038762,418357926235619487769284135954126873382475691176893254697542318823761549541938762
001034000000029140249000387608940275000070060700200813900000600000503920006000004,861734592573829146249615387638941275125378469794256813952487631417563928386192754
004265000000000000080009000000021009000584600050000000000006100000052370530047200,394265781125478936786319452863721549972584613451693827247836195618952374539147268
000034000000007031100608020060010374030000000000006200316075940020000050700000168,287134596694257831153698427862519374531742689479386215316875942928461753745923168
090007004754000106016050000067000350100600000980005260540000002030006000079501080,298167534754398126316254978467812359125639847983475261541783692832946715679521483
400000000090470002050189060007504090500600008901700500000000871013850000009000000,478362915196475382352189467287534196534691728961728534625943871713856249849217653
004000267008420100007600000086790000003854000000002410040905000000000900001000086,914538267368427195257619843486791352123854679579362418642985731835176924791243586
080001000000500840000000060074000001065320000000100000806010239740000000320000078,483671952617592843592438167274856391165329784938147526856714239749283615321965478
900020806802469030050000000760000000004800600100000002507010004620700093040200060,913527846872469135456183927765932418234851679189674352597316284621748593348295761
100370940300000000000000000502000179000000300000900408703021890984607020200000607,128376945379154286456289713542863179891745362637912458763521894984637521215498637
900000000800510629012800370020608540005400080084053000000706000060000091038921006,976234815843517629512869374321698547695472183784153962159746238267385491438921756
500870003030100090800029000390040000100090000002000680000083000700000030003010060,569874213237156498814329576395648127186792345472531689621983754748265931953417862
503000000100057903629100000700569100015203000008400300046810200000094036007000000,573942681184657923629138574732569148415283769968471352346815297251794836897326415
300050400260348590040100300700019800004000030009703005800960713903005000076000009,391657428267348591548192376735419862184526937629783145852964713913275684476831259
705301080940082036030006009306004000100008300000200060070009400000020097600000008,765391284941782536832546719396154872127968345584237961278619453413825697659473128
000010609300004000600000007000006008200100000005002061400300016700200485060040090,852713649317694852649528137134976528286135974975482361428359716793261485561847293
000860540900023087418795203000014005000080004000030000000000000001300450070000000,723861549956423187418795263897214635135986724642537891589142376261379458374658912
000506142714080305500003980000904006049000003000367800007008630400600050300000401,938576142714289365562413987873954216649821573125367894257148639491632758386795421
070340000864172000300806000610000000000060400058031002000007040501000020700000100,175349268864172539392856714619428375237965481458731692926517843541683927783294156
000600301000085920000031000700000095030050002495100680300017000006000010000090000,847629351163785924529431876782364195631958742495172683358217469976543218214896537
032047008800000000059036271095081007103500020000020080500000800308002954900000700,632147598817295346459836271295681437183574629746329185574963812368712954921458763
000000010030000706000006900850040070000701080000800209000109465002600100010000092,426597318935418726178236954853942671249761583761853249387129465592684137614375892
004070000070000060360200758040080000020060084006000037090830001000000002005740000,954678213278513469361294758749381625523967184186425937492836571637159842815742396
075002030021850000069000020500070003097008054600040102000000000000905040000000590,875692431321854769469713825542176983197238654683549172954367218216985347738421596
000000023503702000609004000052000000010037052897005030000000098270008300008400207,741589623583762149629314875352941786416837952897625431164273598275198364938456217
000002000500780009007560008070040000000300700105000403008050600600004800004006921,869412357541783269327569148273148596486395712195627483938251674612974835754836921
500006000208005700960800500800300010710000320320080057470500100003100075100000403,541796832238415796967823541895372614716954328324681957472538169683149275159267483
002037500000400002076900048005000100860000000010000000020500001000010000051600270,142837596398465712576921348235784169869153427714296835423579681687312954951648273
006000005020008003830690402600401020003900560207063000001830200000700030008006050,176324985924158673835697412659471328413982567287563194761835249542719836398246751
607000851204801600000095742000029010029008004008500000000086400000047000070000080,697432851254871693381695742746329518529718364138564279915286437863147925472953186
100908000783000051002003000600801000001000300000000007068012000090000142010090000,156978423783624951942153786675831294821749365439265817368412579597386142214597638
700305100304000072500402039000000000007006900000024067000900010469001000183507090,726395148394618572518472639632759481847136925951824367275963814469281753183547296
860400000007050020050912000006500000001200700000070206010020900004000000020080004,862437591197856423453912867276548319941263785538179246315624978784391652629785134
028001460000300000913647058596078000000006000074003506009060000000000039241709080,728591463465382971913647258596478312132956847874213596389165724657824139241739685
705000020006000070090217000572160083010000960089740001250601000000000600900804030,745396128126458379398217546572169483413582967689743251257631894834975612961824735
800750100000000805150000900061300050200004000007805460000530070013007589504000210,849753126732196845156482937461329758285674391397815462928531674613247589574968213
100030568837000000020000900000000002206001780700003000008207000070000100300000804,194732568837569241625148937983675412256491783741823659468217395579384126312956874
000001007006085091179603005004000003020010040000452006410006900000500004000100670,845921367236785491179643825754869213628317549391452786417236958962578134583194672
037526000010048370082070605003050864050030700000609020000090210020007000000200038,437526189516948372982173645293751864658432791741689523865394217329817456174265938
067000800002030710000140200700000020200400580040002900000000007519000000004005092,167259834452638719983147265738591426291476583645382971826914357519723648374865192
410029000000708040076310092007000308002063009905802000000000000800005107000007904,418629735329758641576314892647591328182463579935872416751946283894235167263187954
041692000007000000009100000006030070082406001000000089108060300030019700764520918,341692857627385194859147263516938472982476531473251689198764325235819746764523918
400003050201807004730405000900002010500380000002519070190600020000000890005001460,468193752251867934739425186983742615517386249642519378194638527376254891825971463
680000020420000036173000000538090000000500203040003000204871000000000600007060400,685934721429157836173286945538692174716548293942713568264871359391425687857369412
008009000950803100306000000030000056000600003000090010090001020802030000000920500,178249365954863172326715984739184256241657893685392417593471628812536749467928531
008315000015002000000000005500000200807053060039706058000009001100000000002000040,678315492915482376243697815561948237827153964439726158754239681196874523382561749
300007000007050004102060705900030000528040070060072008000000000000086020200000000,354127896697358214182469735971835642528641973463972158815293467749586321236714589
000800000815000007004067080000020040147580000000704008026000000090050670050090013,672835194815249367934167285583926741147583926269714538326471859491358672758692413
000040510009000080001200000540000800000903605900004000002090304304608050005030078,263847519759316482481259736546172893127983645938564127812795364374628951695431278
000300540030701069000000070010400002054009013020100000500087000783914625006200097,279368541835741269461592378318476952654829713927153486592687134783914625146235897
004000857020010630530067000302000000000082400007090020270050100003100560050006700,164923857729518634538467219312745986695382471487691325276854193843179562951236748
020409600008730001400206090840050260000600007276803104062970000010000000000500006,127489635698735421435216798843157269951642387276893154562974813719368542384521976
501000006300080207807560901160000003000016000700350600000630104600475090400000300,591723486346189257827564931169847523235916748784352619952638174613475892478291365
000400000004000100060018040000067003076304090003500010040805000002000900500970004,851496732294753186367218549985167423176324895423589617649835271732641958518972364
004000005280000010900000000002400100460098500008350000040000000009085341000930002,374219865286543917951876234532467198467198523198352476843621759629785341715934682
040900108001200407000050090206400013100020000480000000090000300300001000004070905,542967138961238457837154692276489513159723864483615279795846321328591746614372985
000421060100003004043706800000800400010304000004100090706000148000600000090008000,875421369162983574943756821329865417617394285584172693756239148438617952291548736
508100000273904018000030070100400000000000120730280900060793000050612000007800600,598127364273964518641538279129456783485379126736281945862793451954612837317845692
050000000000000100000089057071020040903640020005090000168002070009008201020030509,756314892892765134314289657671523948983641725245897316168952473539478261427136589
070024806000000200032000000100000090700090104090030000207509683005007042309800701,571924836964783215832156479126475398753698124498231567217549683685317942349862751
906000020300280000000000306000000900063590100000068700090070001040850000030000200,956137824314286597872945316485721963763594182129368745598672431241853679637419258
026400800800590600000082010098200300000159086051830790000700000073000008900000500,526417839814593672739682415698274351347159286251836794165728943473965128982341567
000007006000000003007004009900008030075609201002005060000090042090400700014003005,831957426459126873627384159946218537375649281182735964768591342593462718214873695
063000007005100060004507190409210300001786420602090000910000000000951630056000900,163429857795138264824567193479215386531786429682394715918643572247951638356872941
000000900106000000090780000408017309030000400000493050700030004040070280000000000,374651928186329547295784136428517369539268471617493852751832694943176285862945713
403900500008000700095308200700043006000507030004809000300605010010004680006090070,473912568128456793695378241759143826861527439234869157347685912912734685586291374
000328017100600840500700030000840020014030006003050000691003000028000000000000200,946328517137695842582714639759846321814932756263157984691283475428579163375461298
400300951000000007000841060200060005800500600096100002080703500175000300003000100,468327951321659487759841263234968715817532694596174832682713549175496328943285176
040000073000000008700000025893524710064000000100000000407080090600200457050041062,946852173215937648738416925893524716564178239172369584427685391681293457359741862
062907000080400000300852400000720040200040981650108000000000200039004000800000000,462937518985461372317852496198723645273546981654198723741685239539214867826379154
014700203060020004300410000080000007700140000000000408203000040008650730000000080,914786253865923174372415869481562397739148625526397418253871946148659732697234581
079045802020009000001200590496003081000000000083901000000000020812096000964002100,379645812528139647641287593496753281157428369283961754735814926812396475964572138
460000000900706002000090006500380720800000000000000800040970638600003057000060040,463812975951736482728594316596381724837249561214657893142975638689423157375168249
100070400460010009900300215807050100204080000690030008700000300000020050510803970,125978463463512789978364215837256194254189637691437528782695341349721856516843972
057000900900400380800001024039000072200000000008000000300610090090027003000005000,457283916921456387863791524539168472246379851178542639382614795695827143714935268
059000200600750000000020001090580000500970140070001900900300000300008079000000004,859413267612759438437826591193584726568972143274631985941367852325148679786295314
094700800007030000080020600045290080268300000700006000000004005000003008000000703,394765821627138954581429637145297386268341579739856142873614295912573468456982713
502090600091200000000000020200900050960740280100000007000070102009026000026085030,572894613691237845384561729237918456965743281148652397853479162419326578726185934
080000300000300070700020400001740009078000000540000700000500167800010054105006000,486957312912384576753621498321745689678139245549862731234598167867213954195476823
000000104074301906601800730436007000502600400000000300005000000703050809290006043,329765184874321956651849732436587291512693478987214365145938627763452819298176543
000300026000076030600000080000015040100003950485900600000000000016004802007800100,951348726824176539673592481739615248162483957485927613598261374316754892247839165
010020086007300400000000000800000107060204308000730690000000010000002560000600009,315427986687395421294861735832956147769214358541738692426579813973182564158643279
008000300920145700700008594000000600004000000000020400685403000009002040040000053,458769312923145768716238594831954627264371985597826431685413279379582146142697853
200000950000000008030150006400030000070840000000006400060400073700603080000500009,216387954957264318834159726491732865673845192582916437169428573745693281328571649
000031080000704005002000300079500016050409007086100002900610200008907060000000000,645231789813794625792856341379528416251469837486173952934615278128947563567382194
200080000490000000350260048034612000000000000006900000800000027000023486040750000,267384195498571632351269748734612859925847361186935274813496527579123486642758913
032567000104000700000080320400000000890070652007805000260003004000200570000046230,932567418184329765756184329415632987893471652627895143261753894349218576578946231
030400000001036080500002007000260700304000620607900310059300106000009204400051000,238497561971536482546812937195263748384175629627948315859324176713689254462751893
007030065200006009930180000400020080000000942000908000014052008750000020600390400,147239865285476139936185274493721586871563942562948317314652798759814623628397451
050600408970200560000005000030078200000020000020006000310450000000000100000019345,152697438973284561864135729631978254548321697729546813317452986495863172286719345
030000720700042500000000003004196000008200040006504007009000070107003000000800000,435968721791342568682715493374196285518237946926584137869451372147623859253879614
060000200090400036720080010600000000800000001000000800000005190005301608070060400,461793285598412736723586914614859372839627541257134869386245197945371628172968453
800200093000803647904600280300000050010080732528000400000709028000010000700008316,867254193251893647934671285379426851416985732528137469143769528685312974792548316
030000908018060000070082000000007056100830000007000301004000005091004680000600090,432751968518369427679482513923147856146835279857296341764928135391574682285613794
070201469000006500600453800000000006010000702900300008700000290800645300400090000,573281469148976523629453817284517936315869742967324158756138294892645371431792685
503780091008090320000010000240009000807201000005006730000005079020000005001900043,563782491178594326492613857246379518837251964915846732384165279629437185751928643
763058904004609010900430007000000600000720000310980400000560000000041000008007040,763158924524679813981432567472315698896724135315986472249563781637841259158297346
002960073300000020070000040409271600000390000105080730200000007090004000053700060,542968173381547926976132548439271685768395412125486739214653897697824351853719264
009100000000040100600037000280450006040003050000060002103090004004600013520304090,459126387372948165618537429281459736746283951935761842163895274894672513527314698
000010000674009003300000000006003700807006051100758060000000004720030000000080205,289315647674829513315467982956143728837296451142758369598672134721534896463981275
040000000507300060302000050000063200000047530600050407800570100006400008700009605,149685723587312964362794851475163289218947536693258417834576192956421378721839645
070000008080006503000400102806019000700000006090640001037090000042030010058261007,475123968281976543369458172826719354714385296593642781137894625642537819958261437
108000390000060042000029057009006000002080019841090705000900600506270900200601570,128754396975163842634829157759416283362587419841392765487935621516278934293641578
079300000380209000005007130030012904090034005000060003050003790903100052702500001,679341528381259647425687139537812964896734215214965873158423796963178452742596381
045300008000004600000007000700006000901070050000000004509820003000753810010600000,645312798197584632382967145754236981931478256268195374579821463426753819813649527
405000000000090070972500108000000007040080053003659021001004509800100000000020004,435718296618492375972536148256341987149287653783659421321874569894165732567923814
000046000206000500810200700070402000000780003050030070000000165000000000060317000,397546281246178539815293746173462958924785613658931472739824165481659327562317894
105006000900000010000007900000070000002030000300400020001863472806020000720000000,175986243938542617264317985659278134412635798387491526591863472846729351723154869
200807060096502700800049000630050000070000100481000000003904000040006007760000400,214837569396512748857649213639251874572498136481763952123974685945186327768325491
009003708600000002200000903402080006000050390000700800000015080000030000104670030,549123768638597412217864953452389176786251394391746825963415287875932641124678539
007320095005009200809005163000002050000080701000000380300000900000210000250000600,647321895135869247829745163783192456964583721512674389378456912496217538251938674
000006350000005096000000100000200070130507000000034010027009035001400700000703060,284916357713845296695372148946281573132597684578634912827169435361458729459723861
000000000000009601900500420850004006300000900000600080000020700670408000425000800,748261359532849671916537428851794236367182945294653187189325764673418592425976813
000000069100006003900307250000000300801060090006008000090705600005000004080000005,743251869152896473968347251479512386821463597536978142294735618315689724687124935
004000060000000015051890407000000050000400090060053004035080600006500003007069540,394715862728634915651892437142976358573428196869153724435281679916547283287369541
580000300240100090790000000008400057000007000070203100100390580000700960400500702,581924376243176895796835421328419657914657238675283149167392584852741963439568712
000089130905000208018000000009500020002076804007800000701000000000260410000000500,624789135975631248318452967489513726132976854567824391741395682853267419296148573
300790408050600910900845000000006329203010670000000184000903000004200000700104800,362791458458632917917845236841576329293418675675329184526983741184267593739154862
000700016900006830046008090000000000618009740700060080090100000060980000083050020,832795416975416832146328597354871269618239745729564183297143658561982374483657921
108900470000400090093070000830107560006005007050000910000064259009002700070000040,128953476567421398493678125834197562916245837752386914381764259649532781275819643
080001600000000800063000000008000100000008350036009700007800961001000030600000087,584391672179526843263487519758234196912768354436159728327845961891672435645913287
100000490053800701000906005010003900030000008009050100300060809000029034001500000,168375492953842761247916385512683947734291658689754123325467819876129534491538276
000408090807001050001605070000000300000502000000040000180090000094056012070204000,635478291847921653921635478458169327713582946269347185182793564394856712576214839
300610500000000000069000007970000865006000030030006000080560401050000006000007050,347619528825374619169258347974132865216785934538496172782563491453921786691847253
103002000008030060705409000500006040070090500090000206800000300010680050030001600,143862795928735164765419823582376941671294538394158276856947312219683457437521689
090100068040000010010200004608900003070080600030006180060070035000000020900420800,297134568345698217816257394628915743471382659539746182162879435784563921953421876
080164503030080000000005000350016090790000040000090605000209100829050300001000209,987164523435782916162935487354816792796523841218497635673249158829651374541378269
060014790040300100000006500000702600002000000030001000059000400000400000080093016,265814793748359162913276584894732651172685349536941827659127438321468975487593216
705290034000000800000005090000006000000803075900400008340000010158000300006340000,715298634692134857834765291587916423461823975923457168349582716158679342276341589
860000002003000000024000015040007580000600009208090000070038600000000007900040250,861475932593812476724369815649127583357684129218593764475238691182956347936741258
001080090002096403907341028000600000035908000006000000200450070089003240000802030,341285697852796413967341528198627354435918762726534981213459876689173245574862139
047305006000286000086070305008403007000790000000600134003802000401500600002160090,947315286135286749286974315518423967364791852729658134693842571471539628852167493
000307020000080000040691005350704000402069007001000290100006000500030670030200040,865347129917582463243691785359724816482169537671853294198476352524938671736215948
000000000420000009009724381035000876000080013010357000780000005090000600562800937,371968452428135769659724381235419876947286513816357294784693125193572648562841937
008002560200060700000700000005001000070603002002408000526010000100200600080000201,718392564249165783653784129435921876871653942962478315526819437194237658387546291
100790080850000000940800060500003700206900004400051639000000071720000000300520046,163795482852146397947832165519463728236978514478251639695384271724619853381527946
190083070400025800008976004003219000040000008010004000069000000031090000520300091,192483675476125839358976124683219457245637918917854362769541283831792546524368791
000003000058074000002095160000400092804000013010000000690000008200900600500000900,976213485158674329432895167365481792824769513719532846693147258247958631581326974
400056200010300500000000047600043000004591000300080000032000086106400000940060301,487156239219374568563829147691743825824591673375682914732915486156438792948267351
003026100080470630590030040900710006000083400030009000000350004000007510005100900,473926158281475639596831247958714326627583491134269785719352864842697513365148972
000100460009000000001000000000090030400370629900820045300000002005000984090000006,872159463649237518531468297267594831458371629913826745386945172725613984194782356
000800270000062000000070906000257010005340000070600000790085623053700480406103507,169834275547962138328571946634257819815349762972618354791485623253796481486123597
000580390486093000000760810000040108064008900120957403800005000000600580600000040,712584396486193275539762814975346128364218957128957463891475632247639581653821749
090000060001400000005000000003004280002010030450020000020000143009147050040003000,294785361671432598835691724913574286762918435458326917527869143389147652146253879
402000003080700000700054829900800030070210400020007905010946300060300790000502600,452698173189723546736154829941865237573219468628437915817946352265381794394572681
003000200020000600000002900206005001000000500010007030180000309607030100300810000,953168274721493658864752913276345891439681527518927436185276349647539182392814765
100205000400900300000040790005000074900000050000000069058400931740189500290030400,139275648472968315586341792825693174964712853317854269658427931743189526291536487
000130807907000000200060009000085091090000000040090500020700960700020100000900000,465139827987542613213867459376485291591276348842391576128753964739624185654918732
000700000000306504000800900640000890900004000157090423310400700500083609486005000,835749261791326584264851937643217895928534176157698423319462758572183649486975312
000710030009000064540690028005946307000201006301000009016450000008002090970060400,682714935139825764547693128825946317794231586361587249216459873458372691973168452
807000010200000006100002540000500000409320658000648070000405100020180700001070000,867954312245713896193862547786591234419327658352648971678435129524189763931276485
047100930600000800381000504004060300103090000009300000030080005020510003005740008,547128936692435871381679524874261359153897642269354187436982715728516493915743268
051030020060007390709200080080001050015080072000562000006020049100000060008694010,851439627462857391739216584283741956615983472947562138376125849194378265528694713
000500800000096000075023400514070060607081300208405009006900007700100020000030000,963514872482796531175823496514379268697281345238465719356942187749158623821637954
930080602051370904020005301043029000500800020000000003190007008070200100086030040,937184652651372984428965371843729516569813427712456893195647238374298165286531749
730910005061000003902056000007000000304000006000608009000100400400000050010005087,738912645561874293942356178697531824384729516125648739853197462476283951219465387
090730500340000870002050003000090408923000607008000000030000050070000080000000390,196738542345162879782954163517396428923845617468271935834629751679513284251487396
490200700102040350800003002080000073307001500620300004006002100054036000000504006,493258761162947358875613492581429673347861529629375814936782145254136987718594236
010306009008105200003020000745809000000000000800071304350008746000900020002004035,217386459468195273593427168745839612931642587826571394359218746674953821182764935
010930080530070000900001305000100250243006800000700960305800600087050009090007508,412935786536478192978261345769184253243596817851723964325849671187652439694317528
200100900000002840000000270650917020700000090002854007020000680000000010100408352,274185936935762841816349275658917423741236598392854167423571689589623714167498352
095063070000507006760010059000001000016308005072900103001000647007080900000704000,295863471134597286768412359953671824416328795872945163381259647547186932629734518
090401007000000004045000030450009006001000043069080025000013460000800000030002050,296431587183257694745698231457329816821576943369184725572913468914865372638742159
040100026000000000000000001000700100080409732400203805600301000701005204050000010,548137926916524378273896451362758149185469732497213865629341587731685294854972613
700000146040000000500400000000000400000007003304200690060070300900060000027010069,792385146148796235536421978251639487689147523374258691865972314913864752427513869
300205000200000000000146392006021409028000005030000020900510706003060004600082900,394275861261398547875146392756821439428639175139754628942513786583967214617482953
500000081008000520000000060000250810000000302000039000070000100010000098894061037,567342981948176523123895764436257819759618342281439675372984156615723498894561237
300800402800230670000647005000000007000590004020006000009000500280904700706050908,367815492854239671912647385591483267678592134423176859139728546285964713746351928
709086430004071005000004270078409000240000019000700000000000300035600000000000000,759286431824371965361954278578419623243568719916723854687145392435692187192837546
200018370000070090700090015500000800600009700000000500072600080000700953000000007,249518376315476298786293415537124869628359741491867532972635184164782953853941627
790016000062750030030000001000037800980605000000980207005870900800100040000503000,794316582162758439538249761251437896987625314346981257615874923873192645429563178
300005090001304705750008302092650100030081000000000008003570400070006000000000620,326715894981324765754968312892657143437281956165493278613572489279846531548139627
006035104300904000040000003100002000008000007465007000510600000000001060620008700,986735124351924876742186593173562489298413657465897312514679238837241965629358741
401000807073001000000308000902000001008034079017809406030000090180097003500010040,491256837873941562265378914942765381658134279317829456736482195184597623529613748
781000046000086057002409100900003700408000600067800304500001062800000570006700009,781532946349186257652479183915643728438927615267815394574391862893264571126758439
047003050590768000000040000100600070059300060760200090005031900600070000930050000,847123659592768314316549827123694578459387261768215493275831946684972135931456782
600529830300000095859170426020000008103700040900040300531084000000007080000090000,614529837372468195859173426427931658183756942965842371531284769296317584748695213
972650010000000790100079500800014600040080907300960084050008340010000806000000250,972653418568421793134879562897314625641285937325967184256798341419532876783146259
900080032065400079000901508006800000219003084000010005090008056080000400500000000,941785632865432179723961548456879321219653784378214965197348256682597413534126897
400700100697100020300000070004020607000000400100070952800600095900000000000000000,452738169697145328381296574534829617279561483168473952843617295915382746726954831
000700400001000052050002960109000800500000701000801005000140200004200000005630084,296753418471968352853412967169574823548326791732891645687145239314289576925637184
000005010015000000000138005769523180140600023203400069400000601300006002000300800,834975216915264378627138495769523184148697523253481769482759631371846952596312847
790080104000000075000001000430050007000030592579060403040700000080000000320810009,793586124618324975254971638432159867861437592579268413145792386987643251326815749
030000100609351200020040035001083507082065319000000800008000000300008050000500000,835279146649351278127846935961483527482765319753192864518637492374928651296514783
800002010324510709106004000001709002702800630403001957010490500000007000040000070,879362415324518769156974328561739842792845631483621957217493586635187294948256173
090005140000004020000069070609043000005970400000002000900030580000406397008090000,796825143583714926214369875679143258325978461841652739967231584152486397438597612
000600015680000009000020684000000002007000900000000100070300000800016473401700000,294638715685174239713529684149857362327461958568293147976345821852916473431782596
008630000030000001246080703051000900600007010083901020867500030014008000300040000,178639254935274861246185793751823946629457318483961527867512439514398672392746185
090218006000950400000003009300100040901007260000000001004309507000020304000005600,493218756712956438658743129376192845941587263285634971824369517567821394139475682
008090456000000200060000019800400090700901000490000000034010902089000000001089640,128397456947156238365824719813462597756931824492578361634715982289643175571289643
801005060500060010607023000410300000938000600000800350100630405004000000309407000,821945763593768214647123598415376982938251647276894351182639475764582139359417826
070002508000000200450807000000709000290406000000280097003005000708000000569000014,976132548381564279452897361834759126297416835615283497143975682728641953569328714
100005008000700000000106052035010800760008309980300504400093000007000600890600000,172935468658742931349186752235419876764258319981367524426593187517824693893671245
007420091129000006050910000008750600002000305000034000000060050085001000000007900,837426591129875436456913287348752619762198345591634872274369158985241763613587924
000000764120000008004057020240090000001025647006040000700584000000001070000000000,539812764127463598864957123245796381981325647376148259712584936698231475453679812
900708000000920600001000009002100490458009300100084000000002904024500006509003080,936748512785921643241356879672135498458679321193284765367812954824597136519463287
603000971009600002210809000005203700301000025800100000002016587700000000108000200,683452971579631842214879356465293718391784625827165439942316587736528194158947263
003040100018050300000031060000000058290005007305000910000400000030908000800026090,653842179718659342429731865176394258294185637385267914962473581537918426841526793
070050000005006017018000954740000500000700802029610000000000008000060030001000700,972451386435986217618372954743829561156743892829615473597134628284567139361298745
423000005016000804008006300800030050600970040297080130070504003060100000580000490,423819765916357824758246319841632957635971248297485136179524683364198572582763491
900000070762080009000029000091000200007000000008903000176240000080306001009000006,914635872762481539853729164691874253537162948248953617176248395485396721329517486
600030000000040020095010000700060001000021070300000260082157000050006000030000005,674532918813749526295618347728963451569421873341875269982157634457386192136294785
241590070050006090060018025000000006500301000010002000100640002400025900080039050,241593678358276194769418325823954716574361289916782543195647832437825961682139457
570003800020457039000080000050000000090000000030810607007060008000041070100908000,574193862826457139319286745658724391791635284432819657947362518283541976165978423
000004080104000300300925600000402000002671030001093426500006003019200065603000700,265314987194768352378925641936452178842671539751893426587146293419237865623589714
000000045000030080000940120080004600003010000100089000905060410004150703207093500,692871345541236987378945126789524631423617859156389274935768412864152793217493568
608003000700004092032057000351090078006005030047380200020408053004030009000000080,698213547715864392432957816351692478286745931947381265129478653874536129563129784
049023070010400039307000020096200050070000000000090000084009000050802063020000084,849123576215476839367985421496218357172534698538697142784369215951842763623751984
000600004147093006002470000070189400401030000000004701004060000003007892008012605,985621374147893526362475918276189453451736289839254761524968137613547892798312645
000187050080005000005040000601000700000000025072051000427500003500002090100430002,269187354384695217715243968651824739843976125972351846427519683538762491196438572
000680000647209010051000026400000060010007080000010305504120008068003000003005001,932681574647259813851374926489532167315967482726418395594126738168743259273895641
900007300236040008040090050702084000004065070000070083410250007078000006003010500,951827364236541798847693251792384615384165972165972483419256837578439126623718549
008040601960300054500800000000000003806070100000100508380000000097001205400600030,738549621961327854524816379149285763856973142273164598385792416697431285412658937
080070900005000000340000020000000009030040050000920300450061000200700060006400190,182574936695283417347196528728315649931648752564927381459861273213759864876432195
301000000000070210000930740200010304780094001000003002567040190010000635930000027,371426859694578213825931746259617384783294561146853972567342198412789635938165427
480560090267000385005020000040000003036104902900600004072900000050000700019002530,483567291267491385195328647541279863736184952928635174872953416354816729619742538
001006020007504080000003000000000467402000900068340200003400090000900000090008000,941786523237594186586213749319852467452167938768349215873425691625931874194678352
000103008900000703003040000001000802400000060630200001067510000008007100000084000,574163298916825743823749615751496832482371569639258471367512984248937156195684327
000004007004008003000003000609001005100360000520007000016049030030700068090030741,351624897964178253872953614649281375187365429523497186716849532435712968298536741
000900700005017908090850160409038600800000000000009080200095413030086075000001006,183964752645217938792853164459138627816572349327649581268795413931486275574321896
500008300003290007000730000000000140000901730001003800109320654760009013000050900,547618329813294567692735481936872145458961732271543896189327654765489213324156978
789610003030007800000800000000360009008072350061000002000000900000521000050003170,789615243534297861126834597275368419948172356361459782813746925497521638652983174
007008000804900300000020000001000000708100090600030104000007000500680400100450002,217368945854971326963524781341796258728145693695832174486217539532689417179453862
190080000025003100700105000000000465060400700040300900601030204030047016070000500,196784352425963187783125649317298465269451738548376921651839274932547816874612593
040070000100390000703810905017059300000740000300000000060900000900001000430620710,849576123156392478723814965617259384285743691394168257561937842972481536438625719
000000080601000497073400052028000030000034000007002000402300015700010003135040000,294157386651823497873496152928561734516734928347982561462379815789215643135648279
030100089720940060005080470000001300000500708000730050000400900240000006190005840,634157289728943165915286473579861324361524798482739651856412937247398516193675842
000200400092000010000540020005000000060000040000125000580674000614000708200010600,156289473492763815837541926725436189361897542948125367589674231614352798273918654
903215008100698000000347190820006040754029001609001000090000020000700400010000003,943215678175698234268347195821536947754829361639471582397154826582763419416982753
020090000000050002001200000062009500000002000004370021030040050106030200050008304,625893147873154692491267835362419578719582463584376921238941756146735289957628314
010302600300900710708000000040000000000000350800501407090060800230080546000003200,914372685362958714758146923543897162179624358826531497497265831231789546685413279
049108200106073000020000060900007010012000030060000050804001020203000107070002090,549168273186273549327495861935827416712654938468319752894731625253946187671582394
040063005005047006000000043070054102203010064001200000500008609010000000760405201,842963715135847926697521843976354182283719564451286397524138679319672458768495231
000000500070000080006850000301060000790020634004780900080070100100036050000108400,832647519475319286916852347321964875798521634564783921683475192149236758257198463
008000010901502400000030900009028070007000000100700590000090105090000040010800000,658479213931582467724631958549328671267915384183746592876294135392157846415863729
030070000020040300000000000000310648000480090004009700008790060006002800302060901,431276589927548316685931427279315648563487192814629753148793265796152834352864971
000000800080504069000000000804000096030000040597400002061000907000900620902061030,745629813183574269629138574814253796236897145597416382461382957378945621952761438
100062500649085000003000896020009657007000002005706004006007015004018000500004008,178962543649385721253471896321849657467153982895726134986237415734518269512694378
479810056260004000310052040100060002040009000000001600094100000000046970000798021,479813256265974813318652749183467592642589137957231684794125368821346975536798421
000050406046000957000000023360070000800041032024000001600100209100020000030090000,913257486246318957758469123361572894879641532524983671687135249195724368432896715
500831204830240050000750001000000900020400006006500000005600409042980000670020000,567831294831249657294756831753162948928473516416598372385617429142985763679324185
009010050000200006000000300000560400506004800000008005000002007600150080785403062,379816254458239716261745398837561429526974831914328675193682547642157983785493162
060002005000000000704000060000000106000106090170509000020000010000021050490030620,963712845258964731714358962549283176382176594176549283625497318837621459491835627
000300000934571200100020034000407000005908400406003000000702080087000000000890002,762384951934571268158629734829467315375918426416253897591742683287136549643895172
000001000000030476680000000000300060708000000032604780876503209003006850400090600,347261598521938476689475123154387962768129345932654781876543219293716854415892637
000000030803046750000500410020600100100002000308100200000289504500060893480007601,254718936813946752796523418927634185165892347348175269631289574572461893489357621
105026000076503001209710406760000120512004070390270000000030804040900000003000000,185426793476593281239718456764359128512864379398271645927635814641982537853147962
000053400040090075000084006000075000503410602000060003000000020000920060260540809,721653498846192375935784216682375941573419682194268753459836127318927564267541839
834050020090000800500800403000000010300507042021004080000005000100390200003760000,834156729697243851512879463459682317368517942721934685976425138145398276283761594
000042000056100207000900000090061800400837000000000000010074085008519000000300610,183742596956183247724956138395461872462837951871295463219674385638519724547328619
100600002006031050000000001000060020005000006009214087068003200000056100000900000,157689342286431759493725861741568923825397416639214587968143275372856194514972638
030800070070090001000300090590024080740089000000735009010000704050000000000017500,935841672872596431164372895591624387743189256286735149618953724457268913329417568
030120609190030720068005140021000000843009070750000000070200080012000067000054010,437128659195436728268975143621387594843519276759642831974261385512893467386754912
169800000000300000435009700050063009000007065000005107521900070690731050308500000,169872543782354691435619728257163489913487265846295137521948376694731852378526914
800500070060020000700300628009600000003000090047050060900000504100403000400060010,824596371361728459795314628589631247613247895247859163976182534152473986438965712
000300706003500000079001000320010800000078000107030690491026008050000061000159472,514392786263587149879461325326914857945678213187235694491726538752843961638159472
010009002000050000000407000800300007000200043200070000390000008070000004085020731,518639472746852319923417865854361297167298543239574186391745628672183954485926731
007000002090000850051704000042690570900100008008000000074810235500002900009350000,837965142496231857251784693342698571965147328718523469674819235583472916129356784
016008032400007000005103876000000000050001000200854063800002005000400900007000028,716598432483627591925143876168379254354261789279854163891732645632485917547916328
100000000403000000060350008000009800090830020600500309006100950841090000020040080,178964532453218697269357418317429865594836721682571349736182954841695273925743186
320500000090004000407600000040002000000040102102307900008021009004030510931780006,326518497895274361417693825749152683653849172182367954568421739274936518931785246
000870040000200705000900230000010927090580003010420800307000009581690000000000082,932875641864231795175964238458316927296587413713429856327148569581692374649753182
000000600080019007010003508160000080090080000075030000038200000000800003749060000,952748631386519427417623598163475289294186375875932146638257914521894763749361852
007000080580001060000800300090000003400008200000009000001283000050967000609000008,967352184583741962214896375192675843475138296836429517741283659358967421629514738
179500000082901000604080000730000050500000027000790183007260340865407000020050070,179546832382971564654382791731824956598613427246795183917268345865437219423159678
057261304000304090000000000009005072000028000008197003001700200000080041000500000,957261384682354197413879526149635872376428915528197463861743259735982641294516738
007069003090030020300100000000054060040000090805013200600000450974082001013000902,427869513198435726356127849739254168241678395865913274682391457974582631513746982
008673900903000008000000010000000009009006070362000500200504000004329000090000400,148673925973215648625948713417852369859436271362791584231564897784329156596187432
080490050000085000004000002613000000047300906050000000020000000000208000968510270,386492157192785643574136892613879425247351986859624731425967318731248569968513274
000000000002730600080000070098000706000000025273400000000040000009001450000803160,617258934952734618384196572598312746146987325273465891761549283839621457425873169
008000000000010080000408000000000536006000400013800009004009007300000040067001895,948536721635712984721498653892174536576923418413865279184259367359687142267341895
920000000030209060005600000000002000790000030500007840200003680300065010000721000,926534178837219465415678329183452796794186532562397841251943687379865214648721953
000200740004087090973060801000002007210754906000930210040371080000000000005049100,186293745524187693973465821369812457218754936457936218642371589791528364835649172
070006000654000000001730004000041900006029000100007400013600500800010043009083000,372456891654198327981732654725341968436829175198567432213674589867915243549283716
190504382270980060053000009000700000001000000000035800000150034410000000000007000,196574382274983165853621479685719243321846597947235816762158934419362758538497621
506000209000009570009560000000000007000002000000650320000093000902800013004200000,536417289841329576729568431285934167163782954497651328658193742972845613314276895
000003000020800060800071000980000040706300100400082000375000082000030000600000005,549263817127854369863971254982615743756349128431782596375196482294538671618427935
005000604760250139049070050000002060080005000000700000674508001010027006002000045,325819674768254139149376852431982567287165493956743218674598321513427986892631745
070000006413006908000000321000000030500030004601724089050401093140300000000072045,872193456413256978965847321794518632528639714631724589257461893149385267386972145
007000014125000038600000072031578206062300487070200000046000025000602000050409000,397825614125764938684913572431578296562391487879246153946137825718652349253489761
009000720071020300000079000007500400000040000500090000096000250720003900004900007,439815726871624395652379841217536489968241573543798162396187254725463918184952637
400800000900070060080504702046230090000060000009008605000000070502080000004600009,437826951925371468681594732146235897258769314379148625893412576562987143714653289
030091260012006000800030490300000020001020000000079004050060040000050600000100002,534791268912486375876235491387614529491528736625379814259867143143952687768143952
200000003000002060004000058006000729007009310000761040009010000080250000000890030,278645193395182467164973258516438729847529316932761845459317682683254971721896534
018029030000483000720000400000000810000060354807104000540070060009500000000098105,418729536965483271723615489634952817291867354857134692542371968189546723376298145
000004000504000200000050000000040000605020800100506000281090700957160000400700000,769214538514638279823957146392841657675329814148576392281493765957162483436785921
000031600632000900971000045040005000080100000005400060008254096007600000409378102,854931627632547918971862345146725839283196574795483261318254796527619483469378152
060005030400001000317090200500300006100906000600000008205409103000053002936070004,869245731452731869317698245598327416124986357673514928285469173741853692936172584
004030020761000304900000506000400200000820407200570010657310002800045060000090805,584736129761952384923184576175463298396821457248579613657318942839245761412697835
005600920900002006002951040007596030096318000000047069608100300000000002009000087,175634928943782516862951743487596231296318475351247869628179354734865192519423687
098042060040500800720810000800000059400060108609080270000308010000020090013050082,398742561146539827725816943831274659472965138659183274264398715587421396913657482
009000030030600000460003025000874501000000000000260300000090050003510009000002680,219457836538629714467183925392874561186935247745261398674398152823516479951742683
950010000000070000001000603420060700097050480006900000000735100009000030003100007,952316874634578912781492653425863791397251486816947325248735169179624538563189247
300090175000030082050712093010950000594008730000000050000389007005020040007006000,326894175179635482458712693712953864594268731863471259641389527985127346237546918
720051000104003002560000900000300504040000230050000069006800025081740003000100007,728951346194683752563472918612398574849567231357214869476839125281745693935126487
090800260020005400700002381000008000080104000500200740001500006079083000000001000,394817265128365497756942381642738519987154632513296748431579826279683154865421973
850007010000900700301000900002000040580600100003790086208503070040000830730816002,859367214624981753371425968962158347587634129413792586298543671146279835735816492
030810060010406032000090000001300600000501040480000100806000201000000000005129086,932817564718456932654293718591348627263571849487962153846735291129684375375129486
300208005000050036100000080000506890030100000600000021400300070500900640000000050,349268715728451936156793482217536894834129567695874321462385179573912648981647253
002040003060570049010306000020003407073800906940007000200015008004700090601200504,752941683368572149419386725825693417173824956946157832297415368534768291681239574
002018000104260090500000600000032069006080000805090003700029500050670400638000007,962318754174265398583947612417532869396781245825496173741829536259673481638154927
007105620000600000460008709019050000000080160000000392100003070070000210005000004,987145623532679481461238759619352847243987165758461392194823576376594218825716934
004007860020000070010068040000790000079032000005601080500000027140500308760089004,954127863826354971317968245681795432479832516235641789598413627142576398763289154
000480073073000800816307900000000000000002036002000000030004005024060017060250009,259481673473695821816327954687139542195842736342576198938714265524968317761253489
600439080000010549009000230000091070001005004798042000007800060060050008102000053,625439187873216549419578236546391872231785694798642315957823461364157928182964753
700604000020700000800000000060000070040379005072100000500023007480001930010080050,751694328629738541834215796365842179148379265972156483596423817487561932213987654
400157200206308051500420000000060010001000006690041000354010002060005004087200005,439157268276398451518426379843962517721583946695741823354619782962875134187234695
006000045003000200005070031308700400600000000001580000130206500800030600500007304,716329845983154267245678931328761459657942183491583726134296578879435612562817394
002409085189500000030710200005020034007083010020050900803200400040005020000001007,672439185189562743534718269915627834467983512328154976893276451741395628256841397
000000050000040000540000802400600380030298000708004020004306000000407213307052068,679823154823541796541769832492675381135298647768134529284316975956487213317952468
000050900804000500509004020000090000605407002100028400008000200070040080001300060,723156948864239571519874623482693157635417892197528436348765219276941385951382764
000000000040095006000210300408900005700000090000000030809420070000000010073089500,281364957347895126596217384418932765732156498965748231859421673624573819173689542
050006900000000040300000507017000639200000804090003002070090060900610005001300000,154276983789531246326984517417852639235169874698743152872495361943618725561327498
050000030070392080000070160000009300007031800030400000013000090040006070068000504,859614732671392485324875169486759321597231846132468957213547698945186273768923514
000080000093060540800005001700010854004800100000030600000040065000600003000000017,415283796293167548867495321736912854954876132182534679328741965571629483649358217
003000000026000035845700000087061000300500860000000000900005000430070000001080070,793652184126849735845713926287461359314597862659328417978235641432176598561984273
030000004124090800500400372000000000000009027000050680005302700902074530300000240,738526914124793865596481372673248159851639427249157683465312798912874536387965241
000700406000350008030010590070000300023000064090100207000030670000079140900045820,581792436249356718736418592678924351123587964495163287854231679362879145917645823
510020860080005002200000000006092000032657900000000000008500004000210059195300208,519724863387965142264831597876192435432657981951483726628579314743218659195346278
000000052007600090300000060000030000000200003100590024013804070002075830080003046,864319752527648391391752468256431987479286513138597624913864275642175839785923146
800000900200791860000000000080009000002400009690008010500000008078000601060000700,817564932235791864946823175183279546752416389694358217521637498378945621469182753
048059000906701020000600000600420908000000000823006514050807000000090050100500280,748259163936741825215683749671425938594318672823976514452867391387192456169534287
090080304100900805000540000052000407607000218401002000000000092000200700009170086,295681374143927865768543921952816437637459218481732659874365192516298743329174586
001920450004080310027000090406070020012040000700010004278064000003098005000000048,861923457594687312327451896486379521912845673735216984278564139143798265659132748
000005060704000581005040000019002854006000900007000020043028000000000040601300000,832175469764293581195846372319762854256481937487539126943628715528917643671354298
289005604000048590430607000163000005800050000040003017020000008000406200600720400,289315674716248593435697182163972845897154326542863917924531768371486259658729431
001000050070009430028070000000007000260803005000200013000700000402000000006300509,941638752675129438328475196193567284264813975857294613539746821482951367716382549
009100000000000009000090800000000091006040000090507004907000400080730900650409700,869173245273854169514692873745328691326941587198567324937216458482735916651489732
800001900005004003040000001090080040214906875008000096009500400300409000000000000,863751924125694783947823561596187342214936875738245196679512438381469257452378619
020800040103469072060700301507020000312000705000100420000080009076590000800004000,725831946183469572964752381547326198312948765698175423431287659276593814859614237
006800000050304000080000040509108060600700501801050007708002000090080300300905070,426879135157364928983521746579148263642793581831256497718432659295687314364915872
302407008080001000050000034069000007403578090871309405040000260000705040000602001,392457618684931752157286934569124387423578196871369425745813269216795843938642571
400605000100400600600000000014200000090000030026003401000004752200150000000060014,439615827152478693687329145314286579598741236726593481861934752243157968975862314
003910020190000000700000109008009400900056000006148000000800001000007006000200300,683914725192573648754682139518729463947356812236148957469835271321497586875261394
009070000600000372700380005018020039000009201002000007320040000000260000054030000,239576184685194372741382695518627439473859261962413857326745918197268543854931726
870600020109402700260000945605000109901308050037000000002006508000020004700000090,874659321159432786263871945685247139921368457437915862342796518598123674716584293
000000050601500040700001092200408000005000208307010060000000001500000689002006005,493782156621539847758641392269478513145963278387215964936854721514327689872196435
000100098700004000040005000108469053562083904439000700300000041004000070000500039,256137498781694325943825167178469253562783914439251786325976841694318572817542639
000082000260309000040500230800700090005903000400006000370095100001230000580070903,153482679267319548948567231826751394715943826439826715374695182691238457582174963
000619040420000680056020031000546078068000000000800006084000060000000050005000003,837619542421735689956428731219546378768391425543872196184253967392167854675984213
907510000180000000000006000001230060094100030000090000000025071710000300050040026,937512684186473592245986713571238469694157238823694157468325971712869345359741826
965000000204908030003000100000753900300080452050240670000091000000005241671400000,965317824214968735783524196426753918397186452158249673542891367839675241671432589
090086041760001020100050007080043090036000080070000000409000008600000005807600002,392786541765431829148259367281543796536927184974168253459312678623874915817695432
471650800000170056000800020000000539010090260090000000064900300100324000020000000,471652893832179456956843721248761539713495268695238147564987312189324675327516984
790100000080260000000000000005600000069031200230400006000800000926300780800010500,794183625381265947652749813175628394469531278238497156513872469926354781847916532
201095400009700001000030500090357008700408900105900000927000064000100050508602000,271895436359764281864231579492357618736418925185926347927583164643179852518642793
800040001300709000402186000907000005104300200208490700600000000700030050000900000,876543921315729846492186537937261485154378269268495713641857392789632154523914678
074560000508000040039074500000900483090000701302100690981720054000390000620000000,274561938568239147139874562716952483895643721342187695981726354457398216623415879
000807216078000904000001000000300607080070020000020503905703402000200005030060000,349857216178632954256941738521398647683574129497126583915783462864219375732465891
000000400006903000300276050008090000025000000000807000600738204800409063002600000,297185436586943172314276859768592341925314687143867925659738214871429563432651798
000001590000040600090700002800590230900103000530860007200000006000058020000007310,763281594128945673495736182876594231942173865531862947284319756317658429659427318
001600007489715000006020091090100000600378109040050008000007000008230014000000003,231649857489715326576823491897164532625378149143952678312487965958236714764591283
906400170007090080051000429040000050802040010000082040060030791094070000000150004,986423175427591683351768429649317258832645917715982346568234791194876532273159864
790500300000009005504000910809652070173000520050000000010000000008140750000205600,796518342321479865584326917849652173173984526652731498915867234268143759437295681
090020035070900600500007000000402096000000200021050487000300070006290000009008360,498126735172935648563847129387412596654789213921653487845361972736294851219578364
000004608000700140000002503790000050020057086604000030270045009081906024000128000,932514678865739142417682593798263451123457986654891237276345819581976324349128765
040605080250901040086000520001208000700003290832000150070300010610000930020000060,943625781257981643186437529591248376764153298832796154479362815615874932328519467
000074095006000204070006081000908050000030120000020036001000760900000043065040809,283174695156389274479256381632918457594637128718425936841593762927861543365742819
240080001060200080100000020650090300800604070010003260400068730300420100076109000,247385691963241587185976423654792318832614975719853264421568739398427156576139842
000000030573908100192000700700800000005000000480003200067051000050200000010037409,846712935573968142192345786739826514625174398481593267967451823354289671218637459
000001000090000006700023080000705804810002500004010060040090650006200000002000049,238641975491587326765923481629735814813462597574819263347198652956274138182356749
860043072907082600300567109403705010000008020000300900000000000030001090080000300,861943572957182634342567189423795816795618423618324957179836245236451798584279361
000000280081005070700028005806512000010090800400003007030050001008241703100309508,345176289281935476769428315876512934513794862492683157934857621658241793127369548
000092076608340501047000080070050802530068047000470000095020018014080029000000000,153892476628347591947615283471953862539268147862471935395724618714586329286139754
091000708070000200840900000500063010008019067000500002050030800000000000200090050,691325748375684291842971635527863419438219567169547382954132876716458923283796154
000156082800003000012704005007000001030000826508901730645030100001600040000400000,794156382856293417312784695427368951139547826568921734645832179281679543973415268
005960001009005076068004000920070040500406700004028500090000804802640030043009000,235967481419835276768214395926573148581496723374128569697352814852641937143789652
560000800809670000000500960400857100938000500175069002001030000000010029200080041,562493817849671235713528964426857193938142576175369482691234758384715629257986341
000000009000600000010000056285006940170000008006000007640208000000000001700104090,563842719927651834814379256285716943179423568436985127641298375392567481758134692
050600430000458000009031000807060103010070000496000005000040000000026714070010300,758692431361458927249731568827569143513274896496183275182347659935826714674915382
060003079007064008080027400001090006000040003602350140010000000000836000803015000,164583279927164358385927461431792586758641923692358147516279834249836715873415692
100000024708040630060001000840000095070200403000400067200000000384090002600502340,139687524728945631465321879842763195576219483913458267257834916384196752691572348
042080009630050007008123050000900030080001000000060702800604200200597003060802590,542786319631459827978123456426975138387241965195368742859634271214597683763812594
001060400020700086900000000000020851010670349035008000000030020040592000100487605,571863492324759186986241573769324851218675349435918267857136924643592718192487635
036000100000607000002009003209046008000971000000205001000000026000002000627004000,536428179981637542472159683219346758358971264764285931145793826893562417627814395
000400092009307010000050308851700204700048009000012807208003640400005901005000020,137486592589327416642951378851739264726548139394612857278193645463275981915864723
000267180807019002002803500000050007700301095430908000000780000100490000000102708,354267189867519342912843576291654837786321495435978621523786914178495263649132758
001045000800037100000090080000080009000019408908500030760000940005460000000000000,621845793859237164473196285247683519536719428918524637762358941395461872184972356
126070090739000800045009000008700020302006000004200300403907050000004008000300000,126875493739142865845639217518793624372416589964258371483927156291564738657381942
870009000405038000000007800062853000050010002000602305290000000504090007007000600,873569421425138976619427853762853149358914762941672385296781534584396217137245698
030914008081050000950000200000040080600500000070002053807090305510603000000000806,236914578781256934954378261325149687648537192179862453867491325512683749493725816
023000040050003086000009300000300210030000000209000730000000090600235400040001603,123856947954723186867419352486397215735142869219568734372684591691235478548971623
600008090080907006007005001500001000010206007700590000490150603001030080006070140,625318794184927536937465821543781269819246357762593418498152673271634985356879142
000590308000000005000008600000003050300640000000020700000300107000089502070001043,724596318689132475531478629947813256352647891168925734295364187413789562876251943
080003000000000406400006310000400809508700002000300647100070090095034700004000083,682143975931857426457926318376412859548769132219385647123678594895234761764591283
000705100300040006840960000000409013009000008030058007020004000003000402407006000,962735184375841296841962735286479513759213648134658927628594371593187462417326859
000100000315000000096080000409070001500020600030000700150000060020054008060000004,248139576315467892796285413489576321571823649632941785154398267927654138863712954
008402060007901005021067800040090300700310008100050070500043000306070000074000000,958432167637981425421567839245798316769314258183256974592643781316879542874125693
530861900000257630200030510020000100000000700003410056400180300006300000001006805,537861942149257638268934517925673184614528793783419256472185369856392471391746825
104000009000090405050004600000007000009000540700009100500300204003040950400900803,134625789682793415957184632825417396319268547746539128598371264273846951461952873
010000829000208006080070034800000000070802600002607400000360000308000060040089000,617453829453298716289176534864935271571842693932617485725361948398524167146789352
040900070002030000900564180013005400200000000500013000000201000420058700000406305,145982673862137954937564182613825497278649531594713268356271849429358716781496325
004100807000000001080720500050009400407060082092000100000600000640002000700040060,964135827275894631381726549156289473437561982892473156528617394643952718719348265
320000050700002000150000279000700020947521830000008040001305090030210400000000000,328976154794152683156834279865743921947521836213698547481365792539217468672489315
000970050320405009900080003013000000708040100465002030600010082870009001000000900,186973254327465819954281673213758496798346125465192738649517382872639541531824967
000143050009700000504006008302017040070008020006430000680300290047009030023064007,768143952239785461514296378352617849471958623896432715685371294147829536923564187
006402080205900400800030072080090527050004096003200004090000000000740601630001750,316472985275918463849635172481396527752184396963257814197563248528749631634821759
098061700700300109106904030000006300560009000000003006005097000000830600687102590,398561724754328169126974835279486351563719482841253976435697218912835647687142593
901000260000090000076210030080070000003008900000000051000451603030700000400030002,951387264324596718876214539289175346513648927647923851792451683138762495465839172
010080270086000090002000000059408360000530041000102080045000010300850006000001705,913685274586724193472319658159478362827536941634192587745263819391857426268941735
060040951081000700200007608472000000605028109000000040006000000054000000307000000,763842951581369724249517638472931586635428179918675342126754893854193267397286415
400905320003000090900002081654010030000000010000064000080090000000008100700003050,418975326263481795975632481654817932827359614139264578381596247592748163746123859
004001008713908002050067000000730820900025103005004900001090004009180570000070009,694251738713948652852367491146739825987625143235814967371596284429183576568472319
300080500450000193700000600200400000030260000007500042105090000000045000000706035,396184527458627193712953684281479356534268971967531842175392468623845719849716235
000000890000970001940800307429630000000040509000000400004507086060080000092064075,371456892258973641946812357429635718613748529587291463134527986765189234892364175
307020800500084000604001000000007300940005708000093400030006902050078600176000083,317529864592684137684731295865417329943265718721893456438156972259378641176942583
080030029100800060702900000618000000074000930039072010045000000920100053000250000,486537129193824567752916384618395472274681935539472816845763291927148653361259748
000001004002367900000520631000003040000080006500040090803600000700000000050900000,365891724142367985987524631619253847274189356538746192823615479791432568456978213
420000300100200090805100006003975160017000000000000007000090610001050040000010009,429586371136247895875139426283975164917864532654321987542798613391652748768413259
400068002051420086260009010080040001000602050020900600090054800040000060705010020,479168532351427986268539714687345291914682357523971648196254873842793165735816429
000000700007001000600705004000000641000000000095600020000000060508102000904560170,352496718487321956619785234273859641146237589895614327721943865568172493934568172
800002090030459010906017325000900000500000000062000900009006053003201700780005160,815632497237459618946817325471928536598163274362574981129746853653281749784395162
901005406008000093002400000094000302020000071000206904000800637007609180030050000,971385426458162793362497518194578362625943871783216954519824637247639185836751249
000026005570900800080000000031000040005000000007000500068000900000600302000084716,493826175572941863186375429631597248845132697927468531268713954714659382359284716
270100009056004000941000060408000091030000702007020006589000004000005000000062805,273186459856294137941753268428637591635419782197528346589371624762845913314962875
400059080200000000305700400600000517050000908092000000000090870060035000020176090,476359182289461753315782469648923517153647928792518634531294876967835241824176395
000000400000000200504018070070020000208500090160000000092170060356042000017300504,721693458689754231534218976973421685248536197165987342492175863356842719817369524
005418020030000100180300600804206901700804203309500060003002018040000000078000006,695418327432967185187325649854236971716894253329571864963752418541689732278143596
603009050025000007704000230000000000050000089007096540000000700501600928070005400,613729854825314697794568231982451376456237189137896542368942715541673928279185463
035000000089001000007320000802017034050430900000005100000000090000180053014970002,135768249289541367467329815892617534651432978743895126378256491926184753514973682
280000940490020005003940082000865000002000050805200406000000010008006000051700000,286531947497628135513947682149865723632479851875213496764382519928156374351794268
000040100130820470048001002300500820020098000010060503000630947674080050003070000,562743189139826475748951632396517824425398716817462593281635947674289351953174268
190000400400000105050800093200005080500000062000000501620000900900000810001600257,193526478468973125752814693247165389519438762386297541625781934974352816831649257
000004000005600040000003182790065000064100079010000000470000001351907600000010000,138274596925681347647593182792465813564138279813729465476852931351947628289316754
080030256500000030600500018000197005003450007000000104000000002896000070010000000,984731256571682439632549718468197325123458697759263184347915862896324571215876943
309008540004100600506000010008007020700000000043506008000080004005003080080200000,319678542874152693526394817158437926762819435943526178231985764495763281687241359
700006020040000701020010000006090002070300590090002007003004079500000310000600045,751846923648923751329517468436795182872361594195482637263154879584279316917638245
900610427000300180210500030301006000000005000859000300000760053000001908502040706,935618427476392185218574639341986572627135894859427361184769253763251948592843716
005700032200010000000002005507420000000000754406300000600004000070005010020100040,915748632268513479743692185597421863132869754486357291651984327874235916329176548
090000005005019007100030060800391000000850690009074800400908003300067040072000106,293786415685419327147235968826391574734852691519674832461928753358167249972543186
380100000760000002400060800000000000000417008007890004090200000002300009603040000,385124796769583412421769853854632971936417528217895634198256347542378169673941285
147095600020007309000060010000000000000070056051620004000000901000016000010000000,147395682526187349893462517684951723932874156751623894365248971479516238218739465
096000003700000081000700906000000004008504630009000720065000040807400060320800090,596182473743965281281743956652397814178524639439618725965271348817439562324856197
900050000020701900000000030700060100840300076060210000203006891697000000080000620,978653412325741968416928735732864159841395276569217384253476891697182543184539627
000000100001062300090000060087000040914000076060040500030078029028400030649000000,476839152851762394293154867587216943914385276362947581135678429728491635649523718
907000600080000020003400000718020000400030002200090750000000800300009006079200503,927351684584967321163482975718625439495738162236194758642513897351879246879246513
893070504002500973700400008270000005080000090360800700600000009000004080048960000,893172564412586973756439128274693815581247396369851742627318459935724681148965237
152000030080000001900410052600000900310009728200001063700000000800100270500270106,152896437487523691936417852678352914315649728249781563721968345864135279593274186
300980610760000580000000200096040070010509806007160905020700430000300102030000759,352987614769421583841635297596842371213579846487163925125796438978354162634218759
500680000100473009040050081005040000000100408010008050800000320200506007407832190,579681234128473569346259781685347912932165478714928653861794325293516847457832196
030210800600070030710000090200780054040500012050020078000007000370850049000100003,934215867625978431718463295269781354847539612153624978481397526372856149596142783
068000451000001800000080070000300725000100000030278060503000900679800502000004600,268937451457621893391485276816349725724156389935278164543762918679813542182594637
037004126000800340004001000000400007040012060306080010092130704000005001400007200,837954126129876345564321879215463987948712563376589412692138754783245691451697238
270100600001000950000407100008079005407013000900000000004901070030084010000050004,273195648641328957589467123318279465467513892925846731854931276732684519196752384
080000406000860000000002800030046179400000000005090300050020001014630500829750630,981375426572864913346912857238546179497183265165297348653429781714638592829751634
004070000039000704600000000143089020786130400095700103050210040008000570460000030,814375962539628714672941358143589627786132495295764183957213846328496571461857239
090020000700008003400031060000000510004010030503804006005080079006009320000500000,391426758762958143458731962687293514924615837513874296145382679876149325239567481
051340006403000071086010000820030469000900007030000058000800004000703002308004795,251347986493658271786219543827531469514986327639472158172895634945763812368124795
030074000209005000470290506803900057000007093007030000050000902004000105090401008,135674829269185374478293516813946257526817493947532681751368942684729135392451768
170802000052100900000000072200509700715304000003007040030905067000608400560040009,174892635352176984689453172246589713715364298893217546431925867927638451568741329
000000001294007068000000700000000050000010800170480609708095000500000900410000500,657834291294157368831926745382679154946512837175483629728395416563741982419268573
000150000000968400800400000050006309301500040000041500106005000400603070500700080,649157823237968451815432796754286319361579248982341567176825934428693175593714682
008290164910006083002000900091050070004960000000000500003400000287030400049028030,738295164915746283462183957391854672574962318826317549153479826287631495649528731
290150070000092306400000090158000040040510000600900080730000000060005000084300000,293156874875492316416783295158627943349518762627934581731269458962845137584371629
800659103069000080000008690000000046000000379070260000700420530236800010080010962,847659123169732485352148697518973246624581379973264851791426538236895714485317962
004030006000069080090000504000000800368000000100600307400070058706083010000940023,284135976573469182691827534947312865368754291152698347439271658726583419815946723
000000005020309000054020000000004600030010402000087030000002304290000700010093000,371468925628359147954721863582934671739516482146287539865172394293845716417693258
048000057000004060700080310470600038080005621060030400054000000600200745900006100,248163957135974862796582314471629538389745621562831479854317296613298745927456183
230500091060030000000004030900001803080006000000080507000100400000805320000002000,234578691861239754579614238945721863783456912126983547352167489417895326698342175
039570814000030695410608000040000000000023000000000930904007300720000460001000000,639572814287134695415698273143769582596823147872415936964287351728351469351946728
300108090007000000190006027000000006286000000005683042000009000070020460620000500,352178694467932815198546327934257186286491753715683942541769238879325461623814579
800060000000000000000008060700104006200085409048790102400600000027000003901000007,874961325563247918192538764759124836216385479348796152485673291627419583931852647
501080006043090100670030002700005000456300709000470063004600000007009000900100000,521784396843296175679531842732965418456318729198472563284657931317829654965143287
905000020082000040001000608008000000007850093200400000000000002700900034820004500,945687321682513749371249658498371265167852493253496187534168972716925834829734516
300050600500060104246180000020000000080300520003000009000000900000906450000004068,391457682578263194246189375624895731789341526153672849462538917817926453935714268
062100094700000210000800570090500340003700009240000100800400000001200900000381000,362175894758649213914832576196528347583714629247963185825496731431257968679381452
140005209023804000050903000005070300402100050300000008290000080000390426604500090,148765239923814675756923814815479362462138957379256148297641583581397426634582791
000006000804000000000430000940051003060020090020309081000000950000098030300064000,295186347834972165716435829948651273163827594527349681482713956671598432359264718
000060200009250304008007001000420830080030002263980007100600408800500710006810000,347169285619258374528347691751426839984731562263985147195673428832594716476812953
000180000900003000000000050390708001587204009610090280856042003000030000003871000,425187396968453172731629458392768541587214639614395287856942713179536824243871965
010040000004009803030000000860510040000006000501004000742001000000020004150400200,215348679674159823938672415863517942427896351591234786742961538389725164156483297
700002000000850300098006105352180000670009483040000010020005800063040201500260900,735912648416857329298436175352184796671529483849673512127395864963748251584261937
010602007536074208000000065003000000080420000020000000800005003054090800700100604,418652397536974218279318465943567182687421539125839746861745923354296871792183654
005000700000010590007060312370008020000000004501906030050002070020040065004070209,215389746463217598897564312376458921982731654541926837158692473729843165634175289
400000032800006009206000007300900006560003004007000321009082003002005010084009260,415897632873256149296341587328914756561723894947568321159682473632475918784139265
000074000060000420000308060000000600027840010009000570000009700040007080008006003,295674831863951427714328965351792648627845319489163572136289754942537186578416293
000000010609201300050390600000400801020000064340605002010003009084009000703040000,432756918679281345851394627965427831127938564348615792216873459584169273793542186
530801070008000013700050000106907000020000080450010007000000008000006100001002000,532861479698274513714359826186927345927435681453618297269143758845796132371582964
608020000001600080023000400009000800060009005805207960006002000000040600000090001,648923517791654283523871496179465832264389175835217964916532748357148629482796351
100000800573008900800430010050002000380000006260040000000004000020903000000700008,146295873573168942892437615951682437384571296267349581715824369628913754439756128
213000469700000080080962731075400100000003020092700046000309000400000958000075004,213587469769134285584962731675428193841693527392751846158349672437216958926875314
060010275500080000410075000070008900105002084000090000700600002936000000051000600,863914275527386491419275863372458916195762384648193527784639152936521748251847639
030001050007406001006070430003692170000107080400850026000000069005760008608020000,934281657527436891186975432853692174269147583471853926742518369315769248698324715
070080010013096420256000708000003000020050004030621000000040080308100500042030970,479285613813796425256314798581473269627859134934621857765942381398167542142538976
002070158109000600760150400000380000200000080304000060000000300041508006000026840,432679158159843672768152439695387214217465983384291567826714395941538726573926841
201053860000008100608210305000030406080070500060000000507006249930700018026000003,271953864359468172648217395795831426482679531163542987517386249934725618826194753
900080010036504000000600453305016008610005030400008165003000571069070004001000300,954387612136524789782691453325716948618945237497238165243869571569173824871452396
008000005000050400310000700806043020030005809000708000103000004000030062000006000,648397215279651438315482796856943127731265849924718653163829574587134962492576381
002000900705000010000650207840500000000401006500003400107000040050800003000000060,362147985785932614491658237843596172279481356516723498137265849654819723928374561
050060310300000000000200000700039001096000005840500067000040103000000000037002840,259867314361495728478213659725639481196784235843521967582946173614378592937152846
000053026500007190009108040100080905007030400300009070060090300400870050005300204,814953726523647198679128543142786935987235461356419872268594317431872659795361284
000000000509006000286000000000679080000300900603050007001060473840037002000200000,714583296539126748286794531152679384478312965693458127921865473845937612367241859
601000900070000064000000000007000600068500340003049078004090001706205000000000000,681473925379852164542961837457328619968517342123649578834796251716285493295134786
000200100801000700609400032908000520000070408700008310006052940000000670007000000,534287169821369754679415832918643527263571498745928316386752941152894673497136285
040090010100400902089201000003002507870009000200000003000003805007100269020006001,342695718156487932789231456463812597871359624295764183614923875537148269928576341
394000000000000490000000003006107940100090036009600010005900000900752060827430000,394861572682375491751249683236187945178594236549623718465918327913752864827436159
300000071000760004008030000000000000000906308000028000000470085080600700700000649,346892571291765834578134962839517426127946358654328197963471285482659713715283649
030000006720100900000308021097605004460087000580000000309000000002700400004001009,138279546726154938945368721297635814461987253583412697359846172612793485874521369
062915073007082500000000200000000080200000700030807100078000050623000940000000802,862915473317482596954376218749621385281593764536847129478239651623158947195764832
806023410235004000140000200082609000900050000003008609400800000001000083000061000,896523417235174896147986235582619374964357128713248659429835761671492583358761942
900630002400582000025079000034015000000000400681900005009020304000000000000090000,978631542416582937325479186734215869592768413681943725169827354847356291253194678
700000000582009300609001000000000900071000000405190708094610000057900060000070105,713542689582769341649831257238457916971286534465193728394615872157928463826374195
654300007003605000900070500030040091000080603800200000070400008469050002128000000,654398217713625489982174536237546891541987623896231745375412968469853172128769354
000026090200400100000070320021600003640000501008154700910060007400000600000040000,174326895235498176869571324521687943647239581398154762913862457482715639756943218
000000000000607045000900300009000054400065000060020701300700026057006010004013570,736541982982637145145982367219378654473165298568429731391754826857296413624813579
020300789004059130000870054003020000000005010409600000700000368000700500000004020,521346789874259136396871254183427695267985413459613872745192368932768541618534927
008600000107040630400005170000200850005007200000030001029410086001006429070902005,238671594157849632496325178913264857865197243742538961529413786381756429674982315
280003705030000890609800403701200900402030080098070000045060070100700050000002018,284913765537426891619857423751284936462139587398675142845361279126798354973542618
900600000700010000530200070400000700803400690600801400300050204100000000000100350,921637548746518923538294176452963781813475692697821435389756214175342869264189357
000000030020300000000000090009680003801002000630049008090450300000803000000000285,765914832924368751183275496459687123871532964632149578298456317517823649346791285
000000950000500010400100060000600039000305784305980000000203000000070203923400005,138746952769532418452198367287614539691325784345987621874253196516879243923461875
004561008005480003000090004500002040600709002000030500003020000406300209082006375,394561728125487693867293154538612947641759832279834561753928416416375289982146375
001000007600000000000000510300052601000709450075000000060040020000005000503286000,251863947694571382837924516389452671126739458475618239968347125742195863513286794
800000600490506300006139800000000401008000000000040006000000000500003072037204508,813427695492586317756139824365972481248361759971845236629758143584613972137294568
671000000000000010985030000000920074003000601760000205000200050020060100010084003,671842539432659718985137462158926374293475681764318295347291856829563147516784923
050920004000000500010456000700500240000000000801030006106000309000160000008000400,357928614684713592219456783763591248925684137841237956176845329432169875598372461
000620030004000006000074028109030000000200090000001700017000380000000507000003610,791628435824315976653974128189537264375246891462891753517462389236189547948753612
400903000800042000923001060000607320700000590001200000100500030005020104030010675,417963852856742913923851467594687321782134596361295748148576239675329184239418675
080000301307001582100308000800000079090010000010000000070680000630000007008005000,589247361347961582162358794853426179796513248214879653971682435635194827428735916
156004000300050000000632051003000000690000002200009763005761900000943005009000304,156894237328157496947632851573426189691378542284519763435761928812943675769285314
000070030090080002000290080047010628000500000069700040902001060010907004604002090,825174936491683572736295481547319628283546719169728345952431867318967254674852193
205800000006250800008090500001709000682000007070000015000406059560030182000580406,245871963916253874738694521351769248682145397479328615823416759564937182197582436
600010800840000730137400500069000104013600900000094000200009086000037405000061207,695713842842956731137428569769385124413672958528194673271549386986237415354861297
007000031806000400002000760709000003000000070025070108200040000060098007000230000,597624831816753492342981765789412653134865279625379148253147986461598327978236514
000006000601030040300201560005023000000010203203005000000074000709000426500002370,958746132621539748347281569415823697896417253273965814162374985739158426584692371
260387009000402038000010007000706000000058010080140006027030001809000040000290000,261387459795462138348519627914726385673958214582143796427835961839671542156294873
176400058000008000002007060090000000000000000000006010018900400960030185500071090,176492358359618742482357961795183624641529873823746519218965437967234185534871296
700012043530000000048090062091087200050000304004500100085060409000009800013700025,769812543532674918148395762391487256657921384824536197285163479476259831913748625
000000000000000025000000000098500314004069500057048960000700800300000050009001470,825917643941683725763425198698572314234169587157348962412756839376894251589231476
000400800000000040000206000000000508950000000030900400700602039410003007093500004,167439825328715946549286713671324598954168372832957461785642139416893257293571684
003005000050000720900010005000090502294000007000001098009080004387900200040500089,873425916451869723926713845718694532294358167635271498569182374387946251142537689
000800150000120900080000762004500603803400001150702009309000000000000010000207300,932876154467125938581394762294581673873469521156732489319658247725943816648217395
008000000901305000000940053060002500400001602020560000200709305086103904095620010,538216749941375286672948153867492531459831672123567498214789365786153924395624817
000080037036900050200300049009016400300048006000003080680079005900060728000802000,195684237436927851278351649859216473321748596764593182682479315943165728517832964
200300040000002000900000201000000010002900004001006002600030000100500063409008107,287361549514792386963485271796243815852917634341856792675134928128579463439628157
007000360005300100030009850000051637000000400000003000570910240340020090008530700,917845362485362179632179854829451637163297485754683921576918243341726598298534716
000000009490003070500092036060009004003014090000230000080000000300005782701040900,836571249492683571517492836168759324253814697974236158685927413349165782721348965
000800250040530006000240007007403000032065001000700500080302100000080002700109000,376891254248537916159246387567413829832965471491728563684372195915684732723159648
000000790000090620009360080000140000090002400042080065000000000080274006000850000,615428793378591624429367581836145279597632418142789365754916832983274156261853947
098061003201004065003008007009500080724000530000000000906000000417890320802010704,598761243271934865643258917169573482724689531385142679936427158417895326852316794
426008031010000000009001050000000090070000103002000700850362010900014007001000000,426758931315296874789431652134687295678925143592143786857362419963814527241579368
020053708000210600007600000010000800600800901978106002090000060300001507700004010,126453798859217634437689125513792846642835971978146352291578463364921587785364219
980067105000020000000800002800004520027000080040208000000580600300600007009712003,982467135534921768716835492893174526127356984645298371271583649358649217469712853
000000598900400000030085700000302480800090010000000635009004800004000003700100000,476231598985467321231985746567312489843596217192748635319654872624879153758123964
632090000000000006500203009020086014000010008050400032300700060800035007200001500,632194875419857326587263149923586714764312958158479632395728461841635297276941583
800003500400000681000000000010020438080000000340080000067004003008000006000562070,876213594423759681951648327615927438782436915349185762267894153598371246134562879
602300140000000000010906000000240000207009000451000000040002380000054007008100200,672385149935421768814976523369247815287519436451638972546792381123854697798163254
003000704000004000000020901001007008000000032530490010020006040000910850009000006,153869724296174385748523961461237598987651432532498617325786149674912853819345276
600701009701020060400000001050197603206850190310402070040600002902010000500070000,683741259791325468425986731854197623276853194319462875147639582962518347538274916
090000000400001000810000300120340600060105030508090040080457000000060000600902000,792634518453281796816579324127348659964125837538796241389457162241863975675912483
000100800040800900080007000000900085910083200030060700103470008700000030000000010,376149852241856973589237146467921385915783264832564791193475628724618539658392417
000000520070000009001040730000000070010000093609807100000370080098200307020601000,943716528276538419851942736485193672712465893639827145564379281198254367327681954
958400063000000508020608019700002000640003200280006000002030006400805000070219005,958421763164397528327658419739542681641983257285176934512734896493865172876219345
000000020041073058000001000312704000850006200607020043000907302000408090009000000,738569124941273658265841937312784569854396271697125843486957312523418796179632485
000000260600307800097060000046000502050000084800005006200090050005001000000050000,183549267624317895597268341746983512352176984819425736278694153965731428431852679
831006700005800003070430085703000060604703000002000030028060309109000204000009000,831956742245817693976432185783524961614793528592681437428165379169378254357249816
914568020008000100035200006800020560102050003000841970200000000006100000001000030,914568327628374195735219486847923561192756843563841972259437618386192754471685239
079100084200000607584006000730200400450017209900000000000000005090703140065028003,679132584213845697584976312736289451458317269921564738347691825892753146165428973
000000600100000205825006400059000020780009060001407058008000000900070000002040300,347512689196384275825796431659138724784259163231467958478923516913675842562841397
904510820800003070300000109280000000040001000000078000000700000008060700000835000,974516823861293574352487169289654317743921658615378492536742981428169735197835246
090305000050000000182000305067000500000000000305001000530097004008560003209100058,794315862653278149182946375967483521821659437345721986536897214418562793279134658
000009540000000600040008973029070800005096004060180090010000000036000020900200007,681739542397425681542618973129574836875396214463182795214967358736851429958243167
500006200007008006006002870043095701002810050001200080408000092310709060000000017,584176239237958146196342875843695721762814953951237684478561392315729468629483517
000067580004500070005000093128000050090015240000029030000003408301000760000100305,912367584634598172875241693128634957793815246546729831267953418351482769489176325
000400000000080001000001000002003006500806302000510000200004000038109027900720000,126495873394687251785231964812973546579846312463512798257364189638159427941728635
200065003005073020000000005003004007009006310612007004370000008050602971900008036,297165483865473129134829765583214697749586312612397854376951248458632971921748536
001000700280000000096000050478000000000300000000200507100000803867004025300002000,531426789284795136796813254478569312652371498913248567129657843867134925345982671
187040200000000490030020001300074000000103984400008000000400500000800609005600007,187349256562781493934526871358974162726153984419268735693417528271835649845692317
050003000300154600096070130627000000009741086040002009000006570900000004700310000,152963847378154692496278135627589413539741286841632759283496571915827364764315928
650400000000000000400100076045730002310005090090000000704001005060324907020000004,651478329972653841483192576845739162316245798297816453734961285568324917129587634
000500000400000005050070009000000647600057900080400000061000300000802170327001000,976514238413928765258376419135289647642157983789463521861745392594832176327691854
000200800207000034008700092002084019041000000800500040703456020520000000080000007,195243876267918534438765192652384719341679285879521643713456928524897361986132457
006073200005900730000200605982000000000701000751000003007002004000004900004007360,846573291215946738379218645982435176463721589751689423637192854528364917194857362
060000800020009000749006510008400650070000000004000080380040090000000006050073400,163524879825719364749836512238491657671285943594367281387642195412958736956173428
050870600200005000860002005500280096306009004004006512030428160108007000000350000,459873621217645938863192745571284396326519874984736512735428169148967253692351487
060004000020005030095300706780020050309480162002003080200009000900800245500002690,863274519127695438495318726781926354359487162642153987214569873976831245538742691
410006009705000000960041502300150004040009007529070000000200005051007040890015023,412586739785923416963741582376152894148639257529874361634298175251367948897415623
800000004600009758750030060500000073000701000200900006005004007020000500003000021,892675314634219758751438962549862173368741295217953486985124637126387549473596821
400005000580103000210040305000000006850001024020004070168007050742060108005000700,436795281589123647217846395974382516853671924621954873168237459742569138395418762
070000230052760004840050600000170000000030491003004000006928000400003028008040010,679481235352769184841352679924175863785236491163894752516928347497613528238547916
010350000000900004053000200001000870008007300000080612000630187109072006007004900,412356798876921534953748261341265879268197345795483612524639187139872456687514923
270364180638019247090027050100000000000000030054970800010003004000096000000048301,275364189638519247491827653186435792927681435354972816812753964743196528569248371
080407090012030008950008040000180070070020080020040509090002000060504007004001000,683457192412639758957218643349185276175926384826743519598372461261594837734861925
007025040420038050935014000000000700000360408840000026600203000003000902008090030,187925643426738159935614287362841795759362418841579326694253871513487962278196534
006010080540809600000000000304001002809002000701006000008700000602005900005008704,296517483547839621183624579354971862869352147721486395418793256672145938935268714
017008009000045201050100030400000923900400700000000015042006100300000090169870050,217638549893745261654129837481567923925413786736982415542396178378251694169874352
300004810080000009040000600000100750800000000200000004012030546030409120000620900,327964815586213479149785632463192758875346291291578364912837546638459127754621983
089006003504001600200000001010000000300014705740009100901007800430005210000003407,189246573574931628263758941618572394392814765745369182951427836437685219826193457
107086540630745009050000000970008024080004190204000008700050080041900000500000030,197286543632745819458139762975318624386524197214697358763452981841963275529871436
008003400904007005300050000805340000409100700000029000190078000002001800000000100,258693471964217385317854926875346219429185763631729548193478652542961837786532194
040000000610400000307609810400001000700000000000703040000080000080106475003047080,849312657615478239327659814456891723738524196291763548174985362982136475563247981
000000190200803000300740280000400819780000050000300740600980030020134560003675020,847526193251893674369741285532467819784219356196358742675982431928134567413675928
086000000070060800000070010030000000200000750007128009010007085800000071000001490,986213547175964832324875916638759124291436758547128369413697285859342671762581493
024005860005010043081000075008500600070420380003069007600080100857000406000003000,324975861765218943981346275198537624576421389243869517639784152857192436412653798
003927000200060000040005070005200000002000000786040200900000000027014000804700025,153927648279468531648135972395281764412376859786549213931652487527814396864793125
000005004000000008247000190000651730000700040079000000030069500020048010060010000,893175264651924378247836195482651739516793842379482651134269587725348916968517423
036000800057008000000000040079804000024609701000000000700002000502100008013407205,236745819457918326891326547179834652324659781685271493768592134542163978913487265
036002450000368000800041003007005002008200700000000086000000509501000000942800070,136972458425368197879541263317685942698234715254197386783416529561729834942853671
040005010090240000100009000006008000700000008854730000602003000003000006019000082,248675913397241865165389724936128547721594638854736291672813459483952176519467382
506000300740900510008064009000498701480001000000350084020000007000847102800020400,596712348742983516138564279365498721489271653217356984924135867653847192871629435
003000209460018000000049186000105008030090060050000000045003901097401605000000000,183576249469218357572349186624135798731894562958627413845763921297481635316952874
000901083840050600071000000250800930000020004004037000910740005000090200000300009,562971483849253617371468592257814936183629754694537821918742365435196278726385149
070603481906104000100008002403000000607000000000970024000000000005081206010509700,572693481986124537134758962423815679697432815851976324369247158745381296218569743
000000098800304000005000000004700906050060000367000000072000189000900000903000207,431572698896314725725698341284751936159263874367849512572436189618927453943185267
100000000000000010300540009000000000430090280000000060052384170073200840004765030,147928653529673418386541729761832594435196287298457361952384176673219845814765932
030186000800907100000020078689000010000030000013000500000300705078090431050204609,937186254825947163164523978689452317542731896713869542496318725278695431351274689
001042968200010000007030204000000020068020079900007641000100002005804090800270056,531742968284916537697538214473691825168425379952387641346159782725864193819273456
007094000800000090093000240400000000100070300000000002030620000064000008085107903,617294835842753691593861247456382719128479356379516482931628574764935128285147963
300900080000207005000058300000300400540000010600001030000004093030090000000013006,352946781481237965769158324218365479543729618697481532825674193136592847974813256
009200000608197235070000908800020649000041000003000017090800056000000490060009382,539268174648197235271453968817325649956741823423986517392814756785632491164579382
040005060000016234361000070010000000080001356000200910100020580420730001608109003,842375169759816234361942875916583742287491356534267918193624587425738691678159423
009003200027059060068040000400800932930070000081000000004328600890061000010007003,549683217327159864168742359475816932936275148281934576754328691893461725612597483
700006340043070208000000070500017900304085600067000850006050020015000763009003400,758926341643571298921834576582617934394285617167349852436758129815492763279163485
000036041810000900030100005500049387300070000090308004675000400100064008000010072,259836741817425936436197825561249387348671259792358164675982413123764598984513672
001800304500000786890400000020000500080952001000300900078519463400000079000008010,761825394542193786893467152129684537387952641654371928278519463415236879936748215
501942000000380001000051000050030100100500000392070000000010002043065007000803406,571942368429386571836751294758634129164529783392178645685417932943265817217893456
030120469268540100001000852000070900000000781000905603000003500000080316000000004,537128469268549137491367852312876945659432781874915623146293578925784316783651294
300204609006509008040003070039000007000958003002706900087005340090081005401020000,378214659126579438945863172839142567764958213512736984287695341693481725451327896
000200830052030600000000040300100504100009000000000018920008400001000000004090102,769245831452831679813976245376182594148759326295463718927518463531624987684397152
675429100008376000200005706000500007000034000006090050000000001819007002307042905,675429138198376524234815796923568417751234869486791253542983671819657342367142985
590037000006080400008001000060500000800000075000240900050000890300000506001890047,594637281716982453238451769963578124842319675175246938457163892389724516621895347
900007004500000001300000800001203009000000000209050000000070010040010050153024700,916587324584632971327491865471263589865749132239158647692375418748916253153824796
000000020700000106005610374500823061020000000831900045470000500600000000059284000,164375829783492156295618374547823961926541783831967245478136592612759438359284617
600000007100200009080904001060039400000000003000402000000090504018040060005000010,693518247174263859582974631867139425429756183351482796236891574718345962945627318
000005061090006075000000000079004516580000000040060000900000000007490058008602700,723945861894316275651827394379284516586179423142563987965738142237491658418652739
040601020000080000090030100000012056000040090026050700008000900000160470410097000,543671829167289534892435167784912356351746298926853741678524913239168475415397682
006020050002800001198005000907406103000090004804102009610000205080009000000200910,746921358532864791198375642957486123321597864864132579619743285285619437473258916
000300500008000031000005040040000700080050003200079864000067008809020006075480009,417396582598742631362815947941638725786254193253179864124967358839521476675483219
900006018034700902060902500301070020205080070647120000019800200000300000050090040,972536418534718962168942537381479625295683174647125389719864253426357891853291746
001628700000010040007004001000070103080130050036542000475080000800007504000400000,541628739698713245327954681254879163789136452136542978475281396862397514913465827
067080003895001670020070009008000501070100300000000090009010840002008907700009230,467982153895431672123576489938764521274195368516823794359217846642358917781649235
700060024600302051000000600904280000007500000000007200000000000401720000300104080,713865924649372851582419637934281576127536498856947213278653149491728365365194782
000009500010408200000765134000100050001000968080007021009672043040000690802000700,473219586516438279298765134924186357731524968685397421159672843347851692862943715
100000000002960300005000908020000830538409021000238007073001046040650790000740080,194387265782965314365124978427516839538479621619238457273891546841652793956743182
000045731000020540000030200354069012927000005008050900090000020002000693000006100,289645731736821549541937286354769812927418365168352974695183427812574693473296158
032000510000035200000201098090006050000003062008020704800000000029000000010800070,932468517187935246564271398293746851741583962658129734875314629429657183316892475
002090050000010004801000270300107005000060700560000401000071502000920040200486007,642798153975213684831654279328147965194562738567839421486371592713925846259486317
003007000700602540020050009090070000007460800106000407000045031000000000380700000,543917268719682543628354179894571326237469815156238497972845631465193782381726954
700560800080020000105000000370400600000607008600092007040056900060073005000204016,723561894486329571195748362378415629912637458654892137247156983861973245539284716
000900081000306005093002006300004800604029050952030040031050060469210530000000010,246975381178346925593182476317564892684729153952831647731458269469217538825693714
030040000000090037027380000680003002090000000200050301802910000000000100069030000,938746215416592837527381964685173492391824756274659381842915673753268149169437528
100040090040009200050000410964005037000690004002013000200530049490060001300904080,123746895648159273759328416964285137831697524572413968286531749497862351315974682
300000720000005008500000034003000409090000000000910300056041090014620500000589140,349168725762435918581297634123856479495372861678914352856741293914623587237589146
084000009000004500000690300600249000000850736805060002000030000030000900000900053,384175629967324518251698347673249185429851736815763492198537264532486971746912853
014006005000020140030001060000030000900680500040070628000000000002760401400000006,214396875659827143837451269768532914921684537543179628176948352392765481485213796
060000000400583000300600050700046005903150042654030000000020564000960003200470900,865712439419583726372694851721846395983157642654239187197328564548961273236475918
000049002642000030050000184860000000400000000020000560231006800700538240000201070,178349652642185739359627184867952413415763928923814567231476895796538241584291376
060900050000536000008470002870069000600000290200000000006800079040090805080010020,761928453492536718538471962873269541654183297219754386326845179147692835985317624
940035100512607830000109500000301700000006000200970080050408200020710000070560040,946835127512647839387129564864351792795286413231974685653498271428713956179562348
024030700100040300830207154000700509701008000093600000070020030000305900000006400,524831796167549382839267154682713549751498263493652817975124638246385971318976425
603008090000540003500069000400050000058001062200407901000073000127000004065800709,643718295971542683582369147419256378758931462236487951894173526127695834365824719
050004370000800400006309080080600097900010030003000000600001050300006040000000900,852164379739852461416379582184635297965217834273948615628491753397526148541783926
000000000090100000100900230700213050000000700300009006937060140280031600601590080,428376591593124867176958234764213958819645723352789416937862145285431679641597382
000600407004071000000040080400050001620907008050083000040000016010704000805039004,531698427284371659796542183478256391623917548159483762347825916912764835865139274
004020603006000802900000040001009004030250010629100350000082006060500020007361980,514928673376415892982673541751839264438256719629147358195782436863594127247361985
000054000680900040000080900504000709000507000709000250800021506900860072256700080,193654827685972341472183965564218739328597614719436258847321596931865472256749183
060000007070010000020400681080000109003807000050000000007690000038100000600700010,461582937879316254325479681784235169913867542256941873147698325538124796692753418
003008204014000350520043000300000040000005700080000000840109000100006430000200901,763518294914762358528943176375621849296485713481397625842139567159876432637254981
000952000450003070930000021000640800000000700293800004001596007070004080060708095,187952463452163978936487521715649832648235719293871654821596347579314286364728195
521030000403009080000000300000700004016004008700610003002540007060900002800000900,521837649473169285689425371235798164916354728748612593192546837367981452854273916
205000047060700035000350000602173409300005800150009370000900500900560000010028003,235816947861794235479352681682173459397645812154289376728931564943567128516428793
600000070070000349900040206000928007000000000482006030009260000000090000007400590,624539871875612349931847256153928467796354182482176935349265718518793624267481593
600003480082600000004028609290067003700005201001000000030000026806200030005300970,679513482582694317314728659298167543763845291451932768937451826846279135125386974
003020080006053070000600400000060020000000605062905841200000000009300704600000000,473129586896453172125678493351864927984217635762935841247596318519382764638741259
004600930000005070200080004500000000006953000340006502800034000032508040000060000,784621935613495278295387164579842316126953487348716592861234759932578641457169823
000010048814005027907030510001060200000007600060409000005200000100000082030070005,653712948814695327927834516741368259589127634362459871475286193196543782238971465
050008002020910003300007050004003010000070600000090305008000020003000004400000938,651438792827915463349627851984563217135872649276194385718349526593286174462751938
000300089009002030008700160903500014006810003415000008000001040000030000601408097,142365789769182435358749162983576214276814953415923678537291846894637521621458397
600007080820000643059680172200076000780000060036000800173002000902700000000000006,614237985827591643359684172295876431781345269436129857173462598962758314548913726
040869200800507000000243508080000400000000050150000000300000000400601020000304000,541869273823517964967243518682735491734196852159482637315928746498671325276354189
005800040104090005000040000000070200500000408000954000300069180008000502000080370,765821943184793625293546817416378259579612438832954761357269184648137592921485376
080549002000000050005000806200050647590060308300200000809300100470615980000090200,683549712721836459945721836218953647597164328364287591859372164472615983136498275
067800024001030000500207000000302615073056200056910000800720050700000480002080000,367891524421635879589247361948372615173456298256918743834729156795163482612584937
097040000000000000000800009943000005100302497572000600000098270009760004708000000,897546312435921768261873549943617825186352497572489631654198273329765184718234956
070010930108739006003400018000040007306200400000001060000500600600000004000960180,274618935158739246963425718512346897386297451497851362841573629639182574725964183
794500000080400000100307004007900000005670492000200000070009048000035000000004320,794586213583412976162397854237941685815673492649258731376129548428735169951864327
760180000000360007100705890401628000078000020000000089030006241000230708206000005,764189352589362417123745896491628573678953124352417689837596241915234768246871935
020083000470000390100047200300010000290000000600300000904030000852000030000098000,529683174476125398138947256347819625295476813681352749964231587852764931713598462
501000630000309050360005420040526000050000302216900004034000280020083000097050040,581274639472369851369815427743526918958147362216938574634791285125483796897652143
009605030406000000000230000681500207590702001000400609007806000000320495002000060,279615834436978512815234976681593247594762381723481659957846123168327495342159768
372080610095000040040510239007300000960700103800090004006140308009060000000073060,372489615195236847648517239517324986964758123823691754756142398239865471481973562
079400305000270900000500001205000467091064002000750100040023700000080000007000010,879416325153278946624539871235891467791364582468752193946123758512987634387645219
000060704845900120206008000060700030080520001000004000402300070000006500008070010,391265784845937126276148395564781239987523461123694857412359678739816542658472913
074090030000080260600300090802000410096800003507020006020675000415200000000018002,274596831953781264681342597832967415196854723547123986328675149415239678769418352
034000720500000009000000000010800076000100008000000000002400800008529403001700062,134986725527314689869275134413852976796143258285697341352461897678529413941738562
162940500007000600085006230000000000000007080876034900000000003030070050000300827,162943578397825641485716239943581762521697384876234915758462193239178456614359827
830607001600010000010000870089360504000008360306409000000000087103000040070040000,832657491697814253514293876789361524241578369356429718425936187163785942978142635
690712000007630900030090160380040000400007090000981300000064500000000000071000600,698712453147635982235498167389246715416357298752981346823164579964573821571829634
200103008300000070810650300700305201040000080530420000003509000020030010000000035,297143658356892174814657392769385241142976583538421967483519726625738419971264835
200007008130000670800500009500030080081709400020060030000000010602090000708400503,294617358135982674876543129567234981381759462429168735943875216652391847718426593
000000002800000400240730018700000243006000009420308000070000801080913507000076090,365184972817629435249735618798561243536247189421398756973452861684913527152876394
030018002500000087102040609300000010005000090000164200001500020070001000008306000,739618542546932187182745639324859716615273498897164253961587324273491865458326971
096008034010920576507104900053607428400005300008000700000002010700000000002010057,296758134814923576537164982153697428479285361628341795965472813781536249342819657
010700000760108000830200070203460000000980200600027050000670590007002600006004380,514739826762158439839246175293465718475981263681327954148673592357892641926514387
009830000060912570317460090001000000090000000008570030080300040002090005040700120,259837614864912573317465298431286957795143862628579431586321749172694385943758126
780400020901000680402013007000090100600120008009004000500230070006745810000900005,785469321931572684462813597247698153653127948819354762598231476326745819174986235
394010500000005301500000900400008205000034006010052008005080100008320009020000074,394216587267895341581743962439678215852134796716952438675489123148327659923561874
900700004050020630000040700040950000300160900109004000400670090006300000500000060,912736854754821639683549712847953126325167948169284573431678295276395481598412367
003900020005002067200803000054308000000417000310000400000030600000600008060009700,173956824895142367246873195954368271628417539317295486589731642731624958462589713
079200304806490750005087069004000000000100047600000230000030070003504000060002490,179256384836491752425387169954723618382165947617948235248639571793514826561872493
002003000931500008040001700000109006000000000009468072020000003000805004500046290,782693415931574628645281739273159846864732951159468372426917583397825164518346297
000050020000000000000000080000030468084005000903680207007000001090008735000097642,479856123861923574325741986752139468684275319913684257547362891296418735138597642
000407030075000400804601002080020000307100000020700080460208010000345200058000307,192457836675832491834691752986523174347189625521764983463278519719345268258916347
005602000000400350709000820600008000030005462072000000020940070000050030500007948,385672194216489357749531826654328719831795462972164583128943675497856231563217948
070000020800000100000006004607900002040068700090240000138070000000609010000500008,976154823824793165315826974687915432241368759593247681138472596452689317769531248
041570690000300241000000730906100500030006187000003004200000000060000010090600000,341572698657389241829461735976148523435296187182753964214935876563827419798614352
100030400400005320235000001001004906040020070000000014910583760003610540560009000,197236458486195327235748691721854936649321875358967214914583762873612549562479183
073000892108020000642300051020074009004600075060000000000000600000700000030900040,573416892198527436642398751325874169814639275769152384957243618481765923236981547
052801070008097026000005030001050280095072100200004090104000957020000000000000000,652831479318497526749625831471956283895372164263184795134268957927513648586749312
304001800800040600020000700100657000000034500405000076760000005203000000018093060,394761852857249613621385749132657984976834521485912376769128435243576198518493267
000300600210800500000000021005000100000005060060009005057000004003000010001400958,598312647216847593374596821735624189189735462462189375857961234943258716621473958
915004000400002500008009000750000308000800619609000005803000056102600900006038100,915764832467382591238519764751926348324857619689143275873291456142675983596438127
010700904080200700060009280805000109000000000100900008601090800050360400304008020,213786954489235716567419283835627149946851372172943568621594837758362491394178625
000006000000730096000000701100460008080000064360000000710000023400000010296300800,973126485851734296642985731127463958589217364364598172718649523435872619296351847
608504000400000000900806047800150003007000120091700054300017062060000400080645000,628574319475391286913826547846152793537469128291738654354917862169283475782645931
600000042080270000050680007049000005001009000800000060000000400308006571000107000,673915842184273659952684137249368715561749328837521964716852493328496571495137286
600078000910040300032001000874160030109023400006000907400015702000207003280400000,645378129918542376732691854874169235159723468326854917463915782591287643287436591
075400983400010700020000000200000890000920600310006005040070020732009140000204300,175462983496318752823597416264735891587921634319846275648173529732659148951284367
000900172700142006000800904030090840400507603006084795000601208000000010058000000,845963172793142586621875934537296841489517623216384795974631258362758419158429367
001543002004978360000620000900000040000105089000000200000000700029006008007000005,691543872254978361783621954916287543472135689835469217148352796529716438367894125
000502000700000153000174008080003975050090032009780010000007080060000000004006020,618532497742869153395174268186243975457691832239785614921457386563928741874316529
064809000000050610050600398000000060600400000020700840030070052205000000070026103,164839725983257614752641398348912567697485231521763849836174952215398476479526183
400002890060801070030490102000620040000700068004000030003209000100500489509064003,415372896962851374837496152378625941291743568654918237743289615126537489589164723
000003009900000002000002030500708001092614580078090400010000304800040900030020800,281573649963481752457962138546738291392614587178295463719856324825347916634129875
008001007040000000010080000001070006000100578000000900060003480004290700207604093,598341627743562819612987354851479236429136578376825941965713482134298765287654193
970501000000400001100000970736040000000005630500000020040000002820004300010080400,978531246263497581154826973736248195492715638581963724645379812829154367317682459
007300000000700004045090003350002400028419000009000087932000008070030000004007000,697348152183725964245196873356872491728419536419653287932561748871934625564287319
700080000000000000590400000400006710600901800800000009004008360008065000003000508,742683951381529476596417283429836715637951824815274639254198367978365142163742598
201080605706000008080000007300005000008002013600000500020007956007006800004000200,291783645736524198485619327319875462548962713672431589823147956157296834964358271
000500000400700000070900605003200000000080310040130067080610000604000008300000040,936528471451763829278941635163275984597486312842139567785614293614392758329857146
000600000209180500047509800002004000000000009000090620190075000078003000020000000,815642793239187564647539812962854137381726459754391628193475286578263941426918375
040078035050612400700500821000260000027095380096000000032000008075000100900006200,241978635358612497769543821183267549427195386596834712632451978875329164914786253
470009000000000340003074019000085006506020070007000500028403000009007482040002000,471239658952618347863574219314785926596321874287946531728463195639157482145892763
000340000000000003003001004009257130006900000000463050935020087720500001010000000,197342568842695713563871294489257136356918472271463859935124687728536941614789325
200000008000030209900020005700040852000952740002100030690704003087215090001360000,263597418158436279974821365719643852836952741542178936695784123387215694421369587
000000800003600070000000106004001008500009347300006519600000095009050000105060200,961372854453618972287495136794531628516829347328746519642183795839257461175964283
000530010000002879040900506000700095009100002750320001690054007082001900500293000,978536214365412879241987536124768395839145762756329481693854127482671953517293648
000001743085300201000000000800906000001204060000000100000703000000690057000105406,629851743485367291317429685832916574571234869964578132256743918148692357793185426
007205000569003084300060007100026400000040000600080000901070000000000062000030000,487295316569713284312468957198326475725149638634587129951672843843951762276834591
082000340000018005105304900001800000700001050048000100203089000000600509096700000,982576341374918625165324987521893476739461258648257193253189764817642539496735812
900200000000000906016500002001075809060100005030900000070060090000003000052700003,987216354245387916316549782421675839769138245538924671173462598694853127852791463
500100003000375000000082004060010280020050019159020060004038000000590000705600930,572164893948375126316982754463719285827456319159823467694238571231597648785641932
049652001500010000000700080396000007700005843000000100203170590010300478000508002,849652731567813924132749685396481257721965843458237169283174596915326478674598312
100060043705009026032000950800003600200708000500004200001000079920100000000000400,189562743745839126632471958814253697296718534573694281461325879928147365357986412
043500000027000500000070930008000000092007000000000687004910026059048073860030005,143529768927386541586174932378461259692857314415293687734915826259648173861732495
002009008830040090590278364200100800000903040004087010023710000006000000010036700,642359178837641295591278364279164853158923647364587912923715486786492531415836729
010005000850000203027000000760000009102400030300000006000050361030060000000730800,413825697859617243627349518765183429182496735394572186278954361531268974946731852
040520670705100300900000005560000841130040050490000006203000000000463000600201500,341529678725186394986374125562937841138642957497815236213758469859463712674291583
000006080007300000000200701350001860800600010000000040070900008008067000020508006,213796485487315629695284731359421867842679513761853942176942358538167294924538176
000000600010000000000050014007501820008200500300800400436700000720000006985012000,579124638814376295263958714697541823148237569352869471436795182721483956985612347
000050067000020000100900520010000300000500200000130890050260000600010940070003000,829351467567428139134976528218694375396587214745132896453269781682715943971843652
000000890800010060400000020030000040700100208002850100000020007074501080060080352,316275894825914763497368521138792645759146238642853179583629417274531986961487352
009600100030790462410203000301806000800500014940000850000060041090010000004000038,729654183538791462416283597351846279862579314947132856285367941693418725174925638
005000000000000004600000385000003000000800000309000548040950006010004000982006450,435628971198537624627419385854793162261845739379261548743952816516384297982176453
000971020009000005800602090000100203004200007000760850590806432020400506040000001,465971328279348615831652794756189243984235167312764859597816432123497586648523971
600003920002706010010280060180024600006050180200800000060500001800039054059040030,678413925532796418914285367185324679346957182297861543463578291821639754759142836
020004017000032460800750200600000100000600375500147086001000000046280700700500000,923864517175932468864751293687395124419628375532147986251476839346289751798513642
040060300500080000800090045432007050000450800000032410300008004054070008070300000,147265389593184672826793145432817956719456823685932417361528794954671238278349561
000702060402900701000401820000096205056300000090800300007608002360007900008000000,519782463482963751673451829834196275756324198291875346947638512365217984128549637
000108060000620000065000830000970082798000400000503000000000194040001000009000078,974138265813625749265749831351974682798216453426583917682357194547891326139462578
004070002000904830608520000000000701000000020007800000000040000840096070120000090,394178562512964837678523419236459781481637925957812346769341258845296173123785694
000700930400053000000190425504900000000500394090300000600030019100609000000005002,825764931419253876367198425534982167286571394791346258642837519158629743973415682
040000570700000900000000108017000000090632000000000802070000009902070680684000001,841923576725186943369745128217894365598632417436517892173468259952371684684259731
600002400045098000000053690083940000004021006010500040068005000000000064000000170,639712458745698231821453697583946712974321586216587349468175923157239864392864175
718000000340009008592008401200400000009036000000980705020003194900000300003890000,718345629346129578592768431285471963479536812631982745827653194954217386163894257
000318090004200800301400002000000381900830070038100000869500000150780946003000150,627318594594276813381495762275964381916832475438157629869541237152783946743629158
000000000380007000000200830802004003730100400000370000658730104000420300243081905,924813567386957241571246839862594713735168492419372658658739124197425386243681975
086000000571008000023704680000000070050807000704906000600009000008000103000200000,486312597571698342923754681862531479359847216714926835635189724298475163147263958
000040000820690014000000897002400600041000200003070000700500160400020000200960000,159748326827693514364152897972415683541386279683279451798534162416827935235961748
000007050305804001012030070000402030007003040034000000083000000040350000050000403,698217354375864291412935876561472938927183645834596712783641529246359187159728463
000500310000680000000000000034709060508000900000000400190072005020003700040800100,789524316351687249462931578234759861518246937976318452193472685825163794647895123
009016080512000070038000401900004800000007600320968000090075308000000007703601000,479516283512483976638792451967154832841327695325968714194275368256839147783641529
403007800506100200900080400050070000700500040600000002060032004070001620002650700,413267859586194237927385461254976318731528946698413572865732194379841625142659783
003906480200000306007003512002000050000239000070465200000612043300000000600000805,513926487248751396967843512432187659856239174179465238785612943324598761691374825
005800709407512860608009000100970000000600140070000906080100072250007080746080000,325846719497512863618739425164973258539628147872451936983164572251397684746285391
700051680400300700000970300070000003800000160103000259300542010204000000590600072,739251684452386791618974325976125843825493167143867259387542916264719538591638472
200003970057204080430000600000601000600007000019000200700000050000070400096450708,268513974957264381431789625375621849642897513819345267724938156583176492196452738
000000200000300105001500000000050400000421300005700028000240600092605001080000072,538917264746382195921564783263859417879421356415736928157248639392675841684193572
070001365000000000530090000057800601020300400600000023100000030000500716700030204,978241365214653978536798142357824691829316457641975823182467539493582716765139284
400000620305026040610008050000080012000297000703600005000000200207000080001000064,489135627375926148612478953946583712158297436723641895534869271267314589891752364
463100578900000000500687040090801000008950107006000000000000800600048701000000020,463192578987435216512687349395871462248956137176324985721563894639248751854719623
501000007000590000070008204054030009090001000000080000000004078040073005780100006,531426897428597613679318254154632789893741562267985431315264978946873125782159346
300025810250080300810400060100060004400008000000240073000010758730054900020007406,346725819259186347817439265172963584463578192985241673694312758738654921521897436
006200103000549806092063000931004602400021000007000000050012000310000004008430509,546278193173549826892163745931784652465321978287695431654912387319857264728436519
584301090000540380030000000400102608302000000100700000010475000003000000725000000,584321796691547382237896541479152638352689417168734259816475923943268175725913864
014906000000000300000020100700002931050000274023000068001273050000004010200095683,514936827872451396396827145768542931159368274423719568681273459935684712247195683
009020000006574198400096370000350000500008700002417030100709080020001900090005010,879123564236574198415896372781352649543968721962417835154739286328641957697285413
025304609000759080000620040000000100530100004041805362000208000300007900172000000,725384619614759283893621547287463195536192874941875362459218736368547921172936458
040189067600003020000050000050360000000820000400001080000002001062000800000008096,245189367618473529379256418851364972796825143423791685984632751562917834137548296
706240000294751000050008004020000509000000000007005601400300706070510800005060042,786243915294751368153698274821476539569132487347985621418329756672514893935867142
000000071200500000060002539784103000000724060002000700901040350000300100050210490,345698271297531648168472539784163925519724863632985714971846352426359187853217496
203001000000000100000560400006907240732000890504002730300000000029010560000090320,273841659645279183981563472816937245732654891594182736367425918429318567158796324
000408900000037006670500040584000020000001705760025000200000630000603000090752104,135468972849237516672519843584976321923841765761325498257184639418693257396752184
000000005568020093970065400000300067800000050007000820019006700300000000000000509,142938675568427193973165482254381967891672354637549821419256738385794216726813549
090736400200180007007920000054070100000000070010040000905060040078050006000090750,591736428243185967687924315354672189829513674716849532935267841478351296162498753
030625947000000350000900080000400003000700000080000500006000200003109705075000000,138625947629874351457931682561492873392758416784316529916547238243189765875263194
008060300200030708031009200000025107000000804000704050507090402000048070000050903,798562341256431798431879265684925137975316824123784659567193482319248576842657913
600000200705006000000503000360180004100000008900400000523010000000004100006000075,639841257745296381281573469362187594154369728978425613523718946897654132416932875
200653010000270046600419005820000007400800200007002080000784002000500100006020038,274653819195278346638419725823145697419867253567392481351784962982536174746921538
000768400000000000060000000003921700009470000000805021080000060006200098900000010,291768435437152689568394172853921746129476853674835921782519364316247598945683217
380000000000780613040000000030000050016305000005090000060030005000060030900508060,381629574592784613647153928239841756416375289875296341768432195154967832923518467
306080010100000700004500032240003009800190000790040000030900051580010020000050908,326789415158234796974561832245873169863192574791645283437928651589416327612357948
400279010000030040000605020000003080000100500000506030052000009040000302800050100,435279618296831745178645923514793286683124597927586431352417869741968352869352174
700059000093100000005000600278000019000002080500001270007400060050000140406010008,712659834693148725845723691278364519931572486564891273187435962359286147426917358
803200060090850100070930042009071628000429001000000000904080210005040000700090000,843217965296854137571936842439571628658429371127368594964785213315642789782193456
000090084010320590000000000070100800109060032340752010000000621000086409007040008,723695184816324597594817263672139845159468732348752916485973621231586479967241358
030700081000000006000080500000008050000001024000670900100400090290007003040009862,639745281851392476472186539914238657786951324523674918168423795295867143347519862
000017306003800007007000900000000490109005723270000000050068030300520000000931045,495217386613849257827356914536172498149685723278493561954768132381524679762931845
705002000060930705030000800200403900000080000003000564027008400000060300300000090,795842613468931725132675849216453978549786132873129564627398451951264387384517296
000001600030508000000003005000100800001082000002050300005240063060839201029005700,957421638436598172218763495593174826671382549842956317185247963764839251329615784
053417062000000004807600051000000000061040205000000410090003540000004000734980000,953417862126358794847692351482571639361849275579236418698123547215764983734985126
000040168007581203008060000000000001000000004300000007700000800080005300139007056,253749168467581293918362745542973681871256934396418527725634819684195372139827456
008090000000380060090000000009000030831209400004135208910000006083000702760408000,358694127247381569196572384529847631831269475674135298912753846483916752765428913
614905000200080000000020000300256009020000056006800030460098000007002600000001000,614975823275183964938624175341256789829317456756849231463798512197532648582461397
002560701100208600000000000506109003030000026041620589093406017000000900000000004,382564791179238645654917832526189473938745126741623589893456217415372968267891354
900020004100050700000900306306400500720060401045100000000210940480703005290500003,938627154162354798574981326316472589729865431845139672653218947481793265297546813
200048000300061075010000000000035100073410000001070392402007000000000004008000760,265748913389261475714593826826935147973412658541876392492687531637159284158324769
005370206700000098000920500000000060257060000600040002000000180000000007000700650,195378246762415398843926571418239765257861934639547812974652183586193427321784659
000008000510260400030010006000006307000073952093000040001307060970000000000600700,642738195517269483839514276285946317164873952793125648421387569976452831358691724
000800500008035790020000030102400000000170082000028610000562043051084000000700050,693817524418235796527649831182456379965173482734928615879562143251384967346791258
946520300030069000750000900293170050000980010060005097310002040000840030000790100,946527381138469572752318964293174856475986213861235497319652748527841639684793125
904500300060010000030008600000001500000020100000807000000090700192005083670400201,984576312267319854531248679726931548859624137413857926348192765192765483675483291
090500008004801200800070540003700004080004100705900800000000601000400000327108400,296543718574891263831276549163785924982634157745912836459327681618459372327168495
490003001000000080861040030006002700037000560908076000013020040000134200520008010,492583671375619482861247935146352798237891564958476123713925846689134257524768319
000007009940000673007000000600000047050000290008900000070009504000050900500002700,236547819945218673817396452691825347754163298328974165172639584483751926569482731
400500290096000000070009030040000060820000043000002000002310000910700300034895100,483567291296138475571249638147983562825671943369452817652314789918726354734895126
710609040920130580063008970040060000000000450179080030052004709000503800080090000,718659243924137586563248971845362197236971458179485632352814769697523814481796325
000710030070009000060238759000005841000004500004001003019457300000603000007100000,925716438378549216461238759296375841183964527754821963619457382842693175537182694
000000940060004300000010200600000107807000000000000029052930610100700500900000002,378256941261894375549317286623489157897125463415673829752938614136742598984561732
560004030409300560012600009923160000050000000106000000000000000605001000200008603,567984231489312567312657849923165784854729316176843925798436152635271498241598673
000001006001240000005000217000097060000402000102000894040000638200658000008700005,829371456761245389435986217354897162986412573172563894547129638293658741618734925
002400098905020000000000050000002000030089010009760080050000070703001860600000020,362415798975628431814973256586132947437589612129764583258346179793251864641897325
102753000030204500045690000070518046000900000500020000000100450301470002000835001,192753684637284519845691327973518246268947135514326798789162453351479862426835971
007000380030005271008700400000400150050000000100038600900000000765300912300200000,427619385639845271518723496896472153253961847174538629982156734765384912341297568
600801500000700001104000020000203800200470035380000040006080450415902700020300916,693821574852734691174596328547213869269478135381659247936187452415962783728345916
000040060009001452413020000526170000000002670907080210000005020000060540005098130,852749361679831452413526987526173894184952673937684215368415729291367548745298136
000900020000000008908060005000200803020000070000000040480010950032000006090720004,541983627263547198978162435714295863829634571356871249487316952132459786695728314
080000000000000980006000000860004592500720803020500010000805027004010308050002109,982471635175263984346958271867134592519726843423589716631895427294617358758342169
100000000000349601006000078080900105000460300703085000630508000500004800400020006,142876539875349621396251478284937165951462387763185294639518742527694813418723956
000000060300870040801000000517920084086050203000000050002304000003080000048000300,724139568395876142861245937517923684486751293239468751952314876673582419148697325
004056370700490000065001900209500046006000002001020000000700000007200560308065207,924856371713492685865371924239587146486913752571624839652739418197248563348165297
009000306000600008085473000706030810098060004020000900004000020060050007007006000,419825376273691548685473291746539812598162734321748965154987623962354187837216459
000903000603004200800627001000109630007800009001076850000708120500090000010030060,172983546693514278854627391285149637367852419941376852439768125526491783718235964
400000000600090520058401007803700650500006009096230048104003070030000000065070000,429567381671398524358421967843719652512846739796235148184953276937682415265174893
000400726300901000000008000007100502502006030010850009709000060005087000001360000,198435726376921845254678913967143582582796134413852679729514368635287491841369257
007205083803090025000000140000000000200030500004008090070009300300010900000357010,917245683843196725625873149796521438281934567534768291172489356358612974469357812
000002000006000000005000004020050409000000000000800276060408037804920001900035800,749582163316794528285361794627153489498276315153849276562418937834927651971635842
000700000500030806478156002001060720000800941705402000024597100000001460180000000,369728514512934876478156392841369725236875941795412683624597138953281467187643259
000700000400630205601002740700003008008000000030000060006000531000000800024100906,283754619497631285651892743742963158168547392935218467876429531519376824324185976
000500096004600750036000240009300000020004907000000020050108002000070009090000405,872541396914632758536987241789326514321854967645719823457198632263475189198263475
518000790943070002000000040000000005000900170007201409000010900209000010431000000,518624793943178562672539841194783625326945178857261439765312984289456317431897256
500300400100000000000800000070600030200905160000230009009500200005090010346080075,587319426193426857462857391971648532238975164654231789719563248825794613346182975
050008342040702000103005000000000900000907006500003100090800725705304690216500030,957618342648732519123495867472156983831947256569283174394861725785324691216579438
009203604060001000020000791047000005682090103900030207090017006000008000704059802,179283654465971328823546791347162985682795143951834267298417536516328479734659812
008623000000070600000080430382400100100050307000301080207915004000840000041730502,418623975953174628726589431382467159169258347574391286237915864695842713841736592
010960823000800000082500000000096030060078000009005760000381600006040100000059000,517964823693827514482513976275196438361478259849235761754381692936742185128659347
000050003300000000001006000709360180030094750214000309000000078000008430100000020,867459213392871546541236897759362184638194752214785369425613978976528431183947625
580000017010603800943170600000204900000015206060037000439000062800300450020000100,586492317712653894943178625158264973397815246264937581439581762871326459625749138
002007400000008000000602500049006180007480030800001904000074015003910806004063709,982357461765148293431692578349526187157489632826731954698274315273915846514863729
000520890009703400762400000000000689000000134010300000237001048050930000600070010,143526897589713462762498351325147689976285134418369275237651948851934726694872513
085000000002050000030000006000001785107285000003700002061090240000160053000024008,985672431612453879734819526426931785197285364853746192361598247248167953579324618
005641000006005000020080000008004009200816405704050800000500000070002563000060240,385641792196725384427389651568274139239816475714953826642537918871492563953168247
000047695040009002569002000000030000000820957005700003074060509000070400000001378,218347695743659182569182734427935861136824957895716243374268519981573426652491378
000006008200570090890024000009000203702300540000002071023800007010207000004600800,451936728236578194897124365149765283782391546365482971623859417518247639974613852
001500090000003080000102064840000000009634852002001649700000405614005000300740006,481567293267493581953182764846259137179634852532871649798316425614925378325748916
000000015200000738860000420030205001026830504000160080309000050070003806014000293,497382615251496738863571429738245961126839574945167382389624157572913846614758293
030000940200006000051042600060104098197030004004000016805063001673000209010000000,736815942248796135951342687562174398197638524384259716825963471673481259419527863
003916020005000803400300000000009285004100370708060000007504600500030100340820000,873916524195742863462385719631479285924158376758263491217594638589637142346821957
450618002020003000008000100080050009000080000000032078070840006061000000090005000,457618932129573864638294157386157429742986315915432678573841296861729543294365781
800700302035682000002930608620000100004000069000006000090107000003000016106324080,861745392935682471742931658627598143514273869389416725298167534473859216156324987
900000500000480067070000000400000805700000030200700090090238150103004009000000000,984367512312485967576129348431692875759841236268753491697238154123574689845916723
031000607080000904970015200400000006008100309060900000006800035850001002000350068,231489657685237914974615283419523876528176349367948521146892735853761492792354168
000012008700000304008700002070060100129000400684120700050006047060070890907280500,436512978712698354598743612375864129129357486684129735851936247263475891947281563
005690170900300020001005936000000002807420653000000400006004000080000240002000000,435692178968317524271845936594163782817429653623758491756284319189536247342971865
040760002605000300009300000063900000050000000100050700000590003037800020506200017,341769582675128394829345671463971258752683149198452736214597863937816425586234917
317009000600005032092006000800000000003040200001950040035178000709060000000000074,317289456648715932592436718874621593953847261261953847435178629729364185186592374
000001009090080070040000081050140020423078600070300000760815034009030000030007050,687521349291483576345769281958146723423978615176352498762815934519234867834697152
070000060003000020210060087380006000000179000000000510006087200000000640940620170,879214365563798421214365987381546792452179836697832514136487259728951643945623178
600000200005082400724000000309060082000900060462010000000206347236000800540000020,683541279915782436724639518379465182851923764462817953198256347236174895547398621
040000081185209070027100090004000000500000900301002846036020008000080360800306407,943657281185239674627148593264893715578461932391572846736924158412785369859316427
200080000000020007003410208000030405050094006004070000060000000072900000100002900,247685139581329647693417258726138495358294716914576382469751823872943561135862974
000560800000010305000000641901002783603080050207935064400000010300050400100290000,714563892862419375539827641951642783643781259287935164425378916398156427176294538
000040080009070050007961043006002030905013000020080090603709400700834010040000300,261345987439278156857961243186592734975413862324687591613759428792834615548126379
012600000000050002000020160005039001030200605000006090054000006008064500200795010,812643957396157842547928163685439271439271685721586394954812736178364529263795418
305002160000090000020070800050030621006710000004005300580040000000100400003000500,375482169148396275629571843857934621236718954914265387581643792762159438493827516
200000053000001807007039000100600974800090060000340018006000400400073086058006020,289764153643521897517839642132685974874192365965347218726958431491273586358416729
902000000018046700364250810039500001100000900007009000280000100600802390000160080,972381546518946732364257819439528671156734928827619453285493167641872395793165284
840500002006107400200008500710000009600000007000201080178040000000019040400300075,841536792956127438237498561712864359684953217593271684178645923325719846469382175
080200009200009000009000004020596000001478062008301490000010280043082050802035040,486253719275149836139867524324596178591478362768321495657914283943782651812635947
000043000085000007900007030610000000530006020470005009200008900840069215700400006,167543892385921647924687531612894753539176428478235169256318974843769215791452386
030000040061900000480000900892000000100600020050400000000047208003000406000200001,937826145261954783485713962892175634174638529356492817619347258723581496548269371
804000000065072001010060003000590014500023600479000020006000030000039040002000900,894351762365872491217964583623597814581423679479618325946185237758239146132746958
120070003800000790005006000012050070000000000704809301500703206061000000200000805,129478563836215794475936182912354678683127459754869321598743216361582947247691835
204006009030400002001273068007060905000010043315000026000528000028900000009601000,274186539836459172591273468487362915962815743315794826143528697628947351759631284
100900050023500709006701004000000600000100902000000071090075100065400007000309000,147938256823546719956721384571293648684157932239864571498675123365412897712389465
328516007940000601001070200000082000000005080000000000000040109004039800269100300,328516497947823651651974238796482513412395786583761942835247169174639825269158374
000000204906370805000012030210047300000205000000096500390000050052060003080400700,137589264926374815548612937215847396469235178873196542394728651752961483681453729
020004008000001000000500096060008007301092080850000001000016850705249103016005009,523964718697821534148537296964158327371492685852673941439716852785249163216385479
000009710090703068700000000453800001201004000068000000000000005500000000807005006,635489712192753468784216953453897621271564389968321547346178295519632874827945136
981000000720130904050000000497000008208000507000907203000000001009070050040000739,981724365726135984354698172497352618238416597165987243673549821819273456542861739
017590060000003040000200005549080037100040000000000510800960070002030908900807001,417598362285673149396214785549186237123745896678329514851962473762431958934857621
602003009000000380000081600040709030061000702003060800800000000025008001006000040,682573419159426387437981625248759136961834752573162894814695273725348961396217548
008900006001000000056120873504801360807300000613007000000000701000000600105780900,278953146341678259956124873524891367897365412613247598489536721732419685165782934
200007040800001000005000700600100500000050000304762800418306970007400000020900300,263587149879641253145239786682194537791853462354762891418326975937415628526978314
549000002070000569306070400003020146600817200005000070000700304000084007407000800,549168732871243569326579481783925146694817253215436978968751324152384697437692815
900520008705030040000904020010000005000001060097056204000000000651000002070605400,964527138725138946183964527216493875548271369397856214439782651651349782872615493
023650084580000003000380002145036000069500031000400065090003200600020010200005000,923657184587241693416389572145936827869572431372418965794163258658724319231895746
853290000001000000042870900010706000000410000360052014400000186080140000030028097,853294671791365248642871935214786359579413862368952714427539186986147523135628497
070100506002009013001000400030090240240075008000004007020007081000080000090000004,974138526652749813381562479736891245249375168815624397423957681167483952598216734
402978030760430000090005040570309000100500009809000005610803070040050900000140000,452978136768431592391265847576389421134526789829714365615893274243657918987142653
380040020400000091000030400000002900091400502243000007520097000670080200000060000,387941625456728391912536478765812934891473562243659187524397816679184253138265749
701500020000763510065021700670005000098000000004870306100650002050002901000000035,741598623982763514365421798673245189598136247214879356139654872457382961826917435
400750031500083026000002007040071080935026000781090002050200000000005008309000060,462759831597183426813642597246571983935826714781394652658237149124965378379418265
000008090900003100108000053300205000057301000620007000700004000000006870000089500,435618297972453168168972453349265781857341926621897345783524619594136872216789534
008027000001540000970000240150002004000030000000090520007016000010009300000700951,348927165261548793975163248159872634726435819483691527597316482814259376632784951
000000025305700040092510007004200103010036074030000000140925000050300010003600409,671493825385762941492518367764259183519836274238147596146925738957384612823671459
030000000592040087000023000201060500000304800380902470073000105805407200000095030,438579612592641387167823954241768593759314826386952471973286145815437269624195738
001600007000301000009857040006070005003510796700900203037090501028100000405700008,841629357572341869369857142196273485283514796754986213637498521928135674415762938
905000634000060700076000800607000003000000006003400050400070308738040500009630070,915782634842563719376914825697851243154327986283496157461275398738149562529638471
000910000090270500003050000005609000000000350700000618608007000007000005012300070,564918237891273564273456981135689742486721359729534618658197423347862195912345876
805003019002089005900100008000001006000004107010006050000052080250008000390007560,845263719132789645967145328524971836683524197719836254476352981251698473398417562
030000100014376080080000000000040000900031006000000340020080400098405000000210008,736598124214376985589124673357642819942831756861957342625783491198465237473219568
146072039007400200020600000710593600000026000600080070305200097079008052200000060,146872539857439216923615748718593624594726381632184975365241897479368152281957463
375000000100000005040001000807500040090000020200009086500000600003020900062000710,375648291128973465946251873837562149691834527254719386519487632783126954462395718
093007040416005080200614000154000000300500010020070350900063008701040905800050006,593287641416935782287614593154398267379526814628471359945763128761842935832159476
000304200010000030374060000090000000000000120001030000900000052120640080007000014,589314276612897435374265891796128543438576129251439768943781652125643987867952314
000003014038021907016905028004000009561007000029300100000800040045109830000006090,952783614438621957716945328374518269561297483829364175693852741245179836187436592
502060003040800000000057080135006092006500040800132050713400008420008030600000074,582964713947813526361257489135746892276589341894132657713425968429678135658391274
020013469004809071000000300010985040690300000000060980456290000087030504100500000,825713469364859271971426358713985642698342715542167983456298137287631594139574826
300900500000000000000400000000109270007006300000020060008004907074000013900517042,342971586781365429659482731863159274217846395495723168128634957574298613936517842
043860010906021307007095600000040000080002000000030206500000100000710405000004708,243867519956421387817395642762549831381672954495138276574986123628713495139254768
900000100057000902000025000200000800090060540704589021100700460500610080609800000,926378154857146932431925678215437896398261547764589321182793465573614289649852713
290408000504000009000003254020080000000527901057300680030802000000000496045700300,293458167564271839718693254421986573386527941957314682639842715872135496145769328
490000000000405000730900000183002000570004000209150008007009183008017069900000020,492738516861425397735961842183672954576894231249153678657249183328517469914386725
800010960714800000009000804040000009000104000000200000006900050000540090052300148,823415967714869523569723814148657239237194685695238471476981352381542796952376148
080000000600003970150000402065002700002000094400000060000306807200790003800001609,387924516624513978159687432965432781712865394438179265591346827246798153873251649
140000260805047190000090450000000080070300001080000030050400902012036005000005000,149853267825647193367291458236514789574389621981762534653478912412936875798125346
003700002096002005001800000079230050034001000502000043060000827007000069020050430,483765912796412385251893674679234158834571296512986743365149827147328569928657431
400008030503004000107000200000000006810000000200000710652000800740020003000050002,496278135523614987187395264379581426814762359265439718652943871741826593938157642
000000720008003400090420000001300070000082000624000580000005004340060010060000000,413958726278613459596427138851346972937582641624791583789135264345269817162874395
024008006065040000070000304200800563093000210806200007600182005001304002000506030,324958176165743829978621354247819563593467218816235497639182745751394682482576931
050000060302000058080005901200100009500078034010040200005020000020030807400690000,159482763362719458784365921247153689596278134813946275975821346621534897438697512
060900807089603052007005094600050020300067400000090001020086000700002908800410006,562941837489673152137825694698154723315267489274398561921786345746532918853419276
506740001002080090000090070050060020000000080060004150680205300005000000000000705,596742831372681594148593672853169427421357986967824153684275319735916248219438765
000056070010030920007000000001090080090700002300480090059020040070010000643000209,982156473416837925537249861721395684894761532365482197159623748278914356643578219
004169000000300000000000000013000807800037100007000520000418000000703010008200004,384169752261375489795842631513624897829537146647981523972418365456793218138256974
057840090100720000000005047800050002000007010721030600506402700000000060010506004,257843196164729358938165247843651972695287413721934685586412739472398561319576824
807000000043000000095000007960300050000850069000690030076000900500000600100000500,817963245243715896695428317968341752432857169751692438376584921524179683189236574
002850000009602000060000002600000015090007080080015000000000300076590021900038500,732851649519642738468379152647283915195467283283915476851726394376594821924138567
036700020020000080080629030000090078019080003078200041700010000402003005050902300,136748529927135486584629137645391278219487653378256941763514892492863715851972364
590427800070000000100000740080040009900000000000003580005060000019080000007030010,596427831374618952128359746782145369953876124461293587235761498619584273847932615
000000005090004006028031904740100000900700000000090480000400058054009701070000040,461978325397254816528631974743186592985742163612593487139427658254869731876315249
000106000000000016160002009030200900804017520000403007002008004010004008008061700,489136275275849316163752489736285941894617523521493867652978134317524698948361752
608510200723000054010030000054023600006940072000650000000006700000370000800000005,648517239723869154519432867954723618386941572172658943435286791291375486867194325
020090350000463001000205090009012500107004009000000417800000940900040105050000062,724198356598463271316275894649712538137854629285639417871526943962347185453981762
100502080600800000700030005000006000040001090960040070000000007009020001500408900,194562783653817429728934615815796234347281596962345178286159347479623851531478962
930200640800006790607890350000000000070403080510002000000150923000000006790020000,935271648841536792627894351384715269279463185516982437468157923152349876793628514
080091726000507804006000000817200060400600007000705001040900000000000900000000000,584391726231567894976824135817243569453619287629785341142978653765432918398156472
000520060700080930800000020100800000502040800003760000000030010610207080058014602,491523768725186934836479125147892356562341897983765241274638519619257483358914672
080000900094000000360005400700006800000500002000207000000620070059370064070850000,187432956594768321362915487725146893618593742943287615431629578859371264276854139
804060002507100000930047001640000000050870006001490805700953004195604000000708000,814365792527189643936247581648531927359872416271496835782953164195624378463718259
005000340000004001040390508050006720000240690604050080896010000000600007501009800,265871349389564271147392568958136724713248695624957183896713452432685917571429836
000013040096000300000400002000000400001205960600000200065042700800007004270000500,582713649496528317317469852923186475741235968658974231165842793839657124274391586
000006000000070002609021030002860100000007000980030000416700300000000005003000710,278346951351978462649521837732865194165497283984132576416759328897213645523684719
000000506000063810000050007683049000007082054002617903800000000000090060700125008,238971546574263819196458327683549172917382654452617983841736295325894761769125438
007000900029004000000200700908370050000000020060000007050490006240008070006000418,587631942629754381134289765918372654475916823362845197851497236243168579796523418
000000000000000090201095030703006000004000070060008400470059021020001007000007350,697213548538764192241895736713946285854132679962578413476359821325481967189627354
083000006700000000050070030000400093246000008000001060000009007000007905009200041,983514276764328159152976834518462793246793518397851462835149627421637985679285341
004000002320049000000250400090407000003005087000000000930800000080600730000570208,514386972326749815879251463198437526643925187752168349937812654285694731461573298
008090320200043500000000968002604009945000000003002040800000000300000607004000000,158796324296843571437125968782654139945371286613982745861537492329418657574269813
600042000002650301500000200000000040004000107000030002009400010000276500700010020,683142975942657381571398264365721849824965137197834652259483716418276593736519428
402090080670050293090263700010500070000801065045900000004000000003080400000000050,432197586671458293598263741816532974729841365345976128164725839253689417987314652
008029013100004700000030502000040001000000008410300000070000824030060000000502000,568729413123654789794831562386245971257196348419378256675913824832467195941582637
080009000300420006020000700915700000072000130040200000108000090407000360000000080,784569213391427856526138749915783624872946135643215978168374592457892361239651487
500000002000071000306000480060003009030009865000000203000080304048350001000910058,574638192289471536316592487865123749132749865497865213951286374648357921723914658
600713800072060000050008000030000000005306000000520900008450609000000408900080070,694713852872965143153248796239874561715396284486521937328457619567139428941682375
000350000070010000605409038100060003860102004000000006000500042080000300420003800,248357961973816425615429738154768293869132574732945186397581642586274319421693857
400200560007008040000001970000003005000006100051780000005600300040007000006000400,418279563697358241523461978269143785874596132351782694985624317142937856736815429
000200008820046090064070013000401906000000030005309080400003029200804060000652000,791235648823146795564978213372481956948567132615329487456713829237894561189652374
096430802000600941040000500070100000060504008019000050900010024020900000080200310,596431872732685941148792536875129463263574198419368257957813624321946785684257319
018060450040002001090004270000000700000846002183200500820050607000670000004020000,218769453347582961596314278462135789759846312183297546821453697935671824674928135
000002700073014200000000300007100000200000036950200000005020090030001000620970803,861392745573814269492756381347169528218547936956238174185423697739681452624975813
076905002025000693009200045000604500700001009962073410000000000200100000500067230,476935182125748693839216745381694527754821369962573418617382954243159876598467231
200010870000000006000340050002000100067801009030700685970080503040170098000954700,253619874489527316716348952892465137567831429134792685971286543645173298328954761
080002006000000400000000003000000200050306007060820300090630705310004602700000130,583742916971563428624198573839457261452316897167829354298631745315974682746285139
000001003008246900006030040400600090800100000010403000001094027040010000000000010,294571863138246975576938142452687391863129754917453286681394527745812639329765418
006000200000000000008530000057123009004670010002000700000040000003000068000361004,146789253539412687728536491657123849394678512812954736961847325473295168285361974
000605080307040000000000004001003400630020198008901003109007640003050000002190005,214675389397248561586319724921583476635724198748961253159837642863452917472196835
300860020061309000080407300090000100600073800000094000170000003030010200058002907,345861729761329458289457361593286174614573892827194536172945683936718245458632917
000000003080715026702000000009000010340001002000007000008000000000600058637208900,154862793983715426762493185879326514345981672216547839598134267421679358637258941
007305000008000901000810500000079060000051000050438102079060000000007240485003700,147395628568742931923816574814279365392651487756438192279164853631587249485923716
000004930075030084309000000800000000701080240056143070002708000000010760007062008,128654937675239184349871526894527613731986245256143879462798351983415762517362498
600000008029030540000127903000000710106003005000001030000000000910008300300000000,631954278729836541854127963293685714146273895578491632482369157915748326367512489
900200008000500904080190203500002700200000380001008462416000020000020007000945130,945237618123586974687194253538462791264719385791358462416873529359621847872945136
904600008007000400200004075430000000006000090800093100090036080040180029000070531,954627318317958462268314975439861257176542893825793146591236784743185629682479531
070230000060000300400605009000790060702500000090080000000007853004320097100000000,579238641268914375413675289341792568782563914695481732926147853854326197137859426
501000000004000720000305900608091000300604800205800600900400150000139200102060040,591728436834916725726345981648291573379654812215873694963482157457139268182567349
089406000000958402010732080104809200060000500800520009700000090000090600001040000,289416753673958412415732986154869237962173548837524169746285391528391674391647825
000730204000000007000406030006107000409600075070948060043019000751060020290375000,965731284134582697827496531386157942419623875572948163643219758751864329298375416
005002100670400083901037200060300590000070430000040608706000000104089726000000000,385692147672451983941837265467328591859176432213945678796213854134589726528764319
706000890080000600400600002090270000004910200000003900009060400645700100010042009,726435891983127645451698732598274316374916258162853974239561487645789123817342569
809716005000500400005800000986005710000007006020080903000000049100208037050079002,849716325761532498235894671986325714513947286427681953672153849194268537358479162
700050008000001000950008010000097804009000001005004060007160083100039005600700100,716953248248671359953248716361597824479826531825314967597162483182439675634785192
030080004000004590520090081012500006000100000600000000000020000401079060060451000,139685724876214593524793681712548936983167452645932817397826145451379268268451379
600001470810700063000608000900000300000300000038500006380000050260000007500000210,693251478812794563754638921975186342126349785438572196381927654269415837547863219
207039005000000700000050000800001000001000200000078000400300821000805406008400500,247139685165284739389756142894521367671943258532678914456397821723815496918462573
003000000080042305206300100300001074807005030000700908000500890075090213000207000,143659782789142365256378149362981574897425631514736928421563897675894213938217456
008001900009000803000080040000064701010803000000007080006030050100400007054006000,368241975249675813571389246982564731417823569635197482896732154123458697754916328
009380201000040000075090000000908602520000009930007000000000100050800020000124060,649385271183742596275691384714958632528463719936217458862539147451876923397124865
000000002300100065100600439000400008090020650023000004057090080261843000900050200,586934712349172865172685439715469328894327651623518974457296183261843597938751246
004020170010049830070008400002004090743900018006030004000075001000000300060803040,834526179215749836679318452152684793743952618986137524328475961497261385561893247
400100500063200700097000820006090301050013200200000940080600100905047000672031400,428179563563284719197356824746592381859413276231768945384625197915847632672931458
980700600406030000020000800800350000700840000000190040608470900100023080000080000,985714623416238597327569814841356279793842156562197348658471932179623485234985761
100000000907648005804215070700000050000100020026054000000001032070009000500080000,152793648937648215864215379781926453495137826326854197648571932273469581519382764
907005403320040805408006010100000300040980000800017006280000000000402000000030600,917825463326149875458376912175264389642983751839517246284691537763452198591738624
007000080600007300400800710030750069006090570009000030000000020002030040083240107,327415986618927354495863712831754269246391578759682431164579823972138645583246197
605740000008050000904006000200000006340105000809070000072000000003219700090030081,625748139738951642914326857251893476347165928869472513172684395583219764496537281
030020460010000032200050010300002190000008274000019083090204050480005700000000040,837921465915476832264853917378542196159638274642719583796284351483165729521397648
900200004040003560003009170030090000080061040070050000090004200004025000000007000,951276834247183569863549172136492785582761943479358621398614257714825396625937418
000172649400060082200000150000800000095006430002700005000000096004607023006500000,358172649471965382269348157643859271795216438812734965537421896184697523926583714
250000080870500009000040005002000478705190060436008950060015000047002500000039800,253967184874521639619843725192356478785194362436278951368415297947682513521739846
647821005000040710000790820800007060000000002000060000900004200305079040410600090,647821935298345716153796824824517369769483152531962478976154283385279641412638597
000000000070005680000000030300000091900000026000078400502809007706340500000000060,489236175173495682265781934358624791947513826621978453512869347796342518834157269
002064080000000001810209543000000402507002000009008000068705004000001006103000875,352164789974853261816279543681397452537642918429518637268735194795481326143926875
026578009000024600000060000870600900000000006600800007000400760504300010003080490,126578349397124658458963271875612934249735186631849527982451763564397812713286495
704000030009030000800070010000205000050000109070000060507300020000020605002540870,714659238629138754835472916491265387256783149378914562587396421143827695962541873
910002050000100000630000090093000600005291000804000000001900700089706200000410000,918362457452179836637584192193847625765291348824635971541928763389756214276413589
000800023030900070002030800001000005003100249040000010000400907008020360004078000,479861523836952471152734896981246735563187249247395618625413987718529364394678152
000863200001000936060090000080056000004000009906300007640080090000600000010000002,479863251821475936563291748187956423234718569956324817642187395795632184318549672
001000005006502000500000080080009561150008000009000000900247000000001050020053010,841936275376582194592714683487329561153468729269175348915247836738691452624853917
000080300030005000040301705000010000090000671310500000170890000000600000006020003,759482316631975248842361795268719534594238671317546829175893462923654187486127953
000007000007003201009000800605400907083009412010800030500006700006200000000000163,168927354457683291239154876625431987783569412914872635591346728376218549842795163
000900000003700000000080000100620009085004060640059071000006134000030900050400607,726941358893765412514283796137628549985174263642359871278596134461837925359412687
804900523090725000210000906000103090580000234000040010040038700950201300300090000,874916523693725481215384976426153897581679234739842615142538769957261348368497152
420000810013000057060097400052010000890750062301000090000320000730540000205070006,427635819913482657568197423652918374894753162371264598189326745736549281245871936
000701690006509001000004000500000013004013000100000008001068000060000140000040806,285731694436589271719624385578296413694813752123475968341968527862357149957142836
905000800100092000200000109019000380000009700700104090800601002000007000092000600,975416823183592467246738159619275384524389716738164295857641932361927548492853671
030000004950302086002000007020107560705030900310500008048000030000000000070004629,136785294957342186482961357824197563765438912319526478248659731691273845573814629
090008250003625107006070000050964000000003065300002040010090804970000000008001070,197438256483625197526179438751964382842713965369852741615397824974286513238541679
001780050800000070000090600500279030000638000080015200000000010170000000608140005,961782453834561972725394681546279138219638547387415269453927816172856394698143725
026000050008205103503809600009002500005010002034000000300491760000000000000050200,726134859498265173513879624169342587875916432234587916382491765957628341641753298
000000000740005060035078000589720410004000000003080000008390601010000000026510800,892146735741935268635278149589723416274651983163489527458392671917864352326517894
709000000300608579000059012200000060000087050108500000503800020092000000417000005,759123486321648579684759312235491768946287153178536294563814927892375641417962835
359000000781095403260000800000000000800560310000704506090007630427030000530002000,359846721781295463264173895675318249842569317913724586198457632427631958536982174
000007000097400035003009070018200040000570060500000780000700050370600020006000000,284357196197462835653819472718296543439578261562134789941723658375681924826945317
034005109021000050000010007100962000003000200400000090609000002205106000000097605,734825169921673458856419327187962543593741286462538791619354872275186934348297615
970000000600090070000070090065720004090003060400006200708009046000000003000804010,973162485682495371154378692865721934297543168431986257718239546549617823326854719
100040800000003100000010704000390005029000078015000006008000490001420000002050031,197645823254783169683219754876394215429561378315872946568137492931426587742958631
704015600053070010000030400076000000042567039900300706089600350201000900000080001,724815693653479812198236475376192584842567139915348726489621357261753948537984261
219500608000002091006000000004005000900000016060907200701480000650000030002306100,219573648587642391346198725124865973975234816863917254731489562658721439492356187
090000030807963100035701008401000009309040080020000000700010090000009813010038070,192854637847963125635721948471286359369145782528397461783412596254679813916538274
820000500054000360069540002000005000008032005503000010000300004000000000030070001,821963547754821369369547182692185473418732695573694218985316724147259836236478951
000940006930000010000182090004007329890425600000360040400730000715000200000050107,271943586938576412546182793654817329893425671127369845462731958715698234389254167
060072900003105000087000104038219050070600200420700000050020000010007000702080061,164872935293145786587396124638219457975634218421758693356421879819567342742983561
007500061005081070010764000150093000470000000300100609630912000000000016590876030,247539861965281374813764295156493728479628153328157649634912587782345916591876432
000040500940530002500080100000000600600000008704600201008360910006010007170408020,862741593941536782537289164215874639693125478784693251428367915356912847179458326
400020000000005000500010094057000040809054000000080000060509000000836000908170000,476928531193465728582317694357691842819254376624783159761549283245836917938172465
010008006008106000659000080004080201062000900000260000000600040000800030046000002,217358496438196725659724183374985261162473958985261374893612547521847639746539812
000308000500007080009006070000000010490000007000403060200000800905860043348090000,724318659516947382839256471683579214492681537157423968261734895975862143348195726
000000004000600009050000831006800000010709003000060000080007000570010302061090040,792183654138654729654972831926831475815749263347265918483527196579416382261398547
000960235000002010003010040010890060800300091056000320030004672160200050000009003,471968235685432719293517846312895467847326591956741328539184672168273954724659183
430100869109036207200000000015000000000700905040500008000095001000680000502413090,437152869159836247268974513915328674826741935743569128674295381391687452582413796
000200000000068090000030002400870000001003205800000046080000027507480010000000058,643259871215768394978134562456872139791643285832591746384915627527486913169327458
000100509010000460090042030000000020009057180750001003023510007901084000506200008,482163579317895462695742831164938725239657184758421693823516947971384256546279318
000205490050300060100600500000000900021090000040160000408006070000040319003751084,736215498952384167184679523675428931821593746349167852418936275567842319293751684
004601000600000400071940080010450702060070040045002908009020000400810520000093010,394681257658237491271945683813459762962378145745162938189524376437816529526793814
310000020600207801040300050000005600500002040200000000027654000154700068000000074,318596427695247831742381956431975682579862143286413795827654319154739268963128574
000800000013060004004070100037285000900030702002197000508620000000000006146000007,795841263813962574264573198437285619951436782682197435578629341329714856146358927
004025900079408000060007402007500100008300060021080500410803207850000600700000835,384125976279468351165937482637594128548312769921786543416853297853279614792641835
009401073610000502302000000905300000000000000180290300001000204700140800030000001,859421673617938542342765189975316428263584917184297356591873264726149835438652791
000001098000500000301000570864007309970304206003800000500000000709100600602905837,256731498497528163381469572864257319975314286123896754538672941749183625612945837
005600391600000075201003400000280007412739000806000003127000604009007800000002009,785624391634918275291573486953286147412739568876451923127895634349167852568342719
102004000009001023060200001010000000007000309003010000008150060030028005040700000,152374986789561423364289571516937842827645319493812657978153264631428795245796138
100002080000401000790350001027630000006007093300045000000000000901003608480000539,165792384238461957794358261827639415546217893319845726653984172971523648482176539
000000308002000100060000700008005034900234080030806015284000071503000000000008400,149672358872953146365481729628715934951234687437896215284369571593147862716528493
000040763000316009362500000010002040500967000000154900901483070604001000200605000,195248763487316259362579481719832546543967128826154937951483672634721895278695314
000300702050207006100086090009000000006925300000610050004000000260538400005002001,698351742453297186127486593519873264846925317372614958734169825261538479985742631
000001970009060000000092106800070004050024300000130000010000060700200500048010000,386451972129763845574892136831675294657924381492138657215387469763249518948516723
000100800985000000000000040003502090006070308092813007150030600204001000700000100,647125839985347216321698745873562491516974328492813567158239674264751983739486152
900000437300000020507000600000021509402385001700604380070009203100200800080130000,918562437346978125527413698863721549492385761751694382675849213139256874284137956
000000501500000309907032000634950000000000900000200060390008006000406150001300008,843769521526814379917532684634957812258641937179283465395178246782496153461325798
038097400012000000070803000040300008003705004097400531020040090050238706000000005,538197462912654387674823159245319678163785924897462531721546893459238716386971245
040310590000400008100809000000980300001004850398070002004060020000008460609000000,842317596957426138136859274465982317271634859398175642584761923713298465629543781
000076000098100000004080100080200010073040089010800007009010000000000001000534700,132476958698125473754389126986257314273641589415893267329718645547962831861534792
201000300700003000040000000490060100060020500020089007000500203805000000910000050,251946378789253641346871925497365182168724539523189467674518293835492716912637854
001620000090300614000500003154800200000001500960052000040000100600040370000078000,431629758295387614876514923154836297328791546967452831742963185689145372513278469
720000003090250406000103700010000240200004690049080031000500000060401970000029305,726948153193257486854163729317695248285314697649782531932576814568431972471829365
000000028080930005510027000409080000060010590230400070800040600006000087300008002,973561428682934715514827369459786231768312594231495876827149653146253987395678142
007206039009000068300409002900001000043075020750030941530000000604500013070000200,487216539219753468365489172928641357143975826756832941532197684694528713871364295
000000290010750600030009001603000800005000002100937056000698004000000369000041508,764813295219754683538269741693425817475186932182937456357698124841572369926341578
508012600600070090430069000900000006203900507800630000000700000000006430000090702,598412673612573894437869215951287346263941587874635129385724961729156438146398752
000800130800000000701063084382040761476001005105000342208400000000010000030002500,659824137843197256721563984382945761476231895195786342218459673567318429934672518
430851000000000008000600030008093001040500289900048003005314002000005000370900000,432851967756439128891627534568293471143576289927148653685314792219785346374962815
090030260004000000026000500402001000705040012000000480000102005013400006008670009,891537264574286391326914578432861957785349612169725483647192835913458726258673149
030125480005000013400903200201300004306700001000850032162590007800000900500000008,637125489925684713418973265251369874386742591794851632162598347843217956579436128
000009020079840060010030497060900002008200006290300080750000009000195204900400600,346719825579842163812536497467981532138257946295364781754628319683195274921473658
090007080007038006603001004004623058960870000000109000029300005000000039000006000,291467583547238196683591724174623958962875341358149267829314675416752839735986412
400007090001089200260540030010400970030000408745803000007908004300600700000734010,483267195571389246269541837812456973936172458745893621157928364394615782628734519
240017005080009720709500130400006300010702400090054600100070003000060000670000010,243617985581439726769528134457186392316792458892354671124975863935861247678243519
001020006407608000000090000004000010239000050160030000002006004003000000610950020,381725946497618235526493871874569312239841657165237489752386194943172568618954723
860090700090018200000430000000500470600973800001804650008040006000300000346709100,863295714497618235125437968289561473654973821731824659578142396912386547346759182
038076540000000300000031006400089003200000080080045000040503207750000000900008400,138976542679452318524831976417289653295367184386145729841593267753624891962718435
095683000410002086087001093100069000000100000500800000001000960040006000870000132,295683471413792586687451293128569347769134825534827619351278964942316758876945132
006817300007000900013290078960000507000953200300060049409006000670000020000378000,296817354847635912513294678961482537784953261352761849439126785678549123125378496
500003000004067900006140050960000007005008230000000000007082100000910408000000000,519823764834567912726149853961234587475698231382751649647382195253916478198475326
020405000000001407148003906000014000812000004403280700064150000001072540000340000,726495381539861427148723956675914832812537694493286715364158279981672543257349168
000005030005469000019000600076000041908000760102700090000000029401500000620003000,264815937735469218819237654376928541948351762152746893583674129491582376627193485
206040009030000020000210004859000047307004890600008300903060275000320000400780003,216543789534897126798216534859132647327654891641978352983461275175329468462785913
030216000700000026000407001900843070004000030050000090000000700007000000009704503,435216987791538426628497351916843275274965138853172694562381749347659812189724563
070205006000001200000000008700038009050160034000597080000050020590003840036004000,379285416864371295125946378712438569958162734643597182481759623597623841236814957
003000000900304607600020538820040053070030280031000040068090100045080392000500004,753861429982354617614729538829146753476935281531278946368492175145687392297513864
900000000003000107008001000620010075000000004000006302306005000840070029000009008,961827453253964187478531296624318975139752864587496312396285741845173629712649538
100000578000068041080100009200000010000004020571239800050070000000000700307000000,164392578935768241782145639243687915896514327571239864659473182418926753327851496
170000000000040009400009000007000000920000710040701028030915687005080400090000350,179658243356142879482379165517826934928534716643791528234915687765283491891467352
906030050070200000031804000000709804100006000700000000000000306650903042000012080,926137458874295631531864927362759814145386279789421563217548396658973142493612785
000000000000600940265009000020045000450301078000280050003004805000000000189000400,934817526718652943265439781821745639456391278397286154673124895542968317189573462
009030040500409107006500002023000000007600820654820000975080000000090470240710003,789132645532469187416578392823947516197653824654821739975384261361295478248716953
000200507053000000000800630000080040000309725705020300590010260002000000016502000,684293517253671984971854632329785146168349725745126398597418263432967851816532479
000400107506300084007690000000100039100000602460970800980056021051040008030019000,329485167516327984847691253275168439198534672463972815984756321651243798732819546
095004063376080000010300702002010000041600900700050601600009000007000090004701230,295174863376582149418396752562917384841623975739458621683249517127835496954761238
007043000005986070600001008000320900100000804009810000000002081728160040000478269,987243156315986472642751398864325917153697824279814635496532781728169543531478269
907020001060140090010800020700000000204706000500090072600900040009004700050000060,947623851862145397315879426796312584284756913531498672678931245129564738453287169
000000850010005004503204790000400600800002000060000520070000000608091000200003000,426917853917385264583264791192458637835672419764139528379826145648591372251743986
021600845300285019500409000005003204000500900700004100006090400400156002009708000,921637845374285619568419723815963274642571938793824156156392487487156392239748561
026400300003000400004000276200900164000500000460800005830050000005030040042609500,526417398973268451184395276258973164317546982469821735831754629695132847742689513
329000800700000312000020069070001400000570200000482100010746903200000001094000080,329167854786954312145328769872631495461579238953482176518746923237895641694213587
060300000300070000001059306700500030094030008000000200200000000000020947940780050,867342591359176824421859376712568439594231768638497215275914683183625947946783152
500000000142079003000008175204001000800005000930842000001600000000013700090004016,578136492142579683369428175254761938816395247937842561421687359685913724793254816
000001000300000000000280073030000008100709020000300706073002050029000030015000209,758931642342567981961284573237156498186749325594328716673892154429615837815473269
000600709500230080020700350000070200700428060800300075005043000381007000007000003,134685729579234186628719354496571238753428961812396475265143897381967542947852613
200005391000090006003020008001000000074030000529000030005300264030006500900458170,246785391758193426193624758381567942674932815529841637815379264437216589962458173
041008072000000009002000000000900000010283900009006053704031000826540000100027090,541398672687152349932764518368975124415283967279416853794631285826549731153827496
040080000100000803000100602908240000002000309000908070850000400720000090019504708,246385917197462853385179642938247165472651389561938274853796421724813596619524738
046509120000010040801000039000000001730001050010804900003040005007002090000100080,346589127259317846871426539698235471734961258512874963923748615187652394465193782
372000000401005000900200470000960510000302090549000020004800600708020000006039082,372648159481795263965213478823964517617352894549187326294871635738526941156439782
000028000002000008830900070070000000021009063000510009040007000019000007780004000,657328194192476538834951672978643251521789463463512789346197825219865347785234916
064158000000000000058007040580000004009705802020890065000400356705000090236000087,964158723372964518158237649583621974619745832427893165891472356745386291236519487
025000470001400005000005003000010360700530201000200050000004610010062000206001000,325198476671423895498675123542817369789536241163249758957384612814962537236751984
400970000209030078376000100003060000027300000041007000700000016000000700004705300,458971632219436578376582194593168427827354961641297853735849216982613745164725389
000000300000100000000940600500700001006500008000000752429000070000470003100026549,941267385768135294352948617593782461276514938814693752429351876685479123137826549
802100005015000400409060018000000600900500000600002501001670900046000000000800020,862149735315287469479365218157438692924516873638792541281673954546921387793854126
001840500075209400000003060730500080008000000000008076509000000400685900600001000,361847592875269413942153768736524189198736254254918376589472631413685927627391845
031649072576300000000010030209400000010900005603000740090264000160003057008050400,831649572576382914942517638259478361417936825683125749795264183164893257328751496
369010820000300005051008060090000002008000500002004090900000200700000000036100000,369415827487326915251978364593681472648297531172534698915743286724869153836152749
960000000400200007120008400010007602532000008000812503050780300008020760000053824,967345281485261937123978456814537692532496178679812543256784319348129765791653824
008902076000070001007000059070000602340060000006000140704005960609000014185049703,418952376953476281267318459571894632342561897896237145734125968629783514185649723
000502070070900600000780950500209006002605009000000705000004000000097260000000500,849562173375941682126783954514279836782635419693418725268154397451397268937826541
001000089486900720000820405900000030002500800008090000800639072000085300003040058,521473689486951723739826415945768231362514897178392546854639172297185364613247958
040301295000047300000520407004005010600000000130072940500003000001206009200098150,847361295952847361316529487784935612629184573135672948598413726471256839263798154
200739080000000130300000600000200000002098004000670902080400003500000001000080506,261739485459826137378154629795241368632598714814673952986415273523967841147382596
090230007007000400000050008109023800073000000000090010080300640035000001041000523,896234157257981436314657298169523874573148962428796315782315649935462781641879523
001000056086105009003678100090000003632700000005000090009050210020904368000280000,271493856486125739953678142798561423632749581145832697869357214527914368314286975
500280740020943015800605002000006070290500684060090003003000400100000007005020300,539281746726943815814675932358416279291537684467892153683759421142368597975124368
906380004200000397040200600400059000002000400031020070705060842009000700804500000,976385124258146397143297658487659231592731486631824579715963842329418765864572913
000300000610940005890012740300001650000700003000004000001009000400850000000020000,254367189617948235893512746349281657186795423725634918531479862472856391968123574
000007100010000000050100006640000900780000000593001004039000020000010090265000300,428637159916854732357192846641325978782946513593781264139568427874213695265479381
051820006060050002002700005000007060009360000000080034713540009645002810200070000,451823796367459182982716345534197268829364571176285934713548629645932817298671453
007000502000750631510306000005039020290178005060040003000260000070003056386000070,637981542829754631514326798145639827293178465768542913951267384472893156386415279
630000080000060004000913700003607090000002003100030050000026019590840006010395400,631274985972568134845913762423657891759182643168439257384726519597841326216395478
403000008100000070987000061001600005076934180000500047794310850015090000000000010,463175298152869473987243561841627935576934182329581647794312856615798324238456719
520000731008972065607000089000053006010608900002000053000090008900200047400000090,529864731138972465647531289794153826315628974862749153256497318983216547471385692
540069000209003006007000050104306005005000200000040061006000907890000003700690504,541769832289513476637824159124386795365971248978245361456132987892457613713698524
000000007209158030000069010900802040605000800800006301360000150500000000000000020,156423987279158634438769215913872546645931872827546391364297158582314769791685423
200000000000460300700082600000000090005090470400070800050310004000000060180604509,246537918598461327713982645371845296825196473469273851652319784934758162187624539
709000200800000000006000100004950800008006009000820504007000021000001008060204700,739415286815632947246798153674953812528146379193827564387569421452371698961284735
002000500040002600056001009401020000300000000280030000004006000907053186030079004,192367548843592671756841329471925863365718492289634715514286937927453186638179254
000008400000514000000700000400002500805007000600400903004000800708001602209050001,927368415386514297541729386473192568895637124612485973164273859758941632239856741
300005900690800500048300617000031820083900040006008090000000200000000008001003409,312765984697814532548392617479531826183926745256478193835649271924157368761283459
001050073000821000050700200000070000060000730175902000023000000090300100000290000,281459673637821549459763218342678951968514732175932486723146895596387124814295367
800000095040009080600000000208700009190000060050006700020005070080073020036000040,812347695543169287679528134268731459197254863354896712921485376485673921736912548
009501000531000920040906000007000005050004010204100080008000030070409002000010708,689521374531748926742936851317862495856394217294175683428657139173489562965213748
401390065030040027867005000043500090900001000076000004000080900058910406300650700,421397865539846127867125349243578691985461273176239584614783952758912436392654718
010950703002081060000600020000000000000005914001894037704520090006008352200009406,618952743372481569459673128943167285867235914521894637734526891196748352285319476
000000740000130000000006050007965001000007004000840070000082000003409002500003090,126598743758134926439276158347965281891327564265841379914782635673459812582613497
000006408003008000007914600034005200000700000078090000000000000002050006756200000,915376428463528719287914635134685297629731854578492163391867542842159376756243981
201700904008050012009210008000000401300601000810025006000867509080000000070042803,251786934648359712739214658562938471394671285817425396123867549486593127975142863
000005670097040000380000540050000310031050020742010950200000000800004000405038291,124385679597246138386197542958762314631459827742813956269571483813924765475638291
000384006750006402400002000004000009000400023029030040907000000682501004000008210,291384576758196432463752981134825769576419823829637145917243658682571394345968217
000060000000000006000000000400709025900050400005600080061403590080090100040200800,194365278823174956657928341418739625976852413235641789761483592382597164549216837
700201000134005600602040001010400065026007004800000179200000000003020810060070050,789261543134795628652843791317489265926157384845632179298516437573924816461378952
009010247070009008000020500007100000408073000000000000203060080004085002000030079,859316247372549618641827593937154826468273951125698734293761485714985362586432179
000000080002800010005090630000020000320070000501080063048100090100068024607240051,793615482462837519815492637984326175326571948571984263248153796159768324637249851
400100000006450800000080405620008000940015008800000104070591000269000300000300000,485129763796453812132687495621748539943215678857936124378591246269874351514362987
007300009100007000003005004000000000820530001700000090008600502065408000400700000,657384129194267853283195764541972386829536471736841295978613542365428917412759638
400020060006050900900860040000004800040098007000000090204180070810000259690270000,481927365736451982925863741379514826142698537568732194254189673817346259693275418
080300020000000780000600039600004800805700004010800602000901000490280360000003090,786359421953412786142678539679124853825736914314895672538961247491287365267543198
000090000000840703029607100004080009960270000030000400090000500007009002302500976,783195624651842793429637185174386259965274318238951467896723541517469832342518976
008300000000000078002781000000800120080000790000005840830097402000030000075208310,748329651913456278652781934597843126384612795126975843831597462269134587475268319
090126703000400000070000140020879000080000502000050907008000005000205430305001278,894126753153497826672538149526879314987314562431652987218743695769285431345961278
040300700000927400000008000037001000020609107196000805270000309610090078400803000,945316782381927456762548913537281694824659137196734825278165349613492578459873261
000007800201000000007000000070523019000106307139000650700000026002005100000000000,963257841251864793847319265678523419425196387139748652784931526392685174516472938
000200903080043006067089052030060500000000248078002061046008000025700609000000800,514276983289543176367189452432861597651397248978452361146938725825714639793625814
070000050602015008100780260380057002000306070060090035053009106000500004040032500,478263951632915748195784263389457612514326879267198435753849126826571394941632587
002400800803701604074000310008017006000569487700000100020030700007080003000070041,612493875853721694974856312498317256231569487765248139529134768147685923386972541
052000430830000709000002000105030940394180007008000003010000372560200004000090106,752968431836541729941372685125637948394185267678429513419856372567213894283794156
017000200020560091500312078180204053903000024000000000700038500001045000000000347,617489235328567491549312678186274953973856124452193786764938512231745869895621347
008000000256940178147002030460000010090025800580004060300006090010000600020570080,938167425256943178147852936463798512791625843582314769375486291814239657629571384
400300007090080060010060000200639400008040005601750002084020100360010790000000800,426391587597284361813567249275639418938142675641758932784926153362815794159473826
026000040000200000080004200000300000605000320103726000000000406050007000060018500,526893147734251689981674235298345761675189324143726958817532496452967813369418572
002800500635107002000050000500000000380004259007900004820500701000700000700408065,172843596635197482498256317549312678381674259267985134826539741954761823713428965
006005108500108700000932500970504063104326007200090000721000000000001004005000610,396475128542168739817932546978514263154326987263897451721643895689251374435789612
000000735031004009000500000100096200000002001700800006010009000807203160402007090,248961735531724689976538412153496278684372951729815346315649827897253164462187593
900008702801000009006150008190005006084900001560804000600500200007082000000000005,945368712831247659276159348193725486784936521562814937618593274457682193329471865
030240700700009000052068900013007048040836210690000300000084000800025073020003000,936241785781359462452768931213597648547836219698412357379184526864925173125673894
800700100300000407004502398680000500500046800200800000005007200402010080018000040,859734162326198457174562398681379524597246813243851679965487231432915786718623945
005230070040005986001008000003942800400000000100680005608000009000020008204000500,865239174342715986971468253753942861486153792129687345638571429597324618214896537
405980003009107450600050910000040001040508000003760500900000020200305060004600000,415986273829137456637452918596243781742518639183769542961874325278395164354621897
070348910020700000890002700009006250350029008602017003200000500007200000900000120,576348912124795836893162745749836251351429678682517493218973564467251389935684127
006802007008070629470003800000527000340000000000064790004100300000000004000000900,916852437538471629472693851869527143347918265125364798254189376791236584683745912
000004070006280014007500309703620400020000061005870000072008030000760000680050007,851934672396287514247516389713629458928345761465871923572498136139762845684153297
005040027006320089009560130000004000000005090000006040100000408090401002000000000,835149627416327589729568134962834715341275896587916243173692458698451372254783961
926004870008675020500092006600000000004509680000060594000700903073000040050200068,926134875148675329537892416695487231314529687782361594261748953873956142459213768
100007020900502600600003040420000100000000708805061000048209067700000080006005019,154687923983542671672193845427358196361924758895761234548219367719436582236875419
000100070940508006000060050400010000000640095196005003004001009000000080600200000,562139874941578326387462951453917268278643195196825743824751639715396482639284517
400000000050004926069500070005047300203006407000302000000200003000410000500090200,427869531158734926369521874895147362213956487746382159984275613632418795571693248
000000603672043000000000040005260304104070060090004000047000100060402900900630450,419825673672143589853796241785261394134579862296384715347958126568412937921637458
000000030005000600083047005420103000508764910000000008002400800800000000001006003,614598237795231684283647195429183576538764912167925348372459861846312759951876423
007004600000360520000000300004600030098132050650000000000070000000500100000416090,237954681981367524546281379124695738798132456653748912415879263869523147372416895
020000014600820073730504006000000020000700635280005140067158300052007000003200050,528673914614829573739514286375461829941782635286395147467158392852937461193246758
000126030230080690706000000008000000405008910097010060062803700070064050584000006,849126537231587694756349281618935472425678913397412865162853749973264158584791326
080512000207480000001930528304000001000060000506740000020070803709000260000000100,983512746257486319641937528374295681892163457516748932125674893739851264468329175
600003210000080905000000030800005000700100309060000000001800007086007000400600820,645793218317482965298561734832945176754126389169378542521834697986217453473659821
040500783567230010030000000700000400050000398304000270900800002600173000400900030,249561783567238914831497526792385461156724398384619275973846152625173849418952637
000070026900360050002000003500030010003005000210000000350200067000006300091003200,135978426947362851862541973586439712473125689219687534358294167724816395691753248
908000002000300000026005300200160000000400000080000200510000603003050491009003020,938647152745321968126985347254168739391472586687539214512894673873256491469713825
103060009007901000000000002350000904000000300080350210006403000005200000000690023,123864579547921836869537142351782964672149385984356217296413758435278691718695423
000040020041000360690123405004030200009005100000010080000000003000361000030590010,375846921241957368698123475814739256769285134523614789186472593957361842432598617
095071000000503060023068710000040201004000000000100043060017504749680000031090806,695471328178523469423968715356749281914832657287156943862317594749685132531294876
070200000006090100908005760250000600609170045007906000010000570000000000794501820,175268439426793158938415762251384697689172345347956281813629574562847913794531826
000400230060010008320060040071030004005600012600090780756309000102006079904000000,519487236467213598328965147271538964895674312643192785756349821132856479984721653
900001000178000504530007600200008003807090000000700002605009400701002305400075000,964531278178926534532487619246158793857293146319764852685319427791842365423675981
000400000468100072509826130040000020800043009300000605000768400700002500000000007,132497856468135972579826134945671328826543719317289645253768491784912563691354287
506000312802100004000352608000643001003901000201005900000010000029000107000000006,596478312832169574417352698958643721763921845241785963375216489629834157184597236
700091008100008047000000600000050780010003900350782060403005006901826000005004000,742691358196538247538247619264159783817463925359782461423915876971826534685374192
080000421090000703000008000800000170432700059070405000000010006600050000000600000,387596421596124783124378965865239174432761859971485632243817596618953247759642318
020730050008200000090500000006405800000000000300100074007643000504002003209800040,421736958758294361693581427176425839942378615385169274817643592564912783239857146
000000580000800701000040639093050067008496150060000090000030005300980000609000008,946317582532869741781245639493158267278496153165723894814632975357981426629574318
074060800000040060036007120902000500040006000007029016090231687008400091000000005,274163859189542763536987124962314578841756932357829416495231687628475391713698245
000010207470200930000730800700000520000020010000853070200306000000940002000000000,836419257475268931192735846763194528584627319921853674217386495358941762649572183
000000000000609070800041060000000006067290030230005090906003100000020080700000050,694752318321689475875341269459137826167298534238465791986573142513924687742816953
001700300500000602300000570400000008006304000800975004030690007068027493759000006,681752349597143682342869571475216938926384715813975264234691857168527493759438126
030000078760590000105000300500000000080040000002008014000010003004300061600000907,439261578768593142125487396541736289986142735372958614897615423254379861613824957
000060003610807000000004170030601000094000010100070080021000058068910030043020900,475162893619837425382594176237681549894253617156479382921346758768915234543728961
009052400080000000020300580000040208040500000300289000000400010000615047000000630,619852473583764129427391586796143258248576391351289764965437812832615947174928635
096200008810000007005017000930050004061370820008400300057000002040500900280760050,796243518814695237325817649932158764461379825578426391657931482143582976289764153
100040900340000800090000700206000030734250000009030000020068074070000006000400000,168347925347592861592681743256819437734256198819734652923168574471925386685473219
000100900600000000401700000004972100017008090983451700046000300800340600100826407,328164975675293841491785263564972138217638594983451726746519382852347619139826457
780125090025890000190070000219080004000400928008250000000600005040007060007000000,784125396325896147196374582219783654573461928468259731932618475841537269657942813
430250600000000497000010000000000900000500701000964025051008009200000006070000500,437259618125386497986417352542871963869523741713964825351648279294735186678192534
709000065040005003006030000000500009004070001900000006002008007308790040000400530,739814265241965873586237914163542789824679351975183426412358697358796142697421538
600900802002017000950400006200800090009306000180279060700568024006000910300094000,614935872832617549957482136263841795479356281185279463791568324546723918328194657
100800006000510040006000013415600030003400700070130060300005000001300607067001050,142893576739516842856247913415678239623459781978132465394765128581324697267981354
000050000090031000174902635000000000400009058509000316000075080000300000900208000,632754891895631247174982635781563429463129758529847316316475982258396174947218563
024080010000031000050070602000010000000020809000005000205003100603000027007002000,724586913968231475351479682589617234176324859432895761245763198693148527817952346
030500007005029310000070200000950040658000000090000000000100406089400031006037900,432581697875629314961374258317956842658243179294718563723195486589462731146837925
000005300830240760000000500000907000700618053900320870527000130008170005309000000,276895314835241769194736582683957421742618953951324876527469138468173295319582647
002010400060070000150030027028641090013009004940000006080000005200000649090560000,372915468869472351154836927528641793613729584947358216486293175235187649791564832
064809751030400608800600320102086439050000010000007000000000100001708000900040076,264839751537421698819675324172586439356294817498317265745963182621758943983142576
007530600520040071600001520012000700005000000034970050008000040400807030296300807,147532698529648371683791524912485763765213489834976152378169245451827936296354817
306040070900607010247100568500086000030700000000402300700900800094000750065000030,316548279958627413247193568579386124432719685681452397723965841894231756165874932
002000900508100020000040000000502000051094600200610003000078301000351097103006500,412785936538169724769243185687532419351894672294617853925478361846351297173926548
090400000000970103807050000000800302538100694000000508000000000070200801300000709,693481257254976183817352946746895312538127694129634578982713465475269831361548729
090614200208000070010002000000056090000001760005000000000200000020038046381400027,597614238248593671613782459174856392832941765965327814456279183729138546381465927
000000604601930070030046000053000001020000000090054003009010400300062090000000000,978521634641938572532746189853697241426183957197254863789315426315462798264879315
090700000584301092200900510050090000010000000040806100000500020005000000406000000,391725648584361792267948513758193264613452987942876135839517426125684379476239851
000400080090300010000000930304000690600709400950000008100028060000003000080570040,736491285495382716812657934374815692628739451951264378147928563569143827283576149
000000700006048203012700080800000416400000000069000035100074060690081000030069108,348625791976148253512793684823957416451836927769412835185274369694381572237569148
000000005002800000009100087070000209083014000000700001295000078700058600060000000,817643925352897164649125387174586239983214756526739841295361478731458692468972513
000050800095000306000906547000000794900000050001000000010679030060040000007080061,624753819795418326183926547238165794976834152451297683512679438869341275347582961
300800000010074900090000000680000000000501600050900208008007000000628000067450800,326819745815274963794365182683742519972581634451936278538197426149628357267453891
006970100090000860010000900005030001001000040004006000520000003007003408048165007,856974132792351864413628975685439721931782546274516389529847613167293458348165297
080060010329180000001200809906000008030870000007000100200397000600508400070042053,584769312329184765761235849916453278432871596857926134245397681693518427178642953
062090000000000000805006021081509030306804005007000000000001060010080002008000000,762198543134725689895346721481579236326814975957263814273951468619487352548632197
600000050090004300400570000059000008701006000200000030040257003100000029020109065,673912854592864317418573296359421678781396542264785931946257183135648729827139465
000704800800000027700008091000401000105602370008000100306000080480230000051079043,519724836864913527732568491673481259145692378928357164396145782487236915251879643
700000020085010003000080057150860030920005000048700000500000000432000000000300000,794536821285917463316284957157869234923145786648723519561492378432678195879351642
200300170000000000000549260356472800020900006004000700000000918590804030060790500,249368175635217489718549263356472891127985346984136752472653918591824637863791524
240380091930000670650007804006050003402000705010000020180000000029108400005000000,247386591938541672651297834876952143492613785513874926184725369329168457765439218
000006081094002007000079000083000500000500063700300009038200700040700200070900400,327456981194832657865179324983641572412597863756328149638214795549783216271965438
060002503500604120042357900000705000020001030600003479000139008090000010050200390,768912543539684127142357986483795261927461835615823479274139658396548712851276394
590432000104000600800105900000008000750091460010000500305006090069803270080009050,596432187124987635837165942643528719752391468918674523375216894469853271281749356
004070500000003800203000016000040008300007400040005160067800004005060000802004670,984671523651923847273458916519246738326187495748395162167839254495762381832514679
002900050080235600001008200000800093090000020320009008509006002800090300200007000,632914857784235619951678234476821593198543726325769148519386472847192365263457981
719000600305140087000090050078200000601080090504060200007009000096070801400810720,719538642365142987842697153978253416621784395534961278187329564296475831453816729
283700060041000007000403102004009000079200005020301070465000000000530206700000000,283715964541692837697483152354879621179264385826351479465928713918537246732146598
000005000009002586200300070503700000681090702070016300950200018000001005310000000,847165293139472586265389174593724861681593742472816359956237418728641935314958627
349007500100008090200000000032701068090080300600030070057100600000000009960040721,349217586175368294286954137532791468794586312618432975857129643421673859963845721
000600918380051760140709002020000630000002890000000000093007506005960000004520000,572634918389251764146789352427895631631472895958316427293147586715968243864523179
307000004000700930060000028600402075020900300700601092803170200090000100201890603,387269514152748936964513728619432875425987361738651492843176259596324187271895643
090360710000009000000415000000002400500190000020030000409003000008000103300701040,295368714146279385837415296973682451584197632621534879419823567758946123362751948
800250001600130040000609700000520073040006052005743809003008010200005300060300000,879254631652137948431689725986521473347896152125743869593478216214965387768312594
093006050000005000061003000000008000600539780030067005300004096000001023106302500,493716258278945631561283479759128364614539782832467915327854196945671823186392547
873500090000000250000000000006900000080010000140630009000000005054081902928056000,873524196461879253592163847236947518789215634145638729617492385354781962928356471
000001056790004000500003107020006400000000063650000008100000070970002010230000680,348721956791564832562893147827356491419278563653149728186435279974682315235917684
000080201000000530083100006946310852570492060000560790207036000010200005060000000,695783241721649538483125976946317852578492163132568794257836419319274685864951327
302070500146008039500000010000000300910200000870610000000960000009852074708030006,392176548146528739587349612265794381913285467874613925421967853639852174758431296
000500000000002030000019005700105004008000000004800350015000890007308500836001070,672583149591642738483719625769135284358274961124896357215467893947328516836951472
005204300000170005000000400000810000900000008060090510200009080080601257156020900,715284369694173825328965471543816792971542638862397514237459186489631257156728943
000716000600090300102003000201507000007480900008600100000005000023108096050000010,934716285685294371172853469291537648567481923348629157816945732423178596759362814
075000039400000070010000602100200760000001500000600000601000300082704005507000006,275186439436529871918437652154298763869371524723645198641952387382764915597813246
050000672400001009003502400800007010500010000000806954600000205340100760005968040,158394672427681539963572481894257316536419827712836954681743295349125768275968143
300048000060790000000060070106005703030600009507089002700150096200070038019804200,375248961461793825928561374196425783832617549547389612783152496254976138619834257
000000060700103008006205000207540096000900001008000070820009000000002600609030000,582497163794163258136285947217548396345976821968321475821659734453712689679834512
095006082760089310000000000600013000134008060050004031003960804000800906000000073,395176482762489315418352697629713548134528769857694231273961854541837926986245173
007030049408000070090742100034009000000000000000410200529370061086000400001680927,257138649418596372693742185834259716172863594965417238529374861786921453341685927
020000000100000300300008406003965200670000109902107053730000061080006030060800045,428631597156479328397258416813965274675324189942187653734592861581746932269813745
000340050000000300000005000400017080900000006807060000080000070150270600030094005,672341958541789362398625417465917283913852746827463591289536174154278639736194825
005400002084931000006528413672050040000000009000000100067340000050816020020095000,315467892284931567796528413672159348841673259539284176167342985953816724428795631
030008050400000801800070034503000000600000002200600500000810400905020000100903020,731248956452369871869175234593482167618597342274631589327816495985724613146953728
380040056950000704007093008000800300000010807140000000010020000700361409600470010,381247956952186734467593128276854391593612847148739265814925673725361489639478512
049003000010205004270000000000900602082000409900300870008000000007104098090020047,649813725813275964275469183734981652182756439956342871428597316567134298391628547
000003407000000900300900000035000046400000070006370000670029000200030004084650723,592813467148267935367945182735192846429586371816374259673429518251738694984651723
070005400002000000000400060003700042720600005108502070200100004000950700009007081,971265438642873159385419267563791842724638915198542376237186594816954723459327681
060000700030000000017546090003000400500020908098063000302017540040090300000030010,964382751235971864817546293123859476576124938498763125382617549641295387759438612
006000004020300900090007062000874000008260457060090000000608709009000038080000246,536982174724316985891547362352874691918263457467195823245638719679421538183759246
500800200000000485000010003100000800370009000600300000705000008010700000200400759,563894271921673485847512693194257836378169524652348917735926148419785362286431759
000701062070000940002009300020000450034080700500003609240670000890050200065002800,389741562176235948452869317628197453934586721517423689243678195891354276765912834
045000000000098230900400000009004723030009001014003090000005000008040067000000408,345217689761598234982436175659184723237659841814723596473865912528941367196372458
304500000100200050000000361007800010006000807800700900682100000400000600730080002,364518279179236458258947361947823516526491837813765924682154793491372685735689142
960007025010090063005000000700903081006000730183705040630000079050006000200139000,964387125817592463325641897742963581596814732183725946631458279459276318278139654
024005003000000400000000160060071090000000351010403680000000002000006000005207900,124965873657138429938724165863571294479682351512493687746819532291356748385247916
005017000040530128010800000400900000007420600800701400954070301178090000603000095,285617934746539128319842567461953872537428619892761453954276381178395246623184795
000007003670025800000010090000001068007054100001009427508792000720000085100008072,419687253673925841285413796942371568867254139351869427538792614724136985196548372
000000000800352060300080492000000674400003000600000080700800016000230000000010537,172496853894352761356781492913528674487963125625174389739845216561237948248619537
200097800004003051007041602008052000602900000100030900000000300000000019000000400,261597834894263751357841692938752146642918573175436928429185367583674219716329485
007400000000700640000000090700200830028003709000007004003000000000900071050076408,217469583839715642564832197746291835128543769395687214473128956682954371951376428
000037001000815063000402000000170090700090005000350000000000140500001000010703000,628937451974815263351462987265178394743296815189354672837529146592641738416783529
100006040504000006200040050040005060800000571950000000428073000607859004305000080,189536742574298316263147958741325869832964571956781423428673195617859234395412687
800000009006090370100700400007000000001005682950000001004006090700020500000000816,875463129426891375193752468687214953341975682952638741514386297768129534239547816
075801003000500000000030000000675000003410500540090180450000008000004009030000240,975861423328547691614932875182675934793418562546293187459726318261384759837159246
090483160003000057800050040950000030040596000000030000004300000280000304100800079,795483162423961857861257943957148236342596781618732495574319628289675314136824579
000784000460325000085100000904230560500000000070006200652070941041000000000000026,139784652467325198285169374914238567526917483873456219652873941741692835398541726
046008507008200304030006100480000900003709001010030728000497200304052000000000005,246318597198275364735946182487621953523789641619534728851497236364152879972863415
000100040000078000070900201000001690060400380908750400000205870300019504025007030,596123748142578963873964251254381697761492385938756412419235876387619524625847139
000010040007000000010504020706000913000950000002006504000002861000081490090005000,265817349487239156319564728756428913841953672932176584574392861623781495198645237
008123096000000821060040000007000000002000780400008009080070042000300100100084605,758123496943657821261849357837962514692415783415738269386571942524396178179284635
000000000000000050000000360006305120019000030200170048000046900002057000475000200,364518792927463851581792364746385129819624537253179648138246975692857413475931286
596000804002145000000090035708219006000804020260007090800000900600000080405082061,596723814382145679147698235738219546951864723264357198813476952629531487475982361
700260009800900070090800000600701008008000090307008001000109703000386005932450006,715264839864913572293875614629741358158632497347598261586129743471386925932457186
000694050079500360640000200000006000006002070034050008168009032500003000090065700,312694857879521364645738219751986423986342175234157698168479532527813946493265781
712008000000700000060000000000400290000302000000016508695020480000000620270060900,712648359438795162569231874156487293984352716327916548695123487843579621271864935
007016394061009870309000000800050047000074200472008000000001609613090020908003000,587216394261439875349587162836152947195374286472968513754821639613795428928643751
400080526079023000000004037046005000010208460000006008060002000054009071000740650,431987526679523184582614937846175293713298465925436718167352849254869371398741652
900004000030000100040100006690017080003060570007030060301790000000020000009300010,916284357738659124245173896692517483483962571157438962361795248574821639829346715
000300000000507010000000003090130080528000040001852709610098030000000128084703095,159386274832547916467921853796134582528679341341852769615298437973465128284713695
090680040000003000000000030809200000000310080010708520020000351500002007070100000,293681745485973612167524938849256173752319486316748529624897351531462897978135264
900008700020090801708301000007042006000000009040869502000010308030000205400236907,914658723623497851758321694897542136562173489341869572276915348139784265485236917
000810050000952060965403821090000170000000480120004900002600010510040000089000200,247816359831952764965473821394528176756391482128764935472689513513247698689135247
010000302708400000030000000200700005300012074400365020100008090005093246060004700,514987362728436159639251487281749635356812974497365821142678593875193246963524718
290000308000200070800000000050406209000059064940003000060108702002395080409000510,297561348635284971814937625758416239321759864946823157563148792172395486489672513
000000206060892700001000000080000000000020087015089642207008001000200078000076020,578413296463892715921657834782364159694521387315789642247938561136245978859176423
000050060296000100008060390049600000007500240100780936000029603600005009002306017,413957862296438175578261394349612758867593241125784936754129683631875429982346517
400302689208006003000049100080000012124038070070000308352004700009205000001000090,417352689298176543635849127583697412124538976976421358352984761769215834841763295
000027490007100008045000700059076800000009000000012000000008001010004007008000240,831627495967145328245983716159476832682539174473812659724398561316254987598761243
000100760050720004070580000205800000000217350001000086043601020500090070600050001,482139765359726814176584932295863147864217359731945286943671528518492673627358491
000800403108403000054000128002000000810000500003006070000600010605710000001534900,769821453128453796354967128972345681816279534543186279437692815695718342281534967
030000692000004003050030408065040300000000041704320000800600100100470806076083000,438517692921864753657239418265941387389756241714328569843692175192475836576183924
980030000000020000150987630307008056800709021210004090008140960000090800000800013,982536147673421589154987632397218456845769321216354798728143965531692874469875213
050060002108050060004007003000005000005006030836009205060000018207008090080004000,753961842128453769694827153912375684475286931836149275569732418247518396381694527
000020700000008060030064052000800520283000010759410006008570091002009040000243008,596321784421758963837964152164837529283695417759412836348576291672189345915243678
000000020208000000004120070400010050025603007030000006691200085000801000000000030,713596824268374519954128673476912358825643197139785246691237485347851962582469731
600030000400000038000020000840290705100380906000000004006002803084903000530000079,691837542427569138358421697843296715175384926269175384916742853784953261532618479
807000004004607058000040000006000720003005400002708309040200000005004600230000840,897351264324697158561842973186439725973125486452768319648273591715984632239516847
300508061000700002000006800000900600097300000020000000700835024200000750850400106,372598461486713592915246873538924617697381245124657389761835924243169758859472136
900000000820003064000040300490000000200400800000900003000734000302015000700080030,943567182825193764617842395491358276236471859578926413169734528382615947754289631
400010030080000050093050080000000090005001000800400005520000314008000069914000000,452718936187369452693254781741526893235891647869473125526987314378142569914635278
060000030540000801810500600206300007005100000481009003750401026000000008108000750,962817435543692871817543692296358147375164289481279563759481326624735918138926754
008004650500000004413000000001498000000002430000000120605003000000000006180006073,978324651562719384413865297321498765796152438854637129645973812237581946189246573
091023000003000102060800940020300004309642001047100320008010400004000000902500078,891423567473965182265871943126357894389642751547189326758216439634798215912534678
000002000950830010806000000500000000034080009009751438400307000000015000007000005,173562984952834617846179523581943276734286159269751438425397861398615742617428395
004005000059082007000300000400007351000610900310500008000200810521708060000150700,134975286659482137278361549496827351785613924312549678967234815521798463843156792
090010050105829607200060198006000509500170000010000000957640001000000000002001085,698317254145829637273564198736482519529176843814935762957648321481253976362791485
089000001000802000000001800005010080001486700060300100000500902000907000003000506,789653241154892367326741859475219683231486795968375124647538912512967438893124576
000000050010008702025400000900000083530609000807103025009000540000005010050814390,698327154314598762725461839941752683532689471867143925179236548483975216256814397
000600270020000100300907008037408910000009300948002760200176050016003020803000600,485631279729584136361927548637458912152769384948312765294176853516893427873245691
030005060000690000900000500017009006400000907006000100700900203009000700803010000,138275469275694318964831572317549826482163957596728134741956283659382741823417695
000004960000020175050960802060001408002608350008000020400100080080000030000000604,827514963694823175351967842563271498742698351918345726476132589189456237235789614
000040000400000000190500000948300600250860000700010800029405183004000700800132069,583941276462783591197526348948357612251864937736219854629475183314698725875132469
230000010600000000149002000090000030004003700000020000368207000001000608900608073,235964817687531492149872365796485231524193786813726954368217549471359628952648173
100000900328004700009080203804501020000860007000249006000706400000430002000910008,176325984328194765549687213864571329295863147731249856982756431617438592453912678
802300016369102500500000800900000700030000008000000000050000040093070080008003000,872354916369182574514769823985246731436517298721938465657821349193475682248693157
000000150000405760056001900092608501560713000103902004620300000408000000370000280,947836152231495768856271943792648531564713829183952674625389417418527396379164285
000000823000008961690010450072009305000520670950030004210700508060000030085000100,541976823327458961698312457172649385834521679956837214213764598469185732785293146
800931704035024009040056003000670000070008300010000975006402507003007090000010000,862931754735824619941756823329675148574198362618243975196482537483567291257319486
060205100040830620281000000058000760679004000000000000034902506000000403790463012,963245187547831629281697354458329761679184235312756948834912576126578493795463812
010007093007003040930018000000602010070840300093100000750090000020780060000250937,814567293567923841932418576485632719176849352293175684751396428329784165648251937
000728596508006047006400080800630000000072004000010000040000002289167000000000000,314728596528396147796451283857634921931872654462915378643589712289167435175243869
204385610100000090060001504002000070503008006001000050019030020030000008026857130,294385617158746392367291584942563871573128946681479253819634725735912468426857139
700100025038052000056703009005300984000400050000009001000004007000800040000600100,794168325138952476256743819625371984819426753347589261581234697963817542472695138
000030002196000000302895040700014020020509061001000070047200650680900004005003980,458136792196742538372895146739614825824579361561328479947281653683957214215463987
019004060504130000200090015128000009000270800040050020400002000006400900000705100,819524367564137298273698415128346759695271843347859621431982576756413982982765134
600420730400590000000060800720846900500009268009050071106000000000000500900030080,698421735437598612215367849721846953543719268869253471186975324372184596954632187
200000750007900080030000004100000860985260307000098000002300610800000032000026000,219834756647915283538672194124753869985261347763498521472389615856147932391526478
700000600406715090908360510000200100500093000002570040009102450100000703200007901,751928634436715298928364517394286175517493862682571349879132456165849723243657981
106090004043020080700000012000009803030208005001030206005000960060040030397085020,126897354543126789789453612652719843934268175871534296415372968268941537397685421
800060050000005008000070031360021479901004500700006810205100706030090000080050090,813469257672315948549278631368521479921784563754936812295143786436897125187652394
050001600090020070600000052000007008009150007000069001200910835048000000900000000,752491683893526174614783952361247598429158367587369241276914835148635729935872416
000000900000020070010407060000082000003000782108059000071040500085960040040200813,457136928639528471812497365764382159593614782128759634271843596385961247946275813
600052098000001062100006540016030000500200036307509080060020800080070910090084000,674352198958741362132896547816437259549218736327569481461925873285673914793184625
090030070078904030000715820700000000000670010001000007005098760063507001087361000,592836174178924536634715829726159348849673215351482697415298763263547981987361452
000000000529008030063009000900000162680030000700960843450103708300050006071600095,147326589529748631863519274934875162682431957715962843456193728398257416271684395
000003710100960000020001040460087000730000000901000507097015000200040000010628000,846253719173964258529871346462587193735196482981432567697315824258749631314628975
007300002300000041000070003608740120002000060005009000950030076700004010203960800,547391682369582741821476593698743125432815967175629438954138276786254319213967854
627083900400000003300040000016007000000000000030004000004060235800050000100070608,627583941491726853385941726516297384248635179739814562974168235862359417153472698
000000030200790000090040002740082010900301007002004980006457300070100000009000000,487216539231795846695843172743982615958361427162574983826457391574139268319628754
100000743390020810000000000000140030017050060080000000600003070231070054000000000,162985743394627815875431629926148537417359268583762491648593172231876954759214386
007402050402005890500090060700050000820036704000700500270000005300040070040001200,987462351462315897513897462734158629825936714196724583271683945358249176649571238
000047000030800000475900080200600000000000410300500000547300068020060000600000037,986147325132856794475923681214678953758239416369514872547392168823761549691485237
201300006000641008040208300000500000000004030062130094000410079400820053609750400,281395746735641928946278315394582167178964532562137894853416279417829653629753481
006100000000670000000050001600015084028964000000000000004000020000407309000800406,756148293391672845482359671637215984128964537549783162914536728865427319273891456
500300007400079500000006008950008001600190204000430009005080390009753800800000075,581324967462879513397516428954268731673195284128437659745681392219753846836942175
000230000000000032002040100021903507760000080005076040000000003000500000000090016,617235498548719632392648175421983567769452381835176249176824953983561724254397816
001000000050040180400080020800074500000009832500803060025097648000020000038400050,281936475356742189479185326863274591714659832592813764125397648647528913938461257
600000000400020000098007000080000309504000700070080410010000007000200001065170290,627831945451926873398457162186742359534619728972385416213594687749268531865173294
482003716000040090090006820006005007005680009800032000004700908000004102700009000,482593716617248395593176824236915487145687239879432561324761958968354172751829643
090860100000500000703491006000000067030700200000920030000040008100003640300600000,594867123816532794723491856952318467431756289687924531265149378179283645348675912
500793046040120005360000000800300609090400000005060204250009400000800000070005001,582793146947126385361584792824371659196452837735968214253619478619847523478235961
007106900006008100091027000004700000009000600003000749000000090402900870008600000,537146982246598137891327564184769253729435618653812749375281496462953871918674325
850010400020083050001040070070032010142000007500061000280100030000000000003806709,856217493724983156391645278679432815142598367538761942285179634967324581413856729
214300050500104030070008014702000080005780000901402006000600900009200700046079500,214367859598124637673598214732916485465783192981452376827635941359241768146879523
080645091100009050060010003750008010000000008008520904410300705090007020000000139,387645291124839657965712843759468312241973568638521974412396785893157426576284139
270100905000000200050200073000740320000001059020050000009000037007000600000005400,274138965613597284958264173895746321436821759721359846149682537587413692362975418
000708900050000801900040026005000480001500200002030509070300092009010000000002630,123768954456293871987145326795621483341589267862437519678354192239816745514972638
001000050050009010700103020025004060100500007040001005013005800070908030082000001,631827954258469713794153628825374169169582347347691285913245876576918432482736591
000070056400530020075000010063005000009300060000009000900100608000000500608904071,392471856416538729875296413263715984589342167741869235957123648134687592628954371
000000000300704500000506090003007980900008000042300006500800060000470800781005020,175923648369784512428516397613247985957168234842359176534892761296471853781635429
050008000080036001000004000503009000026305400870240050000000000295400006010050007,957128364482536971361794825543869712126375498879241653738612549295487136614953287
607103000003000910090008000008200500000837100060940803000000402020000000009000600,657193248483672915291458367378261594945837126162945873716389452824516739539724681
850400020460000000020000000045026000000070500000045800010000309200001076036794000,853469127461257938927318645145826793682973514379145862714682359298531476536794281
060005000080107200030096010749600325300479000010000004000003600670924003000861090,261385749985147236437296518749618325352479861816532974194753682678924153523861497
030578009000000600000060030080100205000020000300000010000001003000804760008006052,436578129579312684821469537687143295914625378352987416765291843293854761148736952
928040061001000802036080090060008030040759008000030007050000010380000070000020080,928547361471963852536182794267418539143759628895236147652874913384691275719325486
089000070000700025000000000004100832050030000360000000040300000073020016000007309,489512673136784925527963148794156832852439761361278594648391257973825416215647389
020705000905800061080000000500003027206579834000206500009100000830907150100300000,621795348975834261384621975598413627216579834743286519459162783832947156167358492
510000000000105004092430061000002007180090000000000830050000000946780150370201000,514629378863175294792438561635842917187396425429517836251964783946783152378251649
000000007002000300014000560050700100029000008100605400000000002000906000000127045,965314287782569314314278569453782196629431758178695423591843672247956831836127945
490003700008090000006827090903140000070000306004370020000000008000204000600508074,491653782728491563356827491963142857172985346584376129245739618817264935639518274
430000021700412300620983000000000014204300970100004200090040000310800040040200096,439657821785412369621983457973528614254361978168794235592146783316879542847235196
067125090285000061010040050030600000004500600020000004000069700000000006976280045,467125893285793461319846257538674129794512638621938574853469712142357986976281345
002490086050213009000500310000300621300001058400605030000000890006054003500870060,132497586658213749974568312785349621369721458421685937247136895816954273593872164
005000030000000000400032000002300000650208040938000200000820000509003407016000050,725986134893714562461532789142357698657298341938641275374825916589163427216479853
209000000830060000500004003006000300000079005002406090000040706005000800000028039,269357481834162957571984263946815372183279645752436198398541726625793814417628539
600800027000006050009400081000209000800001236010050800000000710000000502007908300,641835927278196453359472681763289145895741236412653879936524718184367592527918364
000000580020008031183500000010870054009005070305109008290000005030051006706402010,964317582527698431183524697612873954849265173375149268291736845438951726756482319
060300000010090860804670003006150700000000010005009008000900201302017000000020000,569384172713295864824671593236158749987462315145739628678943251392517486451826937
897020060600507020203000090006000002000000410000230000008001640030600000060300180,897123564641597328253486791586714932372869415419235876728951643134678259965342187
000900050190280000000137006750410003980670000000500000800000069065002000019056400,273964851196285347548137926752419683984673215631528794827341569465792138319856472
000204001100596400480713000300478000004900010507000004010800005700040200948600107,659284371173596482482713659391478526864925713527361894216837945735149268948652137
000000020003000600000000010130964800009320000006807905000000700060000080008070203,914658327523741698687293514135964872879325146246817935392486751761532489458179263
000300957080000030739400000000008005050000000070502140040093760027800503003007000,264381957581769234739425618416978325352614879978532146845193762127846593693257481
040090010900876204600050000000037108030928400008104000000200070000005000000010000,845392716913876254627451839469537128531928467278164593354289671196745382782613945
040631800006200410981000006000500038000080000028370000013900060007810000452700981,245631879736298415981457326174529638369184752528376194813945267697812543452763981
043000010005040003100000406520000389601500070007294060039480601006010030010300000,943627518865941723172853496524176389691538274387294165739482651456719832218365947
400000806080000090000080047096008120030056908000002005263005009000093002905000600,421579836387264591659381247596738124132456978874912365263845719718693452945127683
250100070004000915071059004900702800423008706080090002040000100516000029000000008,259184673834276915671359284965742831423518796187693542348925167516837429792461358
070010685005080000006000320020050090048000060000000802000802003009000040000097200,472913685935286174816574329623758491148329567597641832754862913269135748381497256
000000003000003900000007001500082040002000080008310290683250000900000830010030000,749821653126543978835697421591782346372469185468315297683254719954176832217938564
000805049000000260000000300700190000001208400850000900000480600200569000068720000,126835749385974261479612358743196825691258473852347916517483692234569187968721534
006000000000003741470000003910602000000000090050009370000000910009000807005091000,836174529592863741471925683917632458243758196658419372364287915129546837785391264
000038000090402031873006005000160059000705100010000306000300000000094070000020000,241538967695472831873916425482163759369785142517249386928357614156894273734621598
000052071050007300020630580000300008310090407004070200503704000902081003040000006,839452671456817392721639584275346918318295467694178235583764129962581743147923856
000407002275069134000000005020670501150200000000001728000706000003100250010000000,631457982275869134984312675428673591157298346396541728549726813763184259812935467
060304020000000100002109370576000000003005080948020000600000800039000050000536497,167384925395672148482159376576843219213965784948721563654297831739418652821536497
216050000007002600500861400309007580700508390000930204005003160900000002002009050,216754938487392615593861427329417586764528391158936274845273169931685742672149853
040002009800409000590000040000100080050068497400000012700000900000900760904020000,146532879873419256592876143627194385351268497489753612768345921235981764914627538
500079000007800090000200750750008000400000000000020000000360501070180600013007004,568479213127853496934216758751948362492635187386721945849362571275184639613597824
900400300000000000000860070209080107400907006001206000000000600080350709704001080,918475362647123598523869471269584137435917826871236954392748615186352749754691283
000200000000503006370018000008000004040020050753800000230680091901002030080030600,895246173412573986376918425128795364649321758753864219234687591961452837587139642
803200009596480003000039000005006400007028000082514007208005000041800200059002800,873251649596487123124639758915376482437928516682514397268745931741893265359162874
920187504007090800810002000601903245300000107400000000100000378040030020200700450,923187564567394812814562793681973245395426187472851639156249378748635921239718456
000100000009602300400800090004025600020068403500041009000080000040000000803210000,635194872789652341412873596394725618127968453568341729971486235246539187853217964
030069450079400002000307000000000000000090020093800600962000001017000000500000700,831269457679485132245317986428736519756194328193852674962573841317648295584921763
040010020000640000865073010409102706000004000673080040020800130100020000708001000,947518623312649857865273419459132786281764395673985241526897134194326578738451962
070000400430050812902000057000204730300000009000003500100008073083000000050100600,875321496436759812912486357568294731341875269297613548124568973683947125759132684
000400080400800560851007040008000000000300600005000001080760014106040030000031096,637495182429813567851627943368152479912374658745986321583769214196248735274531896
704060850050004000802519300900008614006000200000096500000937000640050702000642008,794263851153784926862519347975328614316475289428196573281937465649851732537642198
000604000800000004605000010170300000502006001403012000000090503950000100020040608,219634785837951264645827319176389452582476931493512876764198523958263147321745698
003960105050081207000200009005040000000870060000190000230009000069504008000038020,823967145956481237417253689175346892392875461684192753238619574769524318541738926
280400705700802001394100060007206003000000506010000002000000007070020000020000600,281463795765892431394175268457286913832941576619357842946538127178629354523714689
090003000620004000001009002540070906300000047070300250004631000710000423003400680,895263714627814395431759862542178936368592147179346258284631579716985423953427681
050180040400000800000009020000003900930004500012000030298305070160020009003001000,659182743421637895387459126745813962936274518812596437298345671164728359573961284
000010540000600030000500062580000100600000000000451008006000095205160007300200006,862317549459628731731549862587936124614872953923451678146783295295164387378295416
010274096020000010070100205300010000750840630062530480200005100001063000430000050,815274396924356718673198245348619572759842631162537489297485163581763924436921857
000090000506200009900507020075000000090800000000065000002000900008050234430000500,327496815546281379981537426875124693694873152213965748752348961168759234439612587
100607030740920610206051904501090000004000000000410258007039020000000000009700543,195647832748923615236851974521398467864275391973416258487539126352164789619782543
040700000307000060901000002015020094430000208000100050503007621000308540004000000,842769135357281469961534872715826394436975218298143756583497621629318547174652983
032506800650090200000300000040080062020670000008000003090700000000900005800000021,932546817651897234487312659345189762129673548768254193594721386213968475876435921
201803670000040000800600400000000000028005090000400510700000003000700150016089700,241893675963547281857612439175936842428175396639428517784251963392764158516389724
042090800681020000000408010500000008000006009000580401400030007800002060000000000,742193856681725943359468712574319628138246579926587431465831297817952364293674185
300080000000090160001200700817429030603050019200300480700008002160002070000004090,376185924452793168981246753817429536643857219295361487739518642164932875528674391
000908704300000091047200000456009170700000006030106009000000067003590800009000315,615938724382764591947215638456829173791453286238176459524381967163597842879642315
002004803700000100000080724000123000027006300040000900001700000005000280000200600,512674893784932165693581724958123476127496358346857912231768549465319287879245631
012000309000100080986370000000800006000020800008000900423010608060293004579084023,712458369345169287986372541297835416134926875658741932423517698861293754579684123
804500006030062800000000000320056009060041008005000063602710000073005900508290000,814579236739162854256438791321856479967341528485927163692714385173685942548293617
700853940040219800000070205100005000809001000000700090000160420460590000008007051,712853946645219837983674215126985374879431562534726198357168429461592783298347651
700058000090004365000600010000001050000000000004069007030075801010000570200000000,761358942892714365345692718679831254123547689584269137936475821418923576257186493
000009800000000500700800019000000005005080096060503080041050007090108250020090160,156279843984316572732845619378961425215487396469523781841652937697138254523794168
100040080200090000700680012000300000690071050040000031000000320402830105300509074,169243587285197463734685912521368749693471258847952631958714326472836195316529874
060004090000001040041092600083029060607400080000086204006147800704200000100065020,365874192972651348841392675483529761627413589519786234296147853754238916138965427
010000034600510200090003005007008000008460001005100040400005000000341000000070400,512796834683514297794823165147958326938462571265137948479285613826341759351679482
000302400435000102000000005000790360000000000001500700000025600506079200009604500,718352496435986172692417835254798361367241958981563724873125649546879213129634587
031078054609134007007052000000000502004067100705020340000090805000000000500000060,231978654659134287847652931168349572324567198795821346413796825976285413582413769
920800605000905000054010009010009000000006000000000003000000082305290000060054397,927843615831965274654712839716329458483576921592481763149637582375298146268154397
300006500007030060000000310800500041009040700560000200900800050036215008000003100,342186597157932864698754312873529641219648735564371289921867453436215978785493126
950130400001005063000094005806027094230000000709003500072400001000001009090000050,957136428421875963368294175816527394235948716749613582672459831583761249194382657
530060000060084037184050609700000403600700200903208006301420870000070300800000000,537962184269184537184357629728695413645713298913248756391426875452879361876531942
003084000400005080860010000310000050008040000209006007000700910000500008080400025,153284769497635281862917543316879452578342196249156837635728914924561378781493625
100700004004280039090030021000073000030020100700000002009000000486310005300900000,123769584564281739897534621952173468638425197741896352219657843486312975375948216
783006002010003007060007908000001000030748206048030001801305020050064009400000000,783596142914823567265417938627951483139748256548632791891375624352164879476289315
010400060460059000002308014000000090006520130100603000007006001091200400000017009,819472563463159872752368914534781296976524138128693745287946351691235487345817629
900006570000070610060000000000010002178000030000003051000140000030009027000030040,914326578352978614867451293593714862178562439246893751729145386435689127681237945
600005040000000070008003096400300000780004100060000034850630012001000600006820000,629785341134296578578413296412358769783964125965172834857639412291547683346821957
000005790090700020780090056012070000903802001000006009005000000009600015000000630,321465798596781423784293156812579364963842571457316289635128947279634815148957632
400900032701002400230008010800060201000009063005000070900800357300056000084307000,458971632761532489239648715843765291172489563695213874916824357327156948584397126
603000004051007002900600000009700400007504000540010200230408090004309000006201000,683192754451837962972645813129786435367524189548913276235478691814369527796251348
070000250000000009200070600000800507700002006950400000000764100160900028549108763,371689254685241379294573681432896517718352946956417832823764195167935428549128763
100006000670000100090504200360100000940605000008000000080901430006800017209400060,125796384674328159893514276362179845941685723758243691587961432436852917219437568
405003090000000037000041025000000013100906070907014000508100049001000000209067000,425873196816259437793641825684725913132986574957314268578132649361498752249567381
000009320309740600760002901098010053003600002150000000930020504000000000001000000,814569327329741685765832941698217453473685192152493876937128564286354719541976238
010003780000080003008009000043000500002800300080030049000300001870061000301420070,519243786264187953738659124943712568652894317187536249426375891875961432391428675
631000700870061094000800600307600100509000000006000000000000000008026000060053001,631249758875361294924875613347692185589417362216538947793184526158726439462953871
003002000821000030060034200030600010089300000100000060270410000900200047340705108,493582671821976435567134289732659814689341752154827963278413596915268347346795128
605000908000000251000590060830459000000613480000007003500246170260030005000000000,625174938794368251318592764832459617957613482146827593583246179269731845471985326
704080902201000085500002060600009573130657800900800100010406000470000000009508001,764385912291764385583192467648219573132657894957843126815426739476931258329578641
009036802000270060000054700000001900090000100000390000002007008050003020010500000,749136852581279463623854719278461935394725186165398274932617548457983621816542397
800000002006207900007500463000000248002009000000000007060301870930074001270005034,859463712346217985127598463793156248482739156615842397564321879938674521271985634
000200000130506090702008030021003809000000600800650007000300900086907415000000000,459231786138576294762498531621743859547189623893652147214365978386927415975814362
703200084005070000004053000040001030006002000000700000068900010000040000037810002,713269584695478321284153697842691735376582149951734268568927413129345876437816952
000080000000000102600207843000000000900805000001006700054608200006010580100004000,472381956835469172619257843748132695963875421521946738354698217296713584187524369
060500700000004536000703000030900800008400200020007090089000127250008069000020080,362591748917284536845763912136952874798436251524817693689345127253178469471629385
056180000089000000200009608190345002040870050008090007071000046900030080860017090,756182934489763125213459678197345862642871359538296417371928546925634781864517293
149000000003005900057401328030006100000040050000000000300980205092510643070630000,149823567283765914657491328534276189916348752728159436361984275892517643475632891
009070000038000000000020003040000005615000070980605300070302000000001060006000032,529473186738156249461928753342897615615234978987615324874362591293541867156789432
000010039080090000700030000007200093010453000602000540908000002000387006006020401,265714839483692715791835624547268193819453267632971548958146372124387956376529481
000340800004008000000950030070093160000000090003006700038674925000035670760010004,597342816314768259826951437472593168681427593953186742138674925249835671765219384
040007010000190000030400700010703492402801570000000600020000900180000005070234068,549387216267195834831426759618753492492861573753942681326518947184679325975234168
042013060831490020006805040005007000400300001090004286709008402000000800084000609,542713968831496725976825143165287394428369571397154286719638452653942817284571639
060027009200980000000000700600040500400051003000700800030178000700400300908035607,163527489274986135895314762629843571487651293351792846536178924712469358948235617
500000002003070900060000130300080007007000096000007000000001009610290073200038001,591843762423176985768952134342689517187425396956317428834761259615294873279538641
689000000400005030532700094040317000000052000250098000000000020890000040004579306,689243517417965832532781694946317258378452961251698473765834129893126745124579386
100507000062004035594300000050790400600148903000053000006000000409200086030460000,183527649762914835594386172358792461627148953941653728276839514419275386835461297
001030800070900000500160009369012078100000902700509000800000000000000000000000680,921734856678925413534168729369412578185673942742589361817346295256897134493251687
000570406750800003000002800630200000000600000209100675500010060023000790906700534,398571426752846913461392857635287149147659382289134675574913268823465791916728534
010050800080010000090080001000305108100000000000008709753800000901500087060794010,216957834584213976397486251429375168178629345635148729753861492941532687862794513
304000025200000860000020047009006402000190000860054000050040000000918204040062000,384679125271435869695821347519786432427193586863254791952347618736918254148562973
002403000000070480400000003007000000000006900900007500700960850000030070680750239,872493165395671482416285793257819346138546927964327518743962851529138674681754239
000000940700009000000400000500700806040901005009500000902000001057000060400050270,163285947784319652295476138521734896348961725679528314932647581857192463416853279
030002001492006507706000008003070005005000000140050029200837004070060000064205903,538792461492186537716543298623479185985321746147658329259837614371964852864215973
000000710008071000000030980297408600006010890183760200314000070009000002000090040,625984713938571426471632985297458631546213897183769254314826579859147362762395148
000200050500030029034000000005089004306000200000000000963007508002060000000050630,697248153518736429234591786725689314386415297149372865963127548452863971871954632
000032600560000002032060040007089003080000090009050000000005900050900000070000350,798432615564891732132567849427189563385624197619753428246375981853916274971248356
000070409097040000040600000000000803360000104000790000080307026000080040023006000,631278459297541638845639712572164893369825174418793265984317526156982347723456981
150000080000500000000090250006070430300000062024030100070000000285010006000003000,159327684832546917467891253596172438318954762724638195973465821285719346641283579
500020000200000000380970410021300070005400020078200300000000000002000000800700105,597124638214836957386975412421389576935467821678251349759613284142598763863742195
000352000400180290052000006030000001000600000697420308009063000200897000085004069,968352174473186295152749836834975621521638947697421358719563482246897513385214769
050019002002000000000002000000000049501900206009230715000004000405000000207005000,758419362912863574364572198623157849571948236849236715186324957495781623237695481
090260081000070930001908002006700000530009200100050093000000800603000400400500000,394265781852471936761938542946723158538619274127854693275346819683197425419582367
500080007000507800070030500000701300701308005328005179402070950050200000100050002,536189247214567893879432516645791328791328465328645179462873951953216784187954632
000000000075004030040000050050007600000980000380406070017800003004100020038570941,863751492175294836942638157451327689726985314389416275217849563594163728638572941
000035070000200300351907400105024009623700000000010207000008700010600800800002100,246835971798241365351967428175324689623789514489516237962158743514673892837492156
065001900400200000007600410700004020604002000030058700000000000000000300506300098,265841937491273856387695412758964123614732589932158764123489675879526341546317298
009004030347000000200000800120096007000810004070032000002000003403020075010009408,859264731347981562261753849124596387635817294978432156782645913493128675516379428
000907180007001356600000900700300000003209000000800004000700861009030720071050403,345967182927481356618523947782346519453219678196875234534792861869134725271658493
008010000950260007010000568206700031701000640000040700004806053580420100000100200,678514329953268417412937568246795831791382645835641792124876953589423176367159284
008000320000326409023940507000895700080004231006000890000000603100402000800030002,948751326751326489623948517312895764589674231476213895294187653135462978867539142
100000060030026050560000820050000000401000370000047200000800016800600009010000700,124785963938426157567391824752139648491268375386547291249873516875612439613954782
098000020700210000004758000016000000002060900800020000001000490060080310000090700,198346527753219846624758139516973284372864951849521673281637495967485312435192768
000500680000020390010000504070005906069002058040008000296003015030006800705194000,427539681658421397913687524872315946369742158541968732296873415134256879785194263
090300601060009020807001040020005900000002035008000067580207090000003050000516002,294358671165479328837621549723865914641792835958134267586247193412983756379516482
008000400060000000000050000080007000120509004347080000601000000594300000002174000,758926413269413758413758926985647231126539874347281695671895342594362187832174569
000508000029300000050009400500003097782401000090080040000952008210060034908000070,436578129129346785857219463541623897782491356693785241374952618215867934968134572
050800064104563700000209000000000071007020000005071200003952007200186543560000090,352817964194563728786249135628395471417628359935471286843952617279186543561734892
423000010680000000000000650500000000900703100100000030040062870800001003050300061,423657918685219347719834652538126794962743185174985236341562879896471523257398461
080000040003106080056000073000000750605700030000000000460307800078409320132860497,781953642243176589956248173324691758695784231817532964469327815578419326132865497
007010006000000140010600500100006090040973610900200000200100070593000200080360050,357814926628539147419627583135486792842973615976251834264195378593748261781362459
060800003382140050400600180200000007007480000059000600003004070000021900016790024,761852493382149756495673182248916537637485219159237648923564871874321965516798324
084010020030860090090004000400100000260500000000087600840000070100070049957000308,584319726731862495692754831475196283268543917319287654846935172123678549957421368
000000050500380900042600008870000020069001080003008790901000405620500839000869000,798142653516387942342695178874936521269751384153428796981273465627514839435869217
030000700060080450704300698109400235057000940003000860300000009000038000000160000,538694712962781453714352698189476235657823941243915867326547189491238576875169324
000030109009807360000069080000620094906740000300000070700310540000570010030490700,867234159419857362253169487175623894986745231324981675792318546648572913531496728
150709000000000017000060403000000000080000000007900000400657380060200045800000679,154739826632584917978162453516823794389475261247916538491657382763298145825341679
508230006300004008020050000100000075047360090253007080900000817610000900000001400,578239146369714528421658739196482375847365291253197684932546817614873952785921463
000700005734590600800006037020040108540210009001983000006000000210000046950000000,162734985734598621895126437329645178548217369671983254486371592213859746957462813
004070006090000300600500000000013264003005089400000000000004037000000000006701892,534178926897246351612539478975813264163425789428967513259684137781392645346751892
006010800000005000001000700068301420002497608070000500010074000703560000020000000,496713852237845196581926743968351427352497618174682539819274365743569281625138974
009200003000091050510700064050062039000057602270903500641300070000074300000086000,769245183438691257512738964154862739983457612276913548641329875825174396397586421
000800790000500400180000056600250000845097000200040560008300200032000070001002630,354861792726539481189724356613258947845697123297143568968375214532416879471982635
080000600694700010012600090158200349700490081020300070005800162201000030000000400,387149625694752813512683794158276349736495281429318576975834162241567938863921457
100000089000000720750080341008000010000000030369010500607000008000971060020800000,143527689896134725752689341478352916215796834369418572637245198584971263921863457
180600300067010800000400010600090000003000000095006100870100030000765000500004790,189652347467913852352478619648391275213587964795246183874129536931765428526834791
080060092902001600400000000000010006729056001000007000000000073000073214200045809,385764192972381645416529387843912756729856431651437928164298573598673214237145869
307000000910200038420806000150068070040120003003709000000000940204093006008407020,387951264916274538425836791152368479749125683863749152531682947274593816698417325
000000000904702030000398405300600501000020000000000389700954006600107200500000790,863415972954762138217398465378649521195823647426571389732954816689137254541286793
020000501000590320000021840300000682000060030870053090700685203081300000030902000,927438561418596327563721849354179682192864735876253194749685213281347956635912478
007050000002004300540320800000000040000040500004060908906500000070000080025087030,397851462862974351541326897238795146619248573754163928986532714473619285125487639
040350000006002500120060704400209000390640100070005000207000000080123607010006409,749351268836472591125968734458219376392647185671835942267594813984123657513786429
034172560600005030000000000108500040405030128020801005000210004340008910007004000,834172569679485231251693487198526743465937128723841695586219374342758916917364852
100052000000000200000390000906701532310020840000938107000204300704063950060000704,178452693439186275652397418986741532317625849245938167591274386724863951863519724
002315046030806002000297003000402800000060000000500000090020004040080000000000270,982315746731846592654297183315472869429168357876539421598721634247683915163954278
600000020900000100200000349068100407007060000109704068794010603000000900010003000,643971825985432176271586349568129437427368591139754268794215683356847912812693754
200005100080301790000040600000600085000008001035000406450106307003827000700000009,269785143584361792371249658197634285642578931835912476458196327913827564726453819
070000000000000000910056700600000071000261408190800205509104020301600004840529000,475392186236718549918456732682945371753261498194873265569134827321687954847529613
500008042680000001000007050100005003030071000000900000250010900010502087400300000,591638742687254391324197856169825473832471569745963128258716934913542687476389215
803000001016040200024100000400267500360001020002000009205706900001008000008435062,873652491916843257524179386489267513367591824152384679235716948641928735798435162
280049030070050204000001980050010803000070120000000000060200000010300002320000008,281649537976853214543721986657912843834576129192438675768294351419385762325167498
324600000008090040000200000006530479003001000005047130000080905907003024060020000,324618597678395241159274368816532479743961852295847136432786915987153624561429783
000070400402051000600008020200000000000002700790040360800000509500680007107009040,913276485482351976675498123254763891368912754791845362846127539539684217127539648
000100040000050090000283005305008006048002001010347050501809000704005009609000500,853196742162754893497283165375918426948562371216347958521879634784635219639421587
950060830806032000130000650090307005004006087000840000020000060009004270000000140,957461832846532791132978654698317425514296387273845916421789563369154278785623149
710005400000000003400029517040090006300002000690130000060010000037004020520800000,719385462256741983483629517142598736375462198698137254964213875837954621521876349
036000020170300056500010300007148539000000400940600000050000003400009000069005104,836954721174382956592716348627148539381597462945623817258471693413869275769235184
900026000460001000037040200850060000000000306006179800090017000008090000000800700,985726134462531987137948265851263479279485316346179852594317628718692543623854791
603000000000000600190608000005800000006000027000020000300000005950100042700450138,623715894584392671197648253235876419816934527479521386341287965958163742762459138
005902010109003720020060094250000040000480250400000600000020070000000460000601032,645972318189543726327168594258316947961487253473295681536824179812739465794651832
000600400010000000430000061000900000063470000201000300640725100300100000027000009,792618435816354972435297861584932617963471258271586394649725183358149726127863549
000600008005483000090700304400907652000000900360000800608000200900000100070800000,743629518215483769896715324481937652527168943369254871658341297934572186172896435
004000700037428009050091402900047000700900020408000900609000000000170093000800050,294653718137428569856791432923547186715986324468312975679235841582174693341869257
700009000600100387400300000009003020000900003238000705926704001000000650000600009,713829546692145387485367912169573428547982163238416795926754831371298654854631279
870021000400003000900504006610090050300016029089400700020160900100249008000000000,876921345452683197931574286617892453345716829289435761528167934163249578794358612
205710090070009020800030000000047900400900200050020408080590302036800500000304701,245716893673489125819235674328147956461958237957623418784591362136872549592364781
020900043000020006950306002080079005060400290009001300002104000410562039006090020,627918543843725916951346872384279165165483297279651384792134658418562739536897421
670005004000000000090471000009050103006040000000003709004080071100007008000100650,671935284453268917298471536789652143316749825542813769924586371165327498837194652
000005900000008000750900403070060040493051070208040015600590238009100000520307000,841635927932478561756912483175263849493851672268749315617594238389126754524387196
069870000004002068000000000040000602000250073702004005007008300000090500050000901,269875134514932768378416259945387612681259473732164895197528346423691587856743921
800460007007980034000020006000540903000002000300010070030000000200608000165000020,892463157617985234543127896721546983984732615356819472438271569279658341165394728
000020700000003058053000240800070500314006070070008090000504900060000000900807123,689425731421793658753681249896372514314956872572148396238514967167239485945867123
000809200000000000004030800000000501000060700018900630050094007009706000200003009,736819254185642973924537816673428591592361748418975632851294367349786125267153489
006300000032107050000060090000001520700000100005600080051206904800900265200005030,986352417432197658517468392643871529728539146195624783351286974874913265269745831
000000280050040000002010000004501320000000805000309410000004072000000001000003948,671935284358742169492816753984561327136427895527389416813694572749258631265173948
092600080680410390500900000003001060016009850008060000000076000001500600760000000,192637485687415392534928716473851269216749853958362147845276931321594678769183524
003000002000340706007086400072569000050000607816070000000020374004790260001030050,643957182285341796197286435472569813359812647816473529968125374534798261721634958
159678002000000000603200795806009070001700004034080600000060007000910006000807010,159678432247593168683241795826459371591736824734182659912364587378915246465827913
060800090010000080080100000938250407000300000657400000002000649001003000800000031,465837192213695784789142365938256417124379856657481923372518649541963278896724531
600800000000001605175036000020500000514900020800104000400000050700650000302400008,643895172289741635175236984926573841514968327837124596461387259798652413352419768
907006001014902006600300009500620948000108327000709000000007000000090000000000002,927586431314972586658314279571623948469158327283749165192467853836295714745831692
000000700070000003000900004050019007900080000000764002104607908760200000590003070,425136789879425163613978254256319847947582316381764592134657928768291435592843671
203000790000640080000703120007364059039205000000910000005000002076520000900030500,243158796791642385568793124127364859639285417854917263315879642476521938982436571
000620403000078020802000500000240090690000040004030000000700200900000000006310750,719625483453178926862493571378241695691857342524936817185764239937582164246319758
001000000080000007000000020000601000703090000006037010060080001500004080140526030,391872654682345197475169328824651973713298465956437812267983541539714286148526739
000600000007045609603000004500070000000230051000000400370960025026500000900000006,489623517217845639653791284591478362864239751732156498378964125126587943945312876
000076000900305000000012703709860000000104090000029000168207300090601008000098176,231476985976385412845912763719863524382154697654729831168247359597631248423598176
100090000090504080074230010000003008500000603030842007000007005000009836000000400,125798364396514782874236519217653948548971623639842157483167295751429836962385471
000097060706580010040003500500018046401906000070032000004000030063000001950300684,315297468726584913849163527592718346431956872678432159184679235263845791957321684
200000107800070009307105420008000000004007000020410000400001805780090001000003702,256934187841672539397185426178369254934257618625418973463721895782596341519843762
120060090409020000508000710000000530005000080004100007000609070003000968000000005,127865394439721856568934712672498531315276489984153627851649273243517968796382145
000700508000010739497000020000030090300180050906020000080000900204070000700060002,123796548568214739497853126845637291372189654916425387681542973234971865759368412
800750010640000030570043000000100000020060300000500000068000120050009000030001045,893756214642918537571243896385194762429867351716532489968475123154329678237681945
703000008010960000060000000008003060000078000030604005000750000004000006251006870,723415698815962734469837512548123967692578143137694285386759421974281356251346879
019000000700001000028000000200000510000802000001040800852000140100428900930056000,519263487746581329328794651283679514495812763671345892852937146167428935934156278
780500000020000010430090020000400000658000043370000000007368000060010408092705001,786521394925834716431697825219483567658172943374956182147368259563219478892745631
058200061106000020297060000004800009060403800301900502800300000005000000000701280,458239761136587924297164358574812639962453817381976542819325476725648193643791285
003048015701952040502001080809070020406000800200810006005104000900060000000007590,693748215781952643542631987859476321416523879237819456325194768978265134164387592
000090000007458010500020700000001500000000000106030000068012904002740000004060027,243197865697458312581623749439281576825976431176534298768312954912745683354869127
000489001070000080580206000000301000000047060100095820090060500000750000700004000,263489751479513286581276349856321497932847165147695823394168572618752934725934618
090706150075002000008400000659008000012573000030000502541800060020004871003000005,294786153375192486168435927659218734412573698837649512541827369926354871783961245
000261040000308057600040002004802090072610035096400000000104000700000100000500200,957261348421398657638745912514832796872619435396457821283174569745926183169583274
000609000006850001000007000340100067010000090002700180060040700073000009084006000,421639875796852431835417926348195267617283594952764183269341758173528649584976312
010000000000120000905000200000905002070600950500000080000090000046000095059367004,612758439437129568985436271368975142274681953591243786823594617746812395159367824
000030008460000000800510000000301074010000500040000000981062730670100809052790406,125637948467289351839514267598321674713846592246975183981462735674153829352798416
130006040000020060467000050003018000740200800850000020074801005500000013000002000,132956748985724361467183952293618574741295836856347129374861295528479613619532487
000030000367080100008005704079006000015000806036004000000008300100609000000000000,541937682367482159928165734479856213215793846836214975792548361153679428684321597
000000700020037908300000416006000841401000000000013602000700030743000100000000200,519684723624137958387925416236579841471862395958413672162798534743256189895341267
900003026070004908300200017031006809040000350092000104020000080050040000163008240,914783526275614938386259417531426879648197352792835164429561783857342691163978245
008000047040506000000009020070023080800054902092068300004617090020005000010040050,958231647241576839736489521175923486863754912492168375584617293327895164619342758
000000480800340006090000007500400123062003040004000600000038000203050860070004000,326971485817345296495826317589467123162583749734192658651238974243759861978614532
000013708740050016300000025000002001015000002402005000007020584290000103000040200,529613748748259316361784925973862451615497832482135679137926584294578163856341297
010000006600147002050903014806370001030001067100006203000024030020009005060500020,413285976689147352257963814846372591932851467175496283591724638728639145364518729
000000080070000000800105070020000390037000510000000000100000032760390000250401809,615937284379248651842165973526814397437629518981753426194586732768392145253471869
300000642002300819000006370070020030006031500103560020020080000000719054000000000,359178642762345819481296375875924136246831597193567428527483961638719254914652783
900000070030000020000385910600008102800000503010000800000060004001007000042839601,986214375135796428427385916653978142879421563214653897598162734361547289742839651
200000000009704008040200900000120000080600020521047000900070006600080507400500302,237958164169734258845216973796123485384695721521847639953472816612389547478561392
035270060042005098900000035750900003000010079009000500400000301000600007000104020,835279164142365798967841235754928613283516479619437582496782351521693847378154926
070002100004009600000001053001980264020004000400200010000300026082006071007400935,578632149134759682269841753751983264823164597496275318945317826382596471617428935
000700600108096053270430918700040000000500002080020000000072400000000035001650800,539781624148296753276435918712348596394567182685129347953872461867914235421653879
001308020800206010026001005300700050940800000000000480508400000200085340130620000,751348926893256714426971835382714659945862173617593482578439261269185347134627598
000901000570420001009080024006092000742068090000004060203600009000000300960043000,624931578578426931319785624836192745742568193195374862283657419457219386961843257
000020000065037209010549600150263000340000000600000508700402300201070000000908720,973621854465837219812549673158263947349785162627194538786452391291376485534918726
000409001000000002000120007000543008080096070060807003000600029006700350000000016,632479581817365492945128637721543968384296175569817243173654829296781354458932716
000200000200000040060040000000000400050690102906000830000420080800700900514980000,481267593293851746765349218127538469358694172946172835679425381832716954514983627
620000015001000709049000000000000000702160090965274008076900000100030020004001903,627498315831625749549317682413859276782163594965274138376942851198536427254781963
005000067000007900003602400106090000000000000900060500510920004030458072008031009,245319867861547923793682415156294738384175296972863541517926384639458172428731659
200001007070005000805070000026040000000600704407000000000800000000106003908030406,239461857174985362865372941326748195581629734497513628613854279742196583958237416
507961342006200050340500000753840600208000000019000280000008900070600003025000806,587961342196234758342587169753842691268719534419356287634128975871695423925473816
010003500509000014430009076000380605300560007054790000000000790945030000020010050,216473589579628314438159276792381645381564927654792831163845792945237168827916453
603090000980000000000020391008052039510309006000006005100480002000260100035017800,623791548981534627457628391768152439512349786349876215176483952894265173235917864
000090050700800002500070190023000000000068000690007503400912030000000000008005004,382491657719856342546273198823549761157368429694127583475912836231684975968735214
050741090000030500100250000006390170900005000000800050200400000643010000001500000,358741296729638514164259837586394172937125648412876359275483961643912785891567423
130000400700006003000003000000009870803514026069000500307000000000305000054900310,138792465795146283246853197512639874873514926469278531327481659981365742654927318
040000900000400027000000050504100300100004002029000741403006210000512000050040600,347251968965438127812967453574129386138674592629385741483796215796512834251843679
006580900230009540700030060300900001000040002000000700000176000000000010501000300,416587923238619547795234168327968451189745632654321789843176295972453816561892374
070000042140000000002050109000000700807005060006800005730540926090002050200096310,579183642148629573362457189453261798827935461916874235731548926694312857285796314
807360504003150070000700003040000800002483050600079021206001009700000300004900000,817362594963154278425798613549216837172483956638579421256831749791645382384927165
200040000400000000010907002028050010051800000000002000004728000580003760003061800,276145389439286175815937642628359417951874236347612598164728953582493761793561824
000042071100900000200056000040601030080475906000038000003000009705809100000503080,956342871134987562278156394542691738381475926697238415813764259765829143429513687
079000003600050002000201007180540926000000041060310875800103209090405000002008004,279684513631759482458231697183547926527896341964312875845173269796425138312968754
000890030000006800300071040010402500430500961000610320084920006003000000006108093,765894132241356879398271645619432587432587961857619324184923756923765418576148293
000008000018040950000900380060405007000000435000070000480290000100003040030000210,693528174218347956547916382961435827872169435354872691485291763126783549739654218
004000850000108000003000000340000000500710092720063080000007610008026047007490030,174932856265148973893675124341289765586714392729563481432857619918326547657491238
000937001100520394000000002946051000700063409032709005600005287090000000070000900,425937861187526394369184572946251738751863429832749615614395287293478156578612943
672340001850100324001580796080000000090700000100008007005003008000005609700690030,672349581859167324341582796587926413496731852123458967965273148234815679718694235
279063010540000306006950000000002007000000831000815000650080720080000960000500183,279463518541728396836951472418392657925674831367815249653189724184237965792546183
708000000206704000000023000000078500000060097001002000085000100000500040360007900,738691254216754839459823716693478521842165397571932468985346172127589643364217985
000700080300800007470060090001500020000007800607103000000470230700001060100036070,216749385395812647478365192831594726954627813627183459569478231783251964142936578
940000002010304000070200090050079000200000000734000005067905000083000050509000470,946157382812394567375286194651479238298513746734862915167945823483721659529638471
185000076396050000000806100900010000000008520050070000018000000069741000430085690,185324976396157284724896135943512867671438529852679413518963742269741358437285691
600905007095100062107036090941600570072000600080000000060701000219008000750000104,634925817895174362127836495941682573572493681386517249463751928219348756758269134
000000001685000079000964000200640000400000000016020304903080002070006000000070000,349758621685231479721964583238649157497513268516827394963485712172396845854172936
500000080001000975700001046100038000090025007307640520278300400400000060950400000,562974183841263975739851246125738694694125837387649521278316459413592768956487312
906301080000800000070500291502000007001070800009032000190203006000000000600150048,956321784214897653873564291532418967461975832789632415198243576345786129627159348
000421000300000520004000681402800090000000000006094800040005008001200900209008007,568421739317689524924537681472856193895312476136794852643975218781243965259168347
030007040700204503804000000027008004001700605000140072000005009400002706096073200,532697841719284563864531927627358194341729685985146372273865419458912736196473258
701846000000709410500100009003098000900012003000375000000060008069234750030907600,791846235328759416546123879453698127987412563612375984274561398869234751135987642
060000570200040000000087000007010620980020431000394700000003006000200057006408000,164932578278541963593687214437815629985726431612394785729153846841269357356478192
708050021000038000900007308090685007007200096000000080000000050000560010100804002,738956421642138975915427368391685247587243196264719583829371654473562819156894732
360010040010004000804000009600000204201000085000002100123608007700000800900407000,362519748519874623874263519697185234231746985485392176123658497746931852958427361
000000000000000090035070016000900040460000920502060000051040009700090080900020004,179486352246513897835279416317952648468137925592864731651348279724695183983721564
000100070090007600000030001004001030306000210000603000050009000013004090069000005,632158479195247683748936521584721936376495218921683754457819362213564897869372145
020100000705080314000003000047008000538000001600000870382490706456000000900300400,823145967765982314194763285247618593538279641619534872382491756456827139971356428
000062040600004857000080000046910200908030400012006005000000502097003600000800734,781562349623194857459387126546918273978235461312746985834671592297453618165829734
040175000391002000500009014610408032000200060200010040160007400000300670000000000,842175396391642587576839214619458732457293168283716945168927453925384671734561829
980002073000030040307980000043060000510003006090500008000015204000427080425008307,984152673152736849367984152743869521518273496296541738879315264631427985425698317
300000001860310900210009000050000002030006000700000000000000530501063094670090028,397645281865312947214789653459137862138926475726458319942871536581263794673594128
000000000000002300012000000501300080000071530300050000740005000050030416090000753,635789124987142365412563978521394687864271539379856241743615892258937416196428753
000080000009003000835090020090300002050600010200040000000000008500832901001400007,612584793749213685835796124196358472354627819278941356423179568567832941981465237
064150900050803000900006500009680275006900030500000400020010060600500108400008052,364152987752893614918746523139684275246975831587231496825417369673529148491368752
070204001000009024000000080700500010014890000059006003001005000040908130020043000,573284691168359724492761385786532419314897256259416873831625947645978132927143568
003100400500000217400068000000000003037000002600004701068007020000810530000240000,793125468586493217412768395145972683837651942629384751968537124274819536351246879
005400076004070801600001000013009000069108300058026090800900215000000083372010000,125483976934672851687591432213749568769158324458326197846937215591264783372815649
000000000100040590000000000830020054000531008600000070008002700000010000295400601,524397816163248597789165342831726954947531268652984173418652739376819425295473681
000100000007000240020409016003900700060200038270000060405026090710890604000004000,694152387157638249328479516843961725561247938279385461485726193712893654936514872
000000400709008005400670280000000020040896007000700040010200800207004000000503060,628351479739428615451679283873145926142896357596732148315267894267984531984513762
002068003030570000000930870000000061000090302020080900010600008000209130490000620,972468513638571249154932876849325761567194382321786954213657498786249135495813627
038605090760019000009800400900300600046000000000290040001960350600030100000000002,438625791762419583519873426925348617846751239173296845281967354694532178357184962
004800009700000000001904306020043090005009070007006800003008460908000003402000005,634851729759632148281974356826743591345189672197526834513298467978465213462317985
009106000168040500002000106090000200000600000506410900903804702625709410070500090,759186324168243579342957186491378265237695841586412937913864752625739418874521693
600000000108007000900040030500034802000000000010082360000590000201408956759000000,623859147148367529975241638596734812382615794417982365864593271231478956759126483
100900024000502000405010000000000000800030200002080400210000000608401050054090000,187963524963542781425718639346257198891634275572189463219875346638421957754396812
708430000600000800010809030800003000000902000005007083000004500000008002004075000,758436921639721854412859736826543197371982645945617283297364518563198472184275369
000020005050000063800006704605000400080090006430600009046000107500000000200070600,764923815951748263823156794695832471187594326432617589346289157578461932219375648
500012000037600000800079400956020043700005690040900500000500700600084900095760080,569412378437658219812379456956127843723845691148936527384591762671284935295763184
560370920000000000000020000000035000750006000304290000040050080025089600800040501,561374928298561473473928165986435217752816349314297856649153782125789634837642591
005000106000001009610070400300047000020009068100000320003006047047090000201000003,795423186432681579618975432386247915524139768179568324953816247847392651261754893
800400000002000643400006010040079000009000400006200030680100390000004006000060800,861437259752891643493526718248379561379615482516248937687152394935784126124963875
000502017040000030002049080004000000001096008860310040020000500180054020000920861,698532417745861239312749685534278196271496358869315742926183574187654923453927861
609000047000907260000006039804000715000075080007000090003024000002563001765809400,629381547341957268578246139834692715916475382257138694193724856482563971765819423
570009061160750400008001705080000100700305200320016000650100090810064030000090600,572849361163752489948631725486927153791385246325416978654173892819264537237598614
460010080327000091000300000900074000076009450000260037004007000058000000000000000,469712385327485691815396274983574126276139458541268937634827519158943762792651843
600450007593602000042000650007860004801004500000520000386005090070903060000000800,618459327593672418742138659257861934861394572439527186386245791174983265925716843
000060200000305900058024000030000000000008003004036090000003000075690340003802000,349167285721385964658924731537419628962758413184236597216543879875691342493872156
000008720007000050300000900000901007000280090049735802076453280000000031205000604,461598723927364158358127946582941367713286495649735812176453289894672531235819674
816000005304000000729030681007060010000001000001200000000007040475810000100493050,816729435354186927729534681237968514548371296691245873983657142475812369162493758
410200000000005002000180003052038000106540000004600087040701065070006001060050904,413269758698375142527184693752938416186547239934612587349721865875496321261853974
685000013070010598192003746030670459040000007706340000028000004007000080000005000,685497213473216598192583746231678459849152637756349821528731964367924185914865372
650000000000000070930000002500030200000000008870400000465900020000204005702005094,657342189124598673938716452596831247241657938873429516465983721319274865782165394
030000060050063000960040300073010500080006000601200083300004150010300000005070634,734821965158963247962547318273418596589736421641295783327684159416359872895172634
003408000000200300009050800604030720002800000307020150000080000500103000708065201,273418695865297314419356872684531729152879436397624158941782563526143987738965241
120090680000050913370600000000100000000070030097304000001238700700006000000010300,125493687846752913379681452238169574614875239597324168961238745753946821482517396
600091850090000607001006040000009008010020300580600490040810030709000000108007500,624791853395284617871536942463159278917428365582673491246815739759362184138947526
902053800030098406000007030008000043090000002200100700004300500000800070300001020,942653817137298456685417239758962143491735682263184795824379561519826374376541928
002000000000040207043092050010000040200006008000400520400000030590300400000004901,162785394859643217743192856915278643234956178678431529426819735591367482387524961
000100000900073061003009240600504700518702004004001000005000020096240100201038050,487126935952473861163859247639584712518762394724391586345917628896245173271638459
070000900903470108004090023700812040001753000000000000080530670030060000090100400,876321954923475168514698723769812345241753896358946217482539671137264589695187432
340000107987600500000400000200000001090700056453000000700940010100380040560200083,342859167987631524615472398276594831891723456453168279738945612129386745564217983
042916300908040206600000000106000000000000030000020000000090040400000008290684001,542916387978543216631278495186439572729165834354827169815792643467351928293684751
902005100050000000001000005020000000000040021000129570007360008268091700000080610,972835164653214897481976235126753489795648321834129576517362948268491753349587612
000000050900010000080500102508020001000001500103050009000000080000800307830200600,317462958925318476486597132548923761692781543173654829769135284251846397834279615
004398620060700003000002095001076009006400017003109060080005070100000000000210006,574398621269751843318642795821576439956483217743129568682935174137864952495217386
600000000874065000500904600002496300056001000030500000047000001005149078090700006,619287543874365129523914687782496315456831792931572864247658931365149278198723456
900500246006400000102000008690003812384000000000690000000000089010054003000309100,937581246856432791142976538695743812384125967271698354563217489719854623428369175
000609014024030097000000020008002903060000072300005100000206700050080001030000809,875629314124538697693147528718462953569813472342975186481296735957384261236751849
000160045607450028458007000000000009269000004500040016701030060000000800000900100,932168745617453928458297631174526389269381574583749216791835462325614897846972153
800650000000000000009003800000400789630000002047528601000000057105090000000200000,812659473364782915759143826521436789638971542947528631293864157185397264476215398
900006013600001000005000000000700900056000400000008601509002300000085009080090200,972546813638971542145823796213764985856139427794258631569412378427385169381697254
040009030693041820800006009700300900030000200050010400075008000201403507000007000,547289631693741825812536749724365918138974256956812473375628194281493567469157382
090080314070004080040000000021000869980102005050000000000400000000859030865270001,692785314573914286148326597321547869986132475457698123239461758714859632865273941
025800040009500802008120569603052080057010400000300005706090050000601098002000000,125869347469537812378124569643752981257918436891346725786293154534671298912485673
760090050005017904000000370000620039096080005002000001620908013010003480080100207,768394152235817964941562378174625839396481725852739641627948513519273486483156297
900062080380705241500001300000000520200030000061050007002040073740010000138020060,914362785386795241527481396493176528275839614861254937652948173749613852138527469
000190000005003010000000605008002006000050083593070420000000500009020008000036070,687195234945263817312784695478312956126459783593678421831947562769521348254836179
001006000000810490000730010540680000900000003200300580000043000000000000000250971,791426835632815497458739612543681729986572143217394586175943268829167354364258971
000073400000500038000000000002000094010000600000097080361000040009601000047005010,195873462426519738873462159732186594918354627654297381361728945589641273247935816
010248079000007010020010008870004000050030084064000105005020007000473050736090020,513248679948367512627519348871954263259136784364782195485621937192473856736895421
080070312009200700006050000060900103070065000001000679607420501100700006200000007,485679312319284765726351984862947153973165428541832679637428591158793246294516837
021700000700250004005901702800000000190000085654030200200300000067004900500628000,921746853786253194435981762872165349193472685654839271248397516367514928519628437
090000017021060405700000000800004000000320040500000000030040000486030200210000004,698452317321769485754813692863574921179326548542981763937248156486135279215697834
605900700003600050020500630090200040360104002002005310100700083000402005250368000,615943728983627451724581639591236847368174592472895316146759283837412965259368174
570063009000042003003519000005080960608000000791025800006930020000000190040000005,574863219819742653263519748425387961638491572791625834156938427387254196942176385
200803940000046017640010008000000073820030009439620080700002801000008700300100000,271853946958246317643719528516984273827531469439627185794362851165498732382175694
300002000000000001124078000003000002470026095098050070002001003000080100500000907,369412758785369241124578639653947812471826395298153476842791563937685124516234987
610000000007000800000000000100000000706820030200000970060003700000670003900410268,619538427327146859548792316134957682796824531285361974461283795852679143973415268
000050000000020000000800000903080500278004019050003000000400100847000035500008090,164357928785129463392846751913782546278564319456913872629435187847691235531278694
001040980000130600364809000009080000500700090000004000003000005800000000416308700,751246983982135647364879251649583172538721496127964538293417865875692314416358729
000000002000700000239006000003000086910482507800307000000038000190650820080070000,768915342541723968239846751473591286916482537852367194625138479197654823384279615
800105006000008000369042000604009000180020900000000650400050700500003002031200004,847195326215638479369742815654379281183526947792814653426951738578463192931287564
690200183738001005005308709000000200060009000000400000209005600006094002001632004,694257183738961425125348769987513246462879351513426978249185637356794812871632594
010000004000000835800070921381942600762005410400000000040293000920051046000000000,213589764679124835854376921381942657762835419495617283146293578928751346537468192
000000000030040016004000500026104090800000105100060002000050900300002600400870200,251687349938245716674391528526134897843729165197568432712456983385912674469873251
002060000010500700796010280030002000000000610009040300000000506600000104005030009,352867491418529763796314285531672948874953612269148357923481576687295134145736829
300060100084751063020030800010500004500000020002980010040000580000005390200000070,357862149984751263126439857718526934539174628462983715643297581871645392295318476
023400001090001700714006002209100000080020100300009046040000003008004007172360050,823457961596231784714986532269145378487623195351879246645792813938514627172368459
000098000605300000090000003000902000000400702007030600000040000040781000350260800,273198564615324978894657123136972485589416732427835619768543291942781356351269847
070030001300016007612080000067050008000807000004061275086503400000079002000000703,579432681348916527612785934167254398235897146894361275786523419453179862921648753
020006010945010306000345027002090408600050170804000605500000009091400000070000200,327986514945712386186345927752691438639854172814273695563127849291468753478539261
040000089005700300800000000060105408000000167018047035170000600059470000006013970,742361589695782341831954726367125498524839167918647235173298654259476813486513972
002951000900000700000060800050000980008100240024000000076392008000000590849000070,782951634965843721413267859157624983698135247324789165576392418231478596849516372
050042080020078000080900040000030024037200010040561730600000305093010200000090460,359142687421678953786953142165739824937284516248561739614827395593416278872395461
008004070100000045070065908015000093030000016000000050907081432841000007050076109,528934671196827345473165928715648293234759816689213754967581432841392567352476189
500100004016040300492050006100020005000600009679000030000790203000000000900000081,583167924716249358492358176138924765254673819679581432861795243345812697927436581
072060093609000000030002004740020300000087000080000725005006000804030007000000000,472568193619473852538192674741625389253987461986341725325716948864239517197854236
800003010039000870042100039000500020261000007480007000028700040000002065500009000,856973214139425876742186539973514628261398457485267391628751943397842165514639782
020000000600090000000000240076305000812900000000072060050630029000009654009104000,725481396684293517391567248976315482812946735543872961457638129138729654269154873
009050020500047100072019000003104006000000002047080300804001005000000904010490070,169358427538247169472619583983124756651973842247586391894761235726835914315492678
700002436002000000054000000006504000040317600007000040900068000080000069600900080,798152436162843975354796812836524197549317628217689543973468251485271369621935784
005000004097000008800000500381000400470006000520004000600010235000500680053068900,265389714197425368834671592381792456479856123526134879648917235912543687753268941
800000006000050000450007000000600305000502068085000290004000050100090640027000030,879143526312956784456827913241689375793512468685374291964731852138295647527468139
000095004000080000000000000804070020076050400001034070020000045007513000000002013,782195364315486297649327158834671529276958431951234876123869745497513682568742913
060089003000000000000610002900800006000960210000040039540000108031458960086291000,162589473853724691497613582914832756378965214625147839549376128231458967786291345
135008040008032000092005800000600009010350000004090006200070900809000503403020700,135968247748132695692745831327684159916357482584291376251873964879416523463529718
109400000038000009040109008060740900000060000000000020400050190315004000007310000,159438267738526419642179358261743985984265731573981624426857193315694872897312546
193420000072103004080000031009840005000507400050000700830250009007000503005038102,193425867672183954584679231719846325326517498458392716831254679247961583965738142
410000000006000500009300780080900000000020050002108003005700000000645020040000065,418579632376812594259364781584937216731426958962158473625781349193645827847293165
400050700236094800000630000000006009907002050010070080650407108040960030702000000,489251763236794815175638924528316479967842351314579682653427198841965237792183546
100750000087000320006002751010008000000001200000537049490070000600003918000000070,123754896587169324946382751319248567754691283862537149491875632675423918238916475
060090700903807040005100009708000030000005892532000400080000000001043070059670000,864392751913857246275164389798421635146735892532986417387219564621543978459678123
560000040000546000040037850900000300805063197600019200400002009300000028090084000,563298741718546932249137856971825364825463197634719285487352619356971428192684573
508000000493102000000004090600000001250018000010000006900006170001200000065090238,578369412493182765126574893687943521259618347314725986932856174841237659765491238
100509000874060000000040000030021807200000000040890603000000000000010500000907046,162539478874162395593748162639421857285673914741895623956284731427316589318957246
830071000070800000021639807000010008300060010007000465549020000700098020018400003,836571942975842136421639857652914378384765219197283465549327681763198524218456793
461050000700600000050900000600009000005426017000008050100200080500180209006794001,461857392789632145352941678618579423935426817247318956193265784574183269826794531
000007409007000000006010782008450020500030800040000010703080000020570000005003278,251867439387294651496315782138456927572139864649728513763982145824571396915643278
400030600008050003200400000501000760000000001760500034000070306050043009000900050,475132698918756243236489175581394762349627581762518934194875326657243819823961457
059000078000020915000050600008002050000000300020700061290586007300219000006473009,659134278834627915172958643918362754765841392423795861291586437347219586586473129
052030080040000200860200000000000000007168004630705010000000000000623700006000008,752934681943816275861257943189342567527168394634795812275489136418623759396571428
000070420208000731070000000500000100003400002027900006000000500030005000452060000,965371428248596731371824695594682173683417952127953846719238564836745219452169387
032600907960500300100090000603001708820030001000000000000100000000800030200004000,532648917964517382178293465693421758827935641415786293356179824749852136281364579
017605002000020000060090010082040000000010008000006000951000000006509701720000309,817635942594721863263498517682347195475912638139856274951273486346589721728164359
004070090000016700020094000547962300000350007009000500001000039405030006000009050,164273895953816724728594613547962381682351947319487562871625439495138276236749158
000570400000900600005000007360720501020140060001060049006087102098004376030600000,913576428247918635685432917364729581829145763571863249456387192198254376732691854
081005200006002010040030000000700001405010027100600500274561300638040002519200000,981475263356892714742136895823759641465318927197624538274561389638947152519283476
050063020000000906003700001300000107010306000605000800500080000900500672006070000,459163728271458936863729451392845167718396245645217893527684319984531672136972584
320005000506020830000040000013600057900002000650437000890010703031060000400003900,324785691576921834189346275213698457947152386658437129895214763731869542462573918
000004000000057806070006029000001207400030900200075604109008300804603790006529000,618294573942357816375186429593461287467832951281975634159748362824613795736529148
062004000700200003000007005001006950009800007570000000600000010100603000005001036,362594871754218693918367245281736954439852167576149382693425718147683529825971436
200980160006400820001026000000050380063800700008700002000604000600500238035290000,274985163396417825851326497427159386963842751518763942182634579649571238735298614
030000090560002000000000100008040500100007340400020068300078052209001000080030000,834716295561892473927354186678943521152687349493125768316478952249561837785239614
018706200090000007720800564060085000000004092307060000000030920002000780000008000,518746239694523817723819564269185473851374692347962158185437926432691785976258341
040730000307800004000140009050608003006090750970050046003004601800060032060003080,641739825397825164285146379452678913136492758978351246723584691814967532569213487
004350000002684001005270800000402000000890010090015008800000175001027000070100420,784351269932684751165279834318462597457893612296715348823946175641527983579138426
003600200004705000000000007765000000002007000049003005017809600006010000200406000,573681294984725316621934857765148923832597461149263785317859642496312578258476139
609420000000906200452000000043000020000063500005000000906084700587000402010002090,639425187178936245452718369743159826291863574865247913926384751587691432314572698
600052100000000076020900000510290800006518000900003001207009040004600700000000610,678352194359841276421976385513294867746518932982763451267189543194635728835427619
056409002419000730020010690004520000008047100200068507000090300040003260000070009,756439812419682735823715694674521983538947126291368547165294378947853261382176459
900805000006900000150030000208009630490053108503200000630000004700060502821000070,974815263386972451152436897218749635497653128563281749635127984749368512821594376
172000600008070402000000070005200000286000000410000503009000060703060015601000307,172934658968175432534682971395241786286357149417896523859713264723469815641528397
000000000007000010014802000000400023100000590070300040460003970080000060001906005,852197634937564218614832759596471823143628597278359146465283971389715462721946385
020007010480050309007900600100000043003020001000000900000000100230004005598703006,925367814486152379317948652159876243673429581842531967764295138231684795598713426
020007005900000460000296731092070000738500009000100070000900006050000000040001007,623417985917385462485296731192873654738564219564129873271958346356742198849631527
721008360940076050000000079000024605076015903100009082000002037007080406000007000,721598364943276158685431279398724615276815943154369782869142537517983426432657891
000000000300000510079120360090280600007003020200009040930000087020307906000000231,641835792382976514579124368493281675867453129215769843936512487128347956754698231
076020014000000008008091760000003075030506020000710040000000400009054680040000530,376825914194637258528491763462983175731546829985712346653178492219354687847269531
900000230527908000308020500400000000035809000000040300000000003000094000750600002,946157238527938164318426579479513826235869417861742395194275683682394751753681942
807061000094080607000047000081730005020000096046209001000003769072198004000000080,857961243194382657263547918981736425725814396346259871518423769672198534439675182
000702609057306120960158300000000003620000091503000702048639070005010000000005004,381742659457396128962158347879521463624873591513964782148639275295417836736285914
385041900261079000000005006000400050000003001704000263108006500000000190000000004,385641927261379485497825316836412759529763841714598263148936572673254198952187634
003000900080000000000902000060000891039000500010495026602070080071004039000801042,423186957986547213157932468564723891239618574718495326642379185871254639395861742
200684000805903702004005896002008070739100000608007001900800050420001609000000010,297684135865913742314275896142568973739142568658397421971836254423751689586429317
000070000000008001380510047471605080003040000200180900900000050010800006630050029,156472893742938561389516247471695382893247615265183974927364158514829736638751429
630740080000000673008603010009000000000090027700002000403000158007800000002000746,635741289241958673978623415329475861814396527756182934493267158567814392182539746
004302007200650900013400020008000302700800600039000080070008531090004070020030409,964382157287651943513497826648579312752813694139246785476928531395164278821735469
056009480094006000107020096910070000400600050000030000500000040020003005800060010,356719482294856371187324596915278634432691758678435129563182947721943865849567213
000000000208360070060075000001000459573910620009000030090000581430100796100690040,317249865258361974964875312821736459573914628649582137796423581432158796185697243
316802500240600030750000008000407103000000094000000070000061080100048000080000000,316872549248659731759314268965487123871523694423196875594761382137248956682935417
100030070068209000050007021005000000016700003000005000500000009600002035800401760,192534678768219354453867921345126897216798543987345216524673189671982435839451762
000000005007000002604027000008270100000050060005601300080000701052000830340082500,823916475597438612614527983468273159139854267275691348986345721752169834341782596
430065000600120039010800000301000070006930000072010400058006010000200080003500900,439765128687124539215893647391452876846937251572618493958346712164279385723581964
000080000002014050640205001000096005059000400026040000004000030801002000003060080,915687324382914657647235891438796215759123468126548973274859136861372549593461782
000050030000400028000130000000081000030902040000503890000396050020000000600804010,761258439593467128482139765945681372138972546276543891814396257329715684657824913
007000000036000075009670010008000501000341086060020307080000090004010030000000054,157834269436192875829675413348769521275341986961528347683457192594216738712983654
007003002050602000200400305070904000042050609600000040080000004005840973000070000,917583462354612798268497315573964281842751639691238547786329154125846973439175826
040000020008090047000407056000020785000000000900000610009000570000270000173509060,746358921518692347392417856634921785821765493957834612269183574485276139173549268
020900001000820060600010400956008130010000008030651007061000009207090315009030820,824963571175824963693715482956278134712349658438651297361582749287496315549137826
000096073050000640700400500000010300600005000003000158000050000130748005020000700,412596873358127649769483512245819367681375294973264158897652431136748925524931786
000010006109082000700009001247850100810000000000230008608900012000020850532100000,385714296169582743724369581247856139813497625956231478678945312491623857532178964
006000090000000070500000080009004025345060710872000000950607000014930050723018960,286375491491826573537491286169784325345269718872153649958647132614932857723518964
590800400000052030631007502100703250005000000370000040000200000800300020000504000,592836417487152936631497582164783259925641873378925641753268194846319725219574368
008100400109040000400009031000000050000400023004000900000200007640070002700603008,578132469139746285426589731213967854967458123854321976385294617641875392792613548
000400600086900400000060502050000109000080000004309020000090700000208903109030000,923457681586921437471863592358642179297185346614379825832596714745218963169734258
000000092400002351003000007000906705000020000020050060040568070000000000709030000,587413692496872351213695847134986725675324918928157463342568179851749236769231584
480000250501003470000000100000100060002000907600090080100504009000709010900008030,489671253561923478723845196394187562812356947657492381138564729246739815975218634
800000470941765000000080900029170680017000290650000310000000700096020000203010049,835291476941765823762384951429173685317856294658942317184539762596427138273618549
010000006075006900006030100028500600004000701060970008050040307831005000607001809,319257486475186932286439175728514693594863721163972548952648317831795264647321859
050703000802900007730185060005600900040030170070000023097060308081007400400000702,659723841812946537734185269325671984946238175178594623597462318281357496463819752
090078400402000008080900605800000140000700850500082007250010700010007000370000210,695278431432561978781934625827653149163749852549182367258416793914327586376895214
804500760000000000001304020209601485060400200000007600500100900040723100007965040,834512769752896314691374528279631485165489273483257691526148937948723156317965842
900000002030000600004006593420009705000078004008500036080020460309005100000400008,916753842835942671274186593421639785653278914798514236587321469349865127162497358
006708093800000070907030050621000005005000020000504000100300760370410009069800000,216758493853249671947631258621987345495163827738524916184395762372416589569872134
090040300030005270700030054401000700000060820560070040000000512019020007050613000,195247386634895271782136954421358769973461825568972143346789512819524637257613498
000215900007003000900600143000034090300060400000000000006000070000007000700056034,643215987187493652925678143261534798379861425458729316896342571534187269712956834
006193000971640032054000600105004007760000000000016350000060005030071000609082040,826193574971645832354827619185234967763958421492716358247369185538471296619582743
000104875540070003090306410060805040005000201400000006359000067000500000004907520,236194875541278693897356412163825749975643281428719356359482167782561934614937528
006300000034108000008006700900000800062483900305027006000250000001000090420700358,596372184734198562218546739947615823162483975385927416873259641651834297429761358
000207000200040000087610302603020000000906030000004006508000607030000000020009413,345297168261843579987615342653128794472956831819374256598431627134762985726589413
275000809060000070000580623002900060090000005600070000003006000426000050000002086,275634819368129574941587623532941768197268435684375291813756942426893157759412386
259000308000000500308000009092030800600105703000000005940078100000600007006300000,259417368461983572378562419592736841684195723137824695945278136813649257726351984
000000020029003001071800040060405000000080200003006008000560184100908500080100039,835614927429753861671829345268495713754381296913276458392567184146938572587142639
020056700030200000600430290504080010000060058861345002300000009000920000040000007,429856731735291684618437295594782316273169458861345972352678149187924563946513827
900000070456000000180900600060004150010090040709000200294300007005200416001000000,923561874456837921187942635368724159512698743749153268294316587835279416671485392
008061000021005000000000010000000004000400000304000081000040000017053426602000803,738261549421395768596784312185936274279418635364527981853642197917853426642179853
009074080075020063000000090100000005734000000658090207001500300000402001520809070,319674582475928163286153794192746835734285619658391247941567328867432951523819476
007504820000098070098176050070000030050000004809045100001307208504080000080001006,617534829345298671298176453476812935152963784839745162961357248524689317783421596
000908630350407010090200007200800005000170004700090268920001450100020900560040001,471958632352467819896213547249836175685172394713594268927681453134725986568349721
000006203200038640046201000001000000425610037008020069870090050900800000000300000,589476213217938645346251798691783524425619837738524169873192456962845371154367982
200907000000400000000602000006523010100006020002000800847000050600000200325710649,264937185953481762718652493486523917139876524572194836847269351691345278325718649
000106950106000780000507600000400091000000000093010507070953000000060000060021839,347186952156392784289547613628475391715639248493218567871953426932864175564721839
008060450043050070000004003000200600000405001000608000080000002205700980430980006,128367459643159278579824163854213697396475821712698345981546732265731984437982516
007300000004602000018450006700000692002500000800006000906030040120000803480000270,267389154594612738318457926751843692632591487849726315976238541125974863483165279
010000879030008042508700000000600090072009300360007000706000201800201907001300480,214536879637198542598742613185623794472819365369457128756984231843261957921375486
200800764867400159000000002094000380601500000083000000300107296000080410400092000,239851764867423159145769832594276381621538947783914625358147296972685413416392578
008700400005084709070006008196350002003000905007400003800070504439600000702000000,628739451315284769974516238196357842243168975587492613861973524439625187752841396
480150769050200000100800020075360001000900057060085090024000100510030000000012540,482153769653297814197846325975364281348921657261785493824579136516438972739612548
001000000060380100329004508600000209005700300400000806057206401900010002032007000,781625943564389127329174568678431259295768314413952876857296431946513782132847695
006400000005930026870020090100864030030050000008210600041000002302000960569000401,296471853415938726873625194127864539634759218958213647741596382382147965569382471
073000650000700089000003007000050006200360001090000800000276008740001062362408705,873912654621745389459683127134857296287369541596124873915276438748531962362498715
460259001800010000910008304049005010080140500000020008734080200006000040020003170,463259781875314962912768354249835617387146529651927438734681295196572843528493176
073940000000670000001382000132068000008253000060400830020000700407806950000000200,273945186584671329691382547132768495948253671765419832326594718417826953859137264
069003041052900080008005609000007906670000408000060070080600710907001800006000090,769283541452916387318745629241857936673129458895364172584692713927431865136578294
200000060480300190000701000000968504094000008000073000003607000000000000076002000,215849763487356192369721845731968524694215378528473916143687259852194637976532481
800072000001083076000401008000008203180309005032100000008930000304010080050840102,893672541421583976576491328945768213187329465632154897218937654364215789759846132
653800004087000532009345080008000009302090000006504020800900007005000000960753018,653872194487619532129345786518267349342198675796534821831926457275481963964753218
100708500000001000000500002001009400054100090090640000400007000906310080307056100,132798564569421837748563912271839456654172398893645271415987623926314785387256149
900000004000050000000809623075020006000570200002008007706090300089600001000700900,921367854368254179547819623875123496194576238632948517716492385289635741453781962
000000000003000002201530400002704008000308500000100600000200000027600815500980000,685492731743816952291537486352764198169328547478159623814275369927643815536981274
140800200600009000089400000302045800718006543056008092870000020000000030000970000,147863259623159478589427361392745816718296543456318792871634925964582137235971684
450020080000000000020040030001800000840105300507000060015080709000050010604700000,459623187163978254728541936231867495846195372597432861315286749972354618684719523
039500200000370140040901000900080031600030804310002900000003002000600000000200010,139548267285376149746921358924785631657139824318462975461853792592617483873294516
000430000000000000004001060060040925002090018908205006093004000005186004016900800,659432187127869543384751269761348925532697418948215736893524671275186394416973852
000940700006000200005700000300510608010690407004207095001873000800020001040056302,128945763796381254435762819379514628512698437684237195251873946863429571947156382
034000000107450380008090070070300010902508003306000205800009604060800030009605000,234781596197456382658293471475362819912548763386917245823179654561824937749635128
000006394030009000000031070902000650578000140000120000006008030003000000000004800,125786394637459218849231576912847653578693142364125987296578431483912765751364829
910375600043080000000010000008467005060050090030001000600030000020008060000006030,912375648543682179876914253198467325267853491435291786654739812329148567781526934
003000050900073840000601090006407003000908010130506000000060089000000760000700400,763894251951273846248651397896417523527938614134526978475362189382149765619785432
080245006400000080600081700100809600000002300070400128530008090008097031000304800,783245916491673582625981743152839674846712359379456128534168297268597431917324865
809074200020900000000000079010600000000020007000000000405796003000031008100208000,869374251724915386351862479217683594538429617946157832485796123692531748173248965
000300402020060001406000900014500600035000109002030000200600710340008000500070348,158397462923864571476215983814529637735486129692731854289643715347158296561972348
032090060970106000000200900800000300300000090040000200003000009000009002198700603,532894167974136825681257934829541376315672498746983251253468719467319582198725643
010500709890040003200000100302070590070010000001090076100060000060054902000000010,614532789897641253253987164382476591976315428541298376129763845768154932435829617
000640000000000349320000000040000000200007416000062005001026500008000000002059800,915643287867215349324798651746531928253987416189462735471826593598374162632159874
013050080000618000800000005070500800008040000400700001600000700084270650007000400,713954286245618379896327145179562834368149527452783961621435798984271653537896412
000900000086000029093002000005040002007006000000200000004308560601420080008050000,412973658786514329593862147165749832827136495349285716274398561651427983938651274
020000006003050902087000050000080020000700000000090030800204000430070800605000207,524917386163458972987326154791683425358742691246591738879264513432175869615839247
060207050002640170090050602000020000526004000040006025000003294100400080000090060,861237459352649178497851632913725846526384917748916325685173294179462583234598761
000592800002300000700400302001700609970106000000000100200609000007000906600800021,364592817182367594795481362851723649973146258426958173248619735517234986639875421
320701009080600500060800300050000003004020000607409020006000700000000008200004000,325741869789632541461895372852176493914523687637489125596218734143967258278354916
307500010000600830509300060240003780008060300000800002700000408004200103000710000,367528914421679835589341267246153789978462351153897642715936428694285173832714596
300140028010008504009002700060000080000400000204680000530800090940000000726000040,357146928612798534489532716163957482895423671274681359531864297948275163726319845
985006417300000000000000090270000508600000070803070009700800900000100004008040005,985236417321794856467581392274319568619458273853672149742865931596123784138947625
071029605060500000000030000003005109002093070009000068107906002000100000046302001,371429685864517293295638417483765129612893574759241368137956842528174936946382751
400038015800050370730196000270009158190003200004001700000260000300907000907000020,429738615816452379735196842273649158198573264654821793581264937342917586967385421
507000000010000200928350000000870004846902573000000800000100400684000137130047050,567294381413768295928351746391875624846912573275436819759183462684529137132647958
003000800260007310004092000001504700000000958000908100190085007000709081070000569,753416892269857314814392675981534726347261958526978143192685437635749281478123569
000021040000930086000058000084000000300800007501700004006019050107084200090206431,978621345452937186613458972784195623369842517521763894246319758137584269895276431
050600000000109650180400003007325001000974560900861300000000030400010000003098015,359687124274139658186452973647325891831974562925861347518746239492513786763298415
250000009001000000907001005040000168100024050000008090000070030010400900890000500,258746319431259687967831245542397168189624753376518492624975831715483926893162574
502000401000045900040010600025100090093000052001000000300021000200000500009850000,532689471716245983948317625425163798693478152871592346357921864284736519169854237
894000000001000803360000400640520900028003705003768000000600001000010002000004389,894357126271946853365182497647521938128493765953768214782639541439815672516274389
080170200700006004000080003468900000002348000090000048200001050000000009800654020,984173265731526894625489713468917532512348976397265148243891657156732489879654321
704000015000780004000004070006002040439050700000000900002009300000003000008205060,784936215253781694691524873176392548439658721825147936562419387917863452348275169
700080050001600009698500070800006010160000700009100000006000000080205040005090007,732981456541672389698543271873456912164829735259137864326714598987265143415398627
438000012706010040000040000209605081050000000007090050003006405675080009024907030,438769512796512348512843967249635781351278694867491253983126475675384129124957836
006080010100000693007600284020500740000000000800004300000860002068300975900070000,346982517182457693597613284623598741415736829879124356751869432268341975934275168
000640000000000080040825036000060013090004020001032000900000150000156307705093008,839641572526379481147825936452968713398714625671532849963287154284156397715493268
009005460030760020064000035006917000051840003200036000000000740000400008400601309,129385467835764921764129835346917582951842673278536194513298746697453218482671359
001030802000006070600021000900000000000809010700012903000100730000200090000000280,471935862253486179689721354915347628324869517768512943892154736136278495547693281
207003600040206010001850000020640080068031204019702500000070820004020006000009450,287413695345296718691857342723645189568931274419782563956374821174528936832169457
020050849000009072409000600000264010005000060100380097570400000690508004000000500,726153849853649172419827653987264315235971468164385297578412936691538724342796581
000231678007590002360700905600300200920060300040000000006000020084000500090000863,459231678817596432362748915671385249928467351543912786736859124184623597295174863
400006000060001500020093060000302614000609030000007008004008059009000020000005070,413576982967821543825493167798352614241689735356147298174268359539714826682935471
004009700000000000907100806540010900000000300670000000300000040400231680700054230,154869723268573194937142856543618972819427365672395418321786549495231687786954231
000074008208096000000503102032908067700460000000000000800040000365829700409030280,153274698248196573976583142532918467781462935694357821827641359365829714419735286
280000004090030000060008700000000100000360050100000003970806340035100697004073005,281697534497235816563418729359742168748361952126589473972856341835124697614973285
960000700000200064540907000400010000021305849057800020006400102000096078035020000,962134785173258964548967213489612537621375849357849621796483152214596378835721496
080056900100003005503000007604500372700004800000000000007400000006107000041805736,482756913179243685563918247694581372725394861318672594237469158856137429941825736
000000050890300274000028060400200008280600340000004000300002590500030100010500000,624791853891365274735428961469253718287619345153874629378142596546937182912586437
730000120000070000409162570000000000963800400210000060000009802300081650890540000,736958124125374986489162573574613298963827415218495367651739842347281659892546731
000080700001502864000000002050400000003027150200058000370005090819000006605000000,924681735731592864586743912158436279463927158297158643372865491819374526645219387
700008001301000200208000009500200000830000000000680507003000902020800005070100000,796428351351976248248351679567249183832517496914683527483765912129834765675192834
000000100018000347070000009104060270200000000930800005002473000000000430345000006,529734168618529347473186529184965273256317894937842615862473951791658432345291786
500090070009080000004071068090100020060920500000000000050002097030710005000060200,581396472679284351324571968895143726763928514142657839456832197238719645917465283
004002000628403000000060000000005807100080540805024003500208630000041795010000028,954712386628453179731869254492135867163987542875624913549278631286341795317596428
000320680820645300000001002000000130108053200304010500040100063200060005000000024,451327689829645371637891452592476138168953247374218596945182763283764915716539824
906003000700040020400200000100004008203008000000300040004060200000002500502039000,926813457738645921451297386165924738243178695897356142384561279679482513512739864
000080540083650100060271009609800200008000600320006084000430008705000300006092405,271389546983654127564271839659843271418927653327516984192435768745168392836792415
050007000800450090030600000010000007000370081607000500000705910001000058495031070,954217863876453192132689745318596427549372681627148539283765914761924358495831276
000580030403007518005000069640005000098400000007928601906000380302000170000000020,169584237423697518875231469641375892298416753537928641916742385352869174784153926
005604008000010005621308000000200803003076920012580006200009000109002004030000000,795624318348917265621358749476291853583476921912583476254869137169732584837145692
008002000100000000060035098010300020000509000000210000940003080802490150600800003,758962314193748562264135798516374829427589631389216475941653287832497156675821943
080620009020400000030000002004063721000000900200000086050000094049000100060000000,481627359927435618635981472894563721576812943213749586158376294349258167762194835
000000074000000090057009000070000309406000080019758002001000020298004703000000000,982531674634872195157469238875246319426193587319758462741385926298614753563927841
090860735050203900003109000070000300000008209021000050047000092010000070000000068,192864735654273981783159624978425316365718249421396857847631592516982473239547168
005000000190254307024307008401005003207000400300401080002100000903580640000040830,735968124198254367624317598461825973287693415359471286842136759973582641516749832
005000000806047050901503000000104076600000540000050000100009005060015080590062000,435681927826947351971523468259134876617298543348756192182479635764315289593862714
000008041050024000400076000593000060260030008074600012080000020015080406000061800,637598241159324687428176593593812764261437958874659312386745129915283476742961835
200890000907100040000040030076001090100609070090000000702400900009000400041078056,214893765937165842568247139476521398123689574895734621752416983689352417341978256
401080007069040000200760019302904050900600003006000000030000500020597000690008740,451289637769341285283765419312974856948652173576813924837426591124597368695138742
100070500374080001005000074050000000410026700000000005001000037007004000000008049,192473568374685921865912374759341286418526793236897415541269837987134652623758149
000090000030627400950400800690004000180070000200100000029705000010900006060000009,746598321831627495952413867695284713184379652273156984429765138318942576567831249
092306000401000063630000120040000000009004510000709002000002307000093200103800600,892316745451927863637458129248531976379264518516789432965142387784693251123875694
000100208342068015000007604600520800017080006908406003000600000006000902090805300,765134298342968715189257634634521879517389426928476153873692541456713982291845367
907618503000000080008005000093100028000002030802003006000800004100206000000000001,927618543645327189318495672593164728461782935872953416756831294139246857284579361
850000700741900030239674000060000570002706000007030000900010403000500000100000950,856321749741985632239674185368192574412756398597438216985217463673549821124863957
004030700730005800100080063000804015840193600000000340008000000007010096000300080,684231759739645821152789463263874915845193672971562348418956237327418596596327184
200007000070250603064000287650000042702005060481000000000009000000000009000500000,213687594978254613564913287659871342732495861481362975346129758825746139197538426
090000000001047300007100020703051000006093000019008003004076002600920004070304005,395682147821547396467139528743251689586493271219768453154876932638925714972314865
074050139138740500090102700002000050000000000000020010009000400001000000020080300,274658139138749562596132748482913657913567824765824913359271486841396275627485391
000000415082000003130000278006000009000070000041036587097100040004002700008400000,769328415482715963135649278276584139853971624941236587697153842314892756528467391
000500826800000000005000040500042080000003000000860010000400008138020000600000291,714539826863214975925687143576142389481793562392865417259471638138926754647358291
000000000014003007000000050005720046008490010041000500030050070850007002420000100,572619384914583267683274951395721846268495713741836529136952478859147632427368195
900020000800900000205060010060739080000800250000240060720400000000090000059000008,936127845871954632245368719562739481394816257187245963723481596618592374459673128
080496030000000800479003060003700000810000500706080020007040010964100050108002000,285496137631257894479813265543721986812964573796385421327549618964178352158632749
730005000020300006009000010071000000002007060005180900000754000546021000007006500,738615249124379856659248317971562438382497165465183972893754621546821793217936584
090052080100380507000070300060020803000863750000000000405017000900230000070940120,793452681142386597658179342569724813214863759837591264425617938981235476376948125
805000270040090005000708014970005300000006080403087100000000000007804601104060000,895641273741392865236758914978415326512936487463287159689173542357824691124569738
590021300000094020700380090908200050005100800000900001206010703000070506147036000,594621378831794625762385194918263457625147839473958261256819743389472516147536982
600000075050009021100000060280000000003900180000000203704090608300408002000060004,639124875857639421142785369281347956463952187975816243724593618316478592598261734
005780000000000100031000000000904057007500080054008391002300000049060003070100048,625781934798435126431296875813924657967513482254678391182347569549862713376159248
020008006590006080030174520006000004009700000012400805100890050007005300200030940,721958436594326781638174529876513294459782163312469875143897652967245318285631947
050000000040056002100300590900200000000060900004090021870635010035009060091008050,257984136349156872186372594913247685728561943564893721872635419435719268691428357
809251760200000050007003920008010032000500100310000500723090040195600000600005010,839251764261947853547863921958716432476532198312489576723198645195624387684375219
605980000000324600800056090002100407408000000700495200009013800001860570000000900,625981734197324685834756192962138457458672319713495268579213846241869573386547921
405203180001500090800001000920000500500009070000152030180700200050020740600000800,495273186261548397837691425928367514513489672746152938184735269359826741672914853
040230000200051409018000000000408300000500000000010095071002063004000000300000900,749236158236851479518794632952478316163529847487613295871942563694385721325167984
070953420000746080064000090690018070207600040000070000000020050046091030000300900,178953426932746581564182793693418275257639148481275369319824657746591832825367914
720000950000009000010230007000002090800040321000000000200000430069104870000308002,728461953536879214914235687643712598897546321152983746281657439369124875475398162
090005048170030200008006500000000000900700451002000300000040000000800900517609030,396275148175438269248196573751384692983762451462951387829543716634817925517629834
107000409000010003009640270043000800000000510710000004930008020254096000000000946,167823459425917683389645271543261897698734512712589364936478125254196738871352946
800030070000002080004000603040000000081500300002000040200005004510067000063010095,895634271136752489724981653347829516981546327652173948278395164519467832463218795
000025061001700500000019020000000780600003412000867035078000004060090078402600000,749325861321786549856419327935241786687953412214867935578132694163594278492678153
008000007000403820700010400000001780000500900070009052005090001417800509009100070,348625197961473825752918436593261784286547913174389652825796341417832569639154278
075640000080250704400000006000400005004072809000006000008120600000000300642000590,275641938986253714431897256763489125154372869829516473398125647517964382642738591
008600002070000000500207100400030027080760900720040050047008010053000000000306000,198654732274913568536287194469135827385762941721849653947528316653471289812396475
004058001003270060871006090100000050000820900000035080000002506200513000305060100,624958371953271864871346295138697452567824913492135687719482536286513749345769128
700800906982076015006090070000080000027900001003210004000000600670420059000009700,735841926982376415416592378149685237527934861863217594291758643678423159354169782
000040000000030200008600000063004000002000060570002380040087050000050000735010040,327849516654731298198625437863574129412398765579162384941287653286453971735916842
060970003000400607021500008000204800000000002296030001302000784600008100584120000,468971253935482617721563948157294836843716592296835471312659784679348125584127369
000196000000543600501700900006000000070008001300975000000000030630814009050609000,423196875789543612561782943946321587275468391318975264894257136632814759157639428
001200506002000030065000000000400000073020009204000608510090000000160005807300901,741283596982546137365971824698415372173628459254739618516892743439167285827354961
000030080370060009001080030750140902100006000080000145500090010000004090609800050,465239781378461529291785436753148962124956873986327145547693218832514697619872354
060200019000306005052001670500008000739000820010037040600000008480700000021000000,367285419194376285852491673546128937739654821218937546673542198485719362921863754
200050000050620490000083620000108002084070001000030004530067009000300000000000000,296754138853621497417983625975148362384276951621539784538467219142395876769812543
026430091000000020040100000002956310050002600060081004000004037004000086000608540,826435791391867425547129863472956318158342679963781254685294137214573986739618542
068790030000001970907000800000007009006409000040250300091042703000000400800003106,568794231432861975917325864253187649186439527749256318691542783375618492824973156
000000000431009000000000030000030900000795418010000000040008000058000042000463705,875346129431529876269817534584132967623795418917684253746258391358971642192463785
079000831030801000185943006090010000600000390000390000010000500000100000502000048,479625831236871954185943726397516482651482397824397615918264573743158269562739148
000408300650000007400702000070006000900005670000004103000290460390541780200000000,127468395658139247439752816574316928913825674862974153785293461396541782241687539
030028004070040000000103275700030901504000007000000086907004000300000450400000060,635728194271549638849163275786235941594681327123497586967354812312876459458912763
700058200908000060005000070672100000009000010100600029000810490000000000001090007,736958241948721563215436978672149835389275614154683729523817496897364152461592387
003000000000004000004510700090001003630025804570030900005090600006100500120000400,853679142719284365264513798498761253631925874572438916345897621986142537127356489
000058370300009000500000000060300000073000010005764080000080035000006024200000090,924658371316279548587413962862391457473825619195764283641982735759136824238547196
020064035000000009100500042050400008000170056000605000840050091010000027900301500,728964135534217869169538742657493218483172956291685473842756391315849627976321584
006000900040509000020063017000305004060970000008000300070008000000006703000100240,386741952741529638925863417297385164163974825458612379674238591512496783839157246
243876000500003680186000002609080400000000000070001000002000041050000000000000908,243876195597213684186954732619382457325497816478561329962738541851649273734125968
000240080200001600107500040021604000409012000008073010010420076070100000006095020,653247189294381657187569243721654938439812765568973412915428376872136594346795821
006832010000070345000000020080705000000000001400306000010204500054000600008507130,546832719892671345371459826189745263637928451425316987913264578754183692268597134
704810000008402070902000004080050000070900000009040006010700920000000000007500310,754813692168492573932675184681357249473926851529148736816734925395281467247569318
000730096003140508050600000070080300400320009030069000107003260542000013380000907,821735496963142578754698132679481325415327689238569741197853264542976813386214957
703080000005073020090250730000040800004008000076500300642790080010800000080102409,723986514165473928498251736231647895954318267876529341642795183519834672387162459
090408000508010000701059268050000307000942080000705000000860100106200000400590076,693428715528617439741359268254186397367942581819735642975864123186273954432591876
100900800005010064000003007000305000800000720000782400000000310000400002000600940,167924835395817264482563197729345681854196723631782459548279316916438572273651948
200143070145006300006050004020378060800210947001900800010007029090001000000090001,289143576145726398376859214924378165863215947751964832518637429692481753437592681
300000000700003000940000032104000090000000406800006200408000301001830040030007608,312564789785293164946781532164372895253918476897456213478629351621835947539147628
002006109009700080010008060706120800000003090203907000040030006001000040500000070,872346159369715482415298763796124835184653297253987614947831526631572948528469371
036219070709000002028307490040100000800000200090025300300091500080030009000000020,436219875759864132128357496243186957815973264697425381362791548584632719971548623
000000904400032000063000500371200089000041000240800000050018002008320765002005841,825167934497532618163489527371256489586941273249873156754618392918324765632795841
260805000090200085050090462000504178000009040000000650003081000000000004000600800,267845391394216785851397462936524178785169243412738659573481926628973514149652837
003000006902006030000030900000000085100085300008070600820000460500001079000003000,783912546912456738465738912297364185146285397358179624821597463534621879679843251
000046008106508040008001002000723405070000006203000800300890004000010000010054920,759246318126538749438971562681723495574189236293465871362897154945312687817654923
090050001075060043400900000300002768008400100000078400040800310000000000207003089,692354871875261943431987526354192768768435192129678435546829317983716254217543689
500000000000504000000009053005071008486000007000486900008040200000005000010360504,593618742267534819841729653935271468486953127172486935358147296624895371719362584
020400000930508004010360000000050000080700013360010005040206050608005000050940001,827491536936578124415362978179653482584729613362814795741286359698135247253947861
097805000068009000103000900045010092672504803000300704080040000004057008701003500,497835261268179435153426987345718692672594813819362754586241379934657128721983546
000800001270030000000050000504006000093000068100385007050008140460090050010042070,645827931271439685839651724584976213793214568126385497352768149467193852918542376
200400000053962800400030902000500007000000020700043590300000100970308006600100000,298417635153962874467835912842591367539786421716243598325674189971358246684129753
080409000300017400000008010203080607006050000008000000000070005000260840691005070,185429736329617458764538912253184697916752384478396521842973165537261849691845273
370096800040058300085007040910670504007900008003000090020300180530000260890000000,372496815649158372185237946918673524457921638263584791724365189531849267896712453
000000050009001000040000100024900080960800000180050000000006900006000542030009018,271648359359271864648395127524963781967812435183754296412586973896137542735429618
000000000208653000653400090500008409080500630130009070070985064010000580005030020,741892356298653741653471298527368419984517632136249875372985164419726583865134927
000603024800140700042000006005790002260030090900200005000070050004029000090010007,719653824856142739342987516435798162267531498981264375128476953574329681693815247
080090100053000040409000003300005000010006030000030005200900068800040010590000004,782394156153268947469751283347825691915476832628139475274913568836542719591687324
700000051008000040400100000593000000080300064607200090004000000900708010010009670,739486251128953746465172389593864127281397564647215893874621935956738412312549678
640003027007020430039004005000085000870200090300400000000038040083900070706500200,648153927157629438239874165924385716875216394361497852512738649483962571796541283
100008090007901600560240381000106870000000050070084100293005700700603210600000000,124368597387951624569247381435126879812739456976584132293415768748693215651872943
000000540409005080500180000704009002000007430052001009803000004040000098290540000,381792546429365781567184923734859162918627435652431879873916254145273698296548317
001080009008000000904367000020050000000170304000000500800700002600240030702030100,361582479278491653954367218426853791589176324137924586843715962615249837792638145
000000005203050000009000004807039400000214008104785009402006500000020006600000842,716342985243958167589167234827639451935214678164785329472896513358421796691573842
100005000000064070000780005080070004007421098029600037010000000040000500700200800,172935486853164972964782315681379254537421698429658137218543769346897521795216843
003410000846050100005000400050192003300547810000300000080920006034005000020830050,293418675846759132175263498458192763362547819719386524587921346934675281621834957
000000607600090851008000302002000000030004080080009024014950070250700000000002509,143285697627493851598617342462178935931524786785369124814956273259731468376842519
032040079090000002807500003600000030900004000045000060000850007080407000004000806,532148679491376582867592413618925734973614258245783961126859347389467125754231896
058060030000000804600030000039000000460098007000100000090000700200400900500309206,958764132713952864642831579139675428465298317827143695394526781286417953571389246
420000067000500814100067329007040002002876000030900000971600230000000005300210470,429381567763592814185467329897143652512876943634925781971654238246738195358219476
329000108000000002561000000006203045007810000295000301973000000000100000000000000,329457168748961532561328497816293745437815629295674381973586214652149873184732956
530000021040031000708000003000040080000060000000100009004010092027080100000294700,539476821246831957718952643172549386493768215865123479684317592927685134351294768
605000210040058030070001000000000820008302506020006000003005000007000600004060090,635479218142658937879231465356947821798312546421586379963725184287194653514863792
065000109070003040030000700300000000600458900009201000090000000500000307003860251,265784139978513642431926785324697518617458923859231476192375864586142397743869251
000008007090070030102009008906003200007096000000857600760000000300000700400700000,643518927895672134172439568986143275537296841214857693769381452358924716421765389
054130862280000090630290040000000259009300400008070036000000605090700304006000920,954137862281456793637298541173684259569321478428579136742913685895762314316845927
300000090608200000907806003006001054000560108150004907500013002000005040060008710,325147896648239571917856423836971254479562138152384967594713682781625349263498715
302010050705030109006540007000008000400001090078000400000600300020084000000005000,392817654745236189816549237159428763463751892278963415587692341921384576634175928
060905002050640000090300860040200000700560000020007400204730000970158000300409680,163985742857642913492371865641293578738564291529817436284736159976158324315429687
007008003012403870000000000300900182009001354800002000700804001000005700900710000,497158263512463879638279415365947182279681354841532697756824931184395726923716548
007000030000006090980004065008100000000279500079680000000400007000531000000000600,657928134134756298982314765268145973413279586579683421895462317726531849341897652
012450003000800100000009040000000306006082000007000000200000630001630009600208451,812456973794823165365719248128574396536982714947361582289145637451637829673298451
000007000000040005000300087103700000807009346005200010009005003500900000000000904,981657432376842195254391687163784529827519346495263718719425863548936271632178954
230400007000061008000083050000000000690018003700020000006002004401906805009040306,238495167954761238167283459815374692692518743743629581376852914421936875589147326
304165002900200000008000007006002000001079604000018000100700200007023900600000040,374165892915287436268934157796542318581379624423618579149756283857423961632891745
000284690805000300009001007006000000050008030200017000000030012002870000030000870,371284695825769341649351287916543728457628139283917564768435912192876453534192876
100000002026000000090002010410200007000090043039840065000508000002900030050000400,174659382326481759598372614415263897867195243239847165643528971782914536951736428
307200008208000057065300012000000000650180004871050000020860040700501006006027000,317245698248619357965378412492736581653182974871954263129863745734591826586427139
000002010006905042072000500058001020020000000003007000000309065310500207500728000,945672318136985742872134596758491623621853974493267851287319465319546287564728139
040036005703400600605290000002000908950000700008020306031960004000040001490800060,249736185783451629615298437362174958954683712178529346831965274526347891497812563
200900504070600290009010080840000020002004310761300040000000000000430100900100003,216987534378645291459213786843791625592864317761352849134526978687439152925178463
700000001000057020300060000000700900604090570070005034020500403043000060100000000,752834691496157328381962745235741986614398572879625134927586413543219867168473259
050840209003090506020030741500300060380070000790500400008100000100004000000003175,657841239413792586829635741542319867381476952796528413938157624175264398264983175
030001000900020008010569020008097030000308070170002000009030000000905000050206940,732841596965723418814569723528697134496318275173452869289134657641975382357286941
004800000005640270070003000000080003000000000068000740000000087401300002200090134,614827395935641278872953416129784653743165829568239741356412987491378562287596134
409000002060000000020000070000021936981503407000004051000070208000680300000009000,419357682367218549528946173745821936981563427236794851693475218174682395852139764
261000000853207000040006000008000050030850791017960230370000040402000560000000087,261598473853247916749136825928713654634852791517964238375689142482371569196425387
000000003800046002060179000000023000028000300700804021302000050000098030900000087,147285963895346712263179845516723498428951376739864521382417659671598234954632187
000048005000600910000092080600905000570014000000200000900000470060081050800009036,396148725248657913715392684632975841579814362184263597921536478463781259857429136
730000200020000300000030006000000000090500000070600010240000005001250069057006132,739865241628941357415732896562314978194578623873629514246193785381257469957486132
060000021901000753400000908006000090000600300704000000005000130100500289002070546,568397421921468753473125968256713894819654372734982615685249137147536289392871546
708020000400000930060305780600080013580063400100954060800500000070001000016078095,738629154452817936961345782694782513587163429123954867849536271375291648216478395
800000007000300060750000003300960012000085604000000905070003000000006378030007000,813659247924378561756421893385964712297185634461732985579813426142596378638247159
002410800400056902000203400705080004040100008200970650000300006130000000906000500,392417865471856932568293417715682394649135728283974651857329146134568279926741583
601007005000563004090400062062005800000000049403000001000000000800000020070009106,641297385728563914395481762962145873157328649483976251536712498819634527274859136
042007005600005000750006000005000000017000000060170002000700329000009708076003001,342917685691385274758246913235698147417532896869174532584761329123459768976823451
250000400010490000400500000698000700700800910120075008000608000802050070900000004,259786431316492587487531296698213745735864912124975368573648129842159673961327854
952076300870000006000809020010000000790615000000093080200300000500900000060007000,952176348871234956634859127315482679798615432426793581289341765547968213163527894
040000000020400000006700000000080040019000200087025900590870000004510009060000570,748263195923451687156798432235189746619347258487625913592874361374516829861932574
079256000600000002000900806000000100500700000980062500207340001060128704000670325,879256413653814972412937856724593168536781249981462537297345681365128794148679325
000039108601000000037104000806500429002700050100000006008496502000801000009300810,524639178681275943937184265876513429492768351153942786718496532345821697269357814
006004089000600000003050076001842003000000000800503100100020000600000040507086000,716234589459678231283951476971842653365197824842563197194725368628319745537486912
000402000027650030008703250006190700030846501509000460001000000054060007800920040,365482179127659834948713256486195723732846591519237468691574382254368917873921645
009500003000000008000203000060040001308000090010820004200410000804060005000038006,189574623423196578657283419962347851348651792715829364236415987894762135571938246
800000003000002000000930700004683200600700504031400900090070842007000196008010350,849157623573862419216934785954683271682791534731425968195376842327548196468219357
900000020012000000047200805050726018060000500000005000304500082120360900800070153,983654721512837496647291835459726318261983574738145269374519682125368947896472153
000300600938760020000500700400030810127085390800000400001050000009076500200000008,574321689938764125612598734465937812127485396893612457741859263389276541256143978
000006400070000050680590003009000034000049000000302006420000700007000301100700902,532186479971423658684597213269875134318649527745312896426931785897254361153768942
000009068080356000692040700005030082240000000010082000070000320000007410906410805,534729168187356294692841753765134982248975631319682547471568329853297416926413875
004520703709000062000907001000060000000009005000058007210090008800000000905003006,184526793759134862623987451572361984368749215491258637216495378837612549945873126
004000902900804000030095000000000040000009086080050009010578000070040091320006570,854761932962834157137295468791683245543129786286457319419578623675342891328916574
500006349300891050926054001010060070000005800400000003738009000064500900200000600,581276349347891256926354781812963574673145892495782163738619425164527938259438617
030100000800007000710040900003000200008031050000490000000070030007804096000020847,932186475864957321715342968543768219698231754271495683486579132327814596159623847
900000400460530009000040006006400070054800002100200003602084900000709060700650008,973126485468537129521948736286493571354871692197265843612384957835719264749652318
402100608000003000000028050640002010020006490009000020000000000205800060006090000,452179638861453279973628154647932815528716493139584726714365982295841367386297541
690000480007000003053000000008000049001000300034800705009500100005301067010000800,692735481187642593453918276728153649561497328934826715879564132245381967316279854
006023090530080761400016003000000000000000029900000438000100000103007080600000910,716523894532984761489716253821349675354678129967251438278195346193467582645832917
309010700000000080400790530030040007901000208200000006000400019008160003143020070,389512764527634981416798532835246197961357248274981356652473819798165423143829675
501008300089340070032000001000010000007480016318000050004000103000030020163902000,571628349689341572432597861946215738257483916318769254724856193895134627163972485
100000006048607100000200489000720860000000900007005000003000010091000008004006000,132849756948657132576231489419723865325468971867915324283594617691372548754186293
100004700004102003008070500800007300010000908050000000900020007600750009037800250,163584792574192863298376514846917325312645978759238146985421637621753489437869251
006090070000082000003070000060000000570630804014807060600050001037900005085200790,426395178751482936893176452968541327572639814314827569649753281237918645185264793
098003001010069000603000570040002000200500003000630004802100006006000700000300205,798253461415769832623418579341892657267541983589637124852174396136925748974386215
040005803050008007860000050000000400020000006000010509305209641090001030000000025,147625893259438167863197254571963482928754316436812579385279641692541738714386925
043560000000800100205130040008023000360005020009001560000008000000050000000206450,143569287976842135285137946458623791361795824729481563594378612612954378837216459
907000000100900000483072006500000000000820360600300058300000075015790003070000209,927653841156948732483172596538469127791825364642317958369281475215794683874536219
504701009096200000800900270060000300057003000130060090300670920205000000000000781,524731869796248153813956274962517348457893612138462597381674925275189436649325781
067080200000014005940070000000700060021340000000020000200000000300000006050130429,167589243832614975945273618493758162521346897786921534279465381314892756658137429
500002000003000570076030849061900020000600001000010068000080000008569200005720000,589472136143896572276135849361948725827653491954217368792381654438569217615724983
190704800000008007200060090840390002600871000000000000010487056502000000700000000,196754823453928617278163594847395162625871349931246785319487256582639471764512938
090054137401087000700000980020005000000000005070000002017000008004621700000000200,896254137431987526752136984623875491149362875578419362217593648384621759965748213
096000800100002076000100000002064000800017200500203408009020100048751002200400000,496375821183942576725186934912864753834517269567293418359628147648751392271439685
657910002000764508480005000010307006700000953068000074000050000049603001070490000,657918432293764518481235697915347826724186953368529174136852749549673281872491365
000105009050800210020900500000540300079000421300000800007203608008600004000070030,863125749954867213721934586182549367579386421346712895417293658238651974695478132
004576010007000000090431000081000700070300001400015000000000080126800579850007004,234576918617289435598431267381694752975328641462715893749152386126843579853967124
300000000010750800000000970590410708400530600000070000060320400000000000701045286,375298164619754823842163975596412738487539612123876549968327451254681397731945286
009015706000000000706000500000980604000003000900000130000047015810029400420006870,249315786581674392736298541372981654168453927954762138693847215817529463425136879
000000051000500000520746090005000000407000509010907004600005982002460000100308000,764893251938512476521746398395684127487231569216957834643175982852469713179328645
000200000020805040890001032000080060403020900000700028030060210100050097062000053,357249186621835749894671532279184365483526971516793428735968214148352697962417853
907000085040009000005380010790201000000000790000970000001005009000003500000896000,917462385348519672625387914796231458182654793534978261261745839879123546453896127
069000402820000010107204006000000005095006120002300800053017000040528300281009500,569173482824965713137284956418792635395846127672351849953417268746528391281639574
300080004000305000500000020623097400100250009904000000006020000000000800805936047,371682954269345178548719623623897415187254369954163782736428591492571836815936247
000501000060020004000009038570160000206000740000457000300000856607090002800006007,738541269169328574425679138574162983216983745983457621392714856647895312851236497
470306090000020004060100003007510020300000010050004000000030000680705231030081500,478356192513927864269148753847513926326879415951264378195432687684795231732681549
080400000030080405004720000000800150000209006005617200420060500000002004060570000,986435721237981465514726938672843159341259876895617243423168597758392614169574382
702100904560000000000020706200006500000010340090500160904851603006200070320070800,732168954569437281841925736217346598658719342493582167974851623186293475325674819
100000030009200000007000405800000000076035100350680704213070900008009503000010067,124857639539264871687193425892741356476935182351682794213576948768429513945318267
794000030300000079060030000030100000209604300000980050040260007087001260620800593,794528631352416879168739425835172946279654318416983752943265187587391264621847593
205600907060000010780200403040706095500000074000005800078500106050100040004900000,215634987463879512789251463842716395591328674637495821978542136356187249124963758
006079080791005402385000009900080500010300000000000208059700000800200000160500023,426179385791835462385462179972681534518324697643957218259713846837246951164598723
907200500850701000060030000009028070046010802070000603000000000003000007700146008,937264581854791326162835749319628475546317892278459613681973254493582167725146938
003080149020004000009000600000000070267009031000000060900000000000800400002450390,753286149826914753419735682395168274267549831148372965984623517531897426672451398
000090000805006010700205000030500600902070050106820070000408000008960005000030069,243197586895346712761285493437519628982674351156823974619458237378962145524731869
003200007002341000180070030005130706001000009030000120004093000309607050270005960,943268517752341698186579432495132786821756349637984125564893271319627854278415963
000008209000709500290000008027001000010080670000400125000200080000000300000006950,763158249148729536295634718527361894914582673836497125659213487482975361371846952
180536000709800601405010000900050000000009005000400000070045019600000027000792000,182536974739824651465917382947153268318269745526478193273645819694381527851792436
000680094080294070000070050000000400400000207000020905020857040704060008030002000,271685394583294671946371852352719486498536217167428935629857143714963528835142769
200000700700006001040080030000070612010900000400000005560000008804600020000000567,238194756759236841146587239395478612617925384482361975563712498874659123921843567
300000100000300700701645003200060031130008000800053000070520000002031000003000420,369782154584319762721645983295467831137298546846153297678524319452931678913876425
050007320007032005000000900060050090008000106091876402603080040004000000000000003,859647321147932685326518974462153798738294156591876432613785249984321567275469813
500001208700908100008600700000000020800000000000030000030100087080720003010000502,596371248723948165148652739379516824851294376264837951932165487485729613617483592
640300000081650020000000000030096000900000000008010900400000090093084200006030417,642371589381659724579428136734296851915843672268517943427165398193784265856932417
500000000900000005000400001002900086800004500705600004054000903020009000080070002,543781269971362845268495731412957386836214597795638124154826973327549618689173452
108540000039008005400000608020085900807000000506031700000050090002310507050672031,168547329239168475475923618321785964847296153596431782713854296682319547954672831
043102079090000310008079600104500002906407030000000060000000000050000040020740100,643152879792684315518379624134568792986427531275913468461235987357891246829746153
000030000000000830403060021000600200009308015800005900275000360900200100100003000,592831746617452839483769521351697284749328615826145973275914368934286157168573492
060020000907010030100097080006001020000005016302680057000100062005072090071000000,564328971987516234123497685456731829798245316312689457839154762645872193271963548
730000000001490070096300010609030080040709000000050040062013058050000000170040000,734681295281495376596327814629134587845769132317258649462913758953872461178546923
048090030070006809006540000000971008507004690004620000080063000300089007700100084,148297536275316849936548721623971458517834692894625173482763915351489267769152384
800000570000050800200007040000780092407000008009006000610000000048260007905008003,894632571731459826256817349563784192427591638189326754612973485348265917975148263
000500906000010000800030000000370000007001000500624708009000000206005370014200009,173542986695718234842936517468379125927851643531624798359187462286495371714263859
017900540000000091094002300000400160105600000309200000900000070000009010206010008,617938542823547691594162387782495163145683729369271854931826475478359216256714938
004000000000900083800206594001000000000003061030010000000060008100028007500070130,394587612256941783817236594621894375948753261735612849473165928169328457582479136
000069084280000000469005130910030002050020400026047050030000000540003000690050300,175369284283714569469285137914538672758126493326947851832691745541873926697452318
001200050700043020000600040006820034500900100000501000093005600000000800020700010,461279358758143926239658741916827534582934167374561289193485672647312895825796413
052790836004600000900508100700000608800370004000010000208000061603400200400002307,152794836384621975967538142731245698829376514546819723278953461613487259495162387
000006074020000005084920000001460003000700502000002016100280060000040000360070008,913856274726314985584927631251468793638791542497532816145289367872643159369175428
000305046035060719020000305000520000600040000000803960010200600042000057000910000,179385246835462719426791385391526874687149523254873961713254698942638157568917432
042800000008609402090140780080003054030060001060508000904085000020000905703096000,142837569378659412695142783287913654539764821461528397914385276826471935753296148
490037506001020840080009007004500003000000650705090420000000000600200094020000700,492837516371625849586419237814562973239174658765398421943756182657281394128943765
800006930000000510610925040001008023502000091400090600026050000300672080700000204,857146932294783516613925748971568423562437891438291657126854379349672185785319264
010030520602000104004001007200407005000000000005800200020000050006000000040500903,719634528632785194584291637293467815871952346465813279928346751356179482147528963
019005700000000804000300250070100609200009500694007000980016000000950086000874920,819425763352761894746398251578132649231649578694587312985216437427953186163874925
000000000500416070006008040000000809003009700705000023000100007900003004007004002,834752196529416378176398245241537869683249751795861423468125937912673584357984612
730068401006012079001093000193000000005000000600931000010009534060300700000100006,739568421586412379241793658193254867425876193678931245817629534964385712352147986
310200056970000000080001409000986004690007023058000600040000075009470060007020900,314298756975364182286751439723986514691547823458132697842619375139475268567823941
000700065700060410416005907007050000000307020060829003020406039300092000000500001,982741365753968412416235987237654198895317624164829753521476839348192576679583241
030690100000100060005000000409700010001040700070301000000006004900003000043078000,738694152294185367615237948489752613361849725572361489827916534956423871143578296
000010000000020000057000001064080903030006207210000000300902084000030100080040300,823514796196827435457369821764285913538196247219473568371952684945638172682741359
008452000040006007000010400067548009000200006000000000400005008030000500000600710,798452631142386957653719482367548129519273846824961375476135298231897564985624713
000030040200700300003000000320090610400506270007000059002070065750342980804060030,978231546261754398543689127325897614489516273617423859132978465756342981894165732
200603000013800070000000010000471080000000003450006001000080000580300100700092030,297613854613845279845729316932471685176258493458936721321584967589367142764192538
002000309063205417900000200720000040100300502030020000348002605200600700000803120,412786359863295417975431286726518943189364572534927861348172695251649738697853124
082460300000930006006000000000000004500700608107603920060008100890200000400091862,982467351714935286356812497628159734539724618147683925265348179891276543473591862
305020480006080070000500002000002800040100200020070013400000500010700900053006021,375621489296384175184597362731962854648153297529478613467219538812735946953846721
380062000206901800190300620800000507009700480004805012460080100000007306000090008,385462791246971835197358624823149567519726483674835912462583179958217346731694258
082036057600000023090000060760000004008102306000064100230480009000793000000000008,182936457674518923593247861761359284458172396329864175236485719815793642947621538
405003090203400000900715002000800030300000080050300200000001004000080000600500017,475263198213498765986715342721859436364172589859346271597631824142987653638524917
430605009080000000000400060500206000260030154008154090023900000090000030054300028,437625819685719243912483765541296387269837154378154692123948576896572431754361928
000100786000000009000780041703000600012609358605320000040230065060040003230800007,354192786178456239926783541783514692412679358695328174847231965561947823239865417
060042000000700500040803000810520300004070008790000025070060001031000054005100900,567942183389716542142853796816524379254379618793681425978465231631297854425138967
010004702007000090200097403003061040000000520000900000000000050984032670025080934,319654782467823195258197463593261847671348529842975316736419258984532671125786934
008001023000080075030204001040000000010000004065000010000040000050619082000050000,798561423124983675536274891347125968812796534965438217671842359453619782289357146
010050402700080000500000081070030900000010047109000308000000000090005600630040000,918753462764182539523496781275834916386519247149627358457268193891375624632941875
008907300300800100250001009000300800003170092907040031000265070005000000000700503,168927345379854126254631789416392857583176492927548631831265974795413268642789513
010800020000090381000002654050004070203060805000208000602400000034000000087623040,315846927426597381879132654958314276243769815761258493692471538134985762587623149
000700500007000300001020670008050740039000060054870000106002000000000902900008100,423786591567914328891325674218659743739241865654873219186592437345167982972438156
007003004000040008800060002600000407070650080008000090500310040001490200043800070,167283954352749618894561732615938427479652381238174596526317849781495263943826175
000906000760105000900230600006000000000008070080010090800070052500300001021000000,135986724762145389948237615356792148219468573487513296893671452574329861621854937
072090680100000200850700000640219000080600500207805000710003400060070000420001000,372194685196358247854726139645219873981637524237845961718963452569472318423581796
758000100090100040000356907000000019080060005000420000000000000007640390500709820,758294163396187542412356987643578219281963475975421638169832754827645391534719826
000400680537002004000700502300098076400000901070601000790020060000006710001007200,129435687537862194864719532315298476486573921972641853798124365243956718651387249
000036009006000805000058003008420000740000216029075000580000040000063001601502030,854236179936714825217958463368421957745389216129675384583197642472863591691542738
000200001812046900600095840071860500308000674020000008103070400000000007060430000,549283761812746935637195842971864523358921674426357198193572486284619357765438219
003040100100600900000098200010000090000582630835006720000000000000409010059061072,293745186148623957567198243612374895974582631835916724481257369726439518359861472
090306000208705400050020800500031040003000008001607502305269000407050300009470100,794386251238715496156924873562831947973542618841697532315269784427158369689473125
030407612102000500740002000090030000010900006000000098000000000003050060400000705,539487612182693574746512839698135247217948356354726198965871423873254961421369785
000005000008140060210300000093008000000200430002400000041900003009030000306084010,634895271978142365215367849493678152167259438852413796741926583589731624326584917
073605291090020700006000500000402070060050012080000005700006900359000020002007038,873645291591823746426719583135462879967358412284971365718236954359184627642597138
070106000030780021000009407080001000600070100090005800058000910000003708000050000,874126539935784621126539487587391264643278195291465873358647912462913758719852346
000500006590073000100000537320008065615000800700010300002060000903007201801009000,237584916596173482148926537324798165615432879789615324452361798963857241871249653
000200000038010000900070001000400700250100000400000013000000597809050006000090102,571243968638915274942678351183469725256137849497582613314826597829751436765394182
300000608098000002070004000000760801007900500600005090100000000709000035463050180,314592678598637412276184359945763821827941563631825794152378946789416235463259187
800000003040001090700000080027059800003812000600040000000400050208005010500108006,892574163346281795715936482427659831953812647681347529179463258268795314534128976
079030000605172000000609007068090050003200009057310000002000870000060000096000005,879534261645172398321689547268497153413256789957318624532941876184765932796823415
000945001040000930060007008000000783000080190890073050000750860020800000589400300,238945671147268935965317428652194783473582196891673254314759862726831549589426317
070300200000000000940620510700000965000003001000806002000431620091070054324509070,175384296236915847948627513783142965562793481419856732857431629691278354324569178
900080000000907000000530000002040070307000040500726009001290400003050900409000081,935184726214967853786532194162349578397815642548726319671298435823451967459673281
600000003908060015500100080004029560095000840000040030003000426006074308020608701,641582973938467215572193684814329567395716842267845139783951426156274398429638751
190000000020007004643000000008040000050000140406100000001400028004290760009700400,197864532825317694643529817918643275352978146476152389761435928584291763239786451
917030000000000930000700000600380501100000000003050004000003065020074809000809003,917436258468215937532798146649382571185647392273951684894123765326574819751869423
000040050300980000070300800004078602020400500080000000762030000450020360103000285,819642753345987126276351849934578612621493578587216934762835491458129367193764285
700000003090000000502000000360200407050040000478003206910006500000470002000050008,786592143193764825542138769361285497259647381478913256917826534835479612624351978
002008040438000000910040000000600074000000030000831020200000400047306080000410090,572968341438125769916743852823659174651274938794831526269587413147396285385412697
000050608007460000256000400160827500042000867703000000470301280608004000000206040,314759628897462351256138479169827534542913867783645912475391286628574193931286745
080060502620000001050120000000000600008050107730041205805410700260078000001602050,189364572627985341453127869512739684948256137736841295895413726264578913371692458
070028650020000000005003000060000000040396000000070000450000790007080460890547103,374928651629451837185763249962815374748396512513274986451632798237189465896547123
700300005080000020502960018001003000000000050800000260604820001070000480100700906,719382645386514729542967318251673894467298153893451267634829571975136482128745936
000200001970050230200070000002500900097360040000010000009080003000020408548030720,485293671976851234213674589632548917197362845854917362729486153361725498548139726
250069713060050000000800050000005004140000067000794105800940071017000600000100300,258469713761352498934871256379615824145238967682794135823946571417523689596187342
984006000513028760006100040000600050001507093065900007050069230009000000600040005,984376512513428769276195348798632451421587693365914827157869234849253176632741985
000000061340810090080700004001000400050104000428009070013000740000080013000530009,572943861346812597189765324931678452657124938428359176813296745295487613764531289
000030180400000020000002060000003000040629000000500490070000951039001000010900030,652734189491856327783192564967483215145629873328517496274368951539271648816945732
001642009000700100089005002000000000300020590805904006920150600160003257040000000,751642839234789165689315472492576381376821594815934726927158643168493257543267918
060800007954000680700002000000700300408506090306091000000020000000675243002040170,261859437954317682783462519195784326428536791376291854547123968819675243632948175
010053720007214059002080601000020005500800093093000816000008000908002000000490500,419653728867214359352987641186329475574861293293745816625178934948532167731496582
085002030070305600020000570000070000000140985900608000896500400430010209200004007,685792134174385692329461578518279346762143985943658721896527413437816259251934867
003712000402030000100605000080050000010000403200100000300094000900068500006000004,563712948472839165198645237689453721715926483234187659351294876947368512826571394
100360900703000060050700080075806019000100000001534000010000000000007200200400000,142368975783295164659741382375826419428179536961534728517982643834657291296413857
008009500000020000200600008603100450000000061000000800340000086056000020102004035,468739512931825647275641398623187459897453261514296873349572186756318924182964735
020907640000040089060003000900064000080000000000000800307000008008009400690000710,823957641571246389469183527932864175184795236756312894347521968218679453695438712
000520000000604092000090016007943060020005000000800050060080000070051039400030020,691528374738614592245397816587943261926175483314862957163289745872451639459736128
006089302009640000053000890007000061502400030630000000000060000300090005204050000,176589342829643157453721896947835261582416739631972584715364928368297415294158673
300000006450000700027000001700001865900068010001547090500009070074006008290080003,319875246458612739627493581742931865935268417861547392583129674174356928296784153
000000004046309170050000300875900006300042850462005030600020019090106200000000060,738251694246389175951764382875913426319642857462875931683427519597136248124598763
002070180076001900000040305085004010007092004004108009500400600041000037069000020,452973186376581942198246375985764213617392854234158769523417698841629537769835421
800560400006004005403070806081493060309200000500010030038005020004030700095020000,872561493916384275453972816281493567369257184547816932138745629624139758795628341
050704910003060820040002070420000530009010000000400100800050301312000050064030000,256784913973561824148392675421679538739815462685423197897256341312948756564137289
000000090000009060000301000000005009300127648280400003000052936003000000700040000,576284391138579264429361587647835129395127648281496753814752936953618472762943815
014600820706800000025000609430009082000020310570103000203070108009010000187000000,314697825796852431825341679431769582968524317572183964253976148649218753187435296
000060080080005004531004706003000400000400900060310200000030007640000500300649002,429763185786125394531984726853296471217458963964317258198532647642871539375649812
039000260007902000000510090000690000012354679970001000700000026305000000000000000,139478265587962134264513798453697812812354679976281453741839526325746981698125347
001002057900010084024003000302189700150000020698200400079028000200530009000001070,861492357935716284724853196342189765157364928698275413479628531216537849583941672
390010040010248000040003050000831500430596000080072009000000000028000001050120480,396715842517248693842963157279831564431596728685472319164389275728654931953127486
600810000000070000071020000500000046000000081000700009150908604000402900002160000,625819473893574162471623895539281746764395281218746359157938624386452917942167538
600072800501040090402906007250400700300000000008030020960000012034200000000000903,693572841571348296482916357256481739349725168718639524967853412134297685825164973
000000080100300907500004320001030602000000010005040009710400008200096100400812000,324967581168325947597184326941538672832679415675241839719453268283796154456812793
000000618000600020000003090900314007005006940017000006008030060000000080504000300,253497618849651723761283495986314257325876941417529836178932564632745189594168372
000002040200030805008719230380000007905000423670000000000000071709050384050304602,136582749297436815548719236384125967915867423672943158423698571769251384851374692
900080650000026038600000009030800900215460780009310000500608410060104000040000305,923781654754926138681543279436875921215469783879312546597638412362154897148297365
250000040004000000706050800000400060903100704001790000002010400005802000000007000,259378641834261597716954832527483169983126754641795328372519486165842973498637215
004903008003648090000250430406000702000410000580700903900306050000000000205090004,154973628723648195869251437496835712372419586581762943947386251618524379235197864
060000047032478006800061000050040700400000000700000000070000060380000210605030000,961325847532478196847961532253649781498217653716853429179582364384796215625134978
000507209400000000207009130000000050100056890000290463086000005005008607020060900,863517249419632578257849136692483751134756892578291463986174325345928617721365984
090000028000060015005802000000600200020010956080209740000406570052700160400000830,396175428278964315145832697539647281724318956681259743913486572852793164467521839
430275600802000504006081000607103000000020460020000800008000720019000005745000180,431275698872396514956481273687143952593827461124659837368514729219768345745932186
602400009009012803003060012000000100000300000000500307500123080320890076000050201,612438759459712863783965412937286145245371698168549327576123984321894576894657231
600004801805030000400060032000010709169000580732095600306002090010000200250009300,623974851895231476471568932548316729169427583732895614386742195917653248254189367
207489350410000000853000040000030100038002406001006008000050269605094000000108070,267489351419375682853621947946837125738512496521946738184753269675294813392168574
004001003800260500500070800600000000000300009942050300701905048400000007389720160,294581673817263594536479812673892451158346729942157386761935248425618937389724165
050000090002049010091000000000056407280400060060000000300000001000600002070034058,754162893832749516691385274913856427285473169467921385326598741548617932179234658
006003000710005463000002007040000329003250140901004000068020900000000000030900570,486713295712895463359642817845176329673259148921384756568427931297531684134968572
100970065097000004064000009080010040000000003000830027400098000800007401056000000,138974265597263814264581379382715946719426583645839127471398652823657491956142738
000000000000501000001000580800005006070000035020607849000204908000009213008000057,965428371382571694741963582819345726476892135523617849137254968654789213298136457
090000000100300080070240060000901000940806000206730908580000000600400001410000390,894165237162397485375248169738951642941826573256734918583619724629473851417582396
000000008000096030043700000000430200000000000000007800200973400094258070000614080,769341528821596734543782196678439251912865347435127869286973415194258673357614982
000001500400000603000004100000103040000000805920006010062900001050000000049600030,293861574418795623576324189685173942731249865924586317862937451357418296149652738
300000000090000074570319800486900051020081006900006030040193000000020000837600000,368472915291865374574319862486937251723581496915246738642193587159728643837654129
930006000040070030000008000601203507405000008309005000003007054058000002700000810,937426185846571239512398746681243597425719368379865421263187954158934672794652813
001003800780001003200900000000800000820036510070500030540300009010000302000000040,491273856785461923236958471653814297829736514174592638542387169917645382368129745
003180045642375100000000003006920300300710050800603000000001072200000804007000536,973186245642375198518492763756924381324718659891653427465831972239567814187249536
500000001009016000000000062031470280870105006902300407003700000405000079100000008,546832791729516843318947562631479285874125936952368417283791654465283179197654328
301008204809004000024309000010090050960007008080006000036085000000002003008730002,371658294859274631624319875412893756963547128785126349236485917147962583598731462
030000000000396000060100902482000000500800003090000180250000010000000350000001720,934285671127396845865174932482913567516847293793652184258739416671428359349561728
870000059306750000504000700000034020400501860059007000201408000000960000965302000,872143659316759284594826731187634925423591867659287143231478596748965312965312478
050000240800007109107640050000900700000001000001006000063005400910000002000090006,356819247842537169197642853628954731539271684471386925763125498915468372284793516
070040000000063009065809200300100890700600510100000760620000005000400020009000601,973542186281763459465819237356127894742698513198354762624981375517436928839275641
780005900040009017200080460000000048002300600000070059076090500800010090039000000,781465923645239817293781465317956248952348671468172359176894532824513796539627184
601400207400006000050310064000100006700804100004059300078000600015200000200790003,691485237432976581857312964589137426763824195124659378978543612315268749246791853
520000100640070000703000640074900010090030700300407090032080000007041080000062970,528694137649173528713258649874925316291836754356417892132789465967541283485362971
000000420140003600679000500000300708000007010700000005030000000200930847007214396,853769421142853679679421583415392768396587214728146935934678152261935847587214396
006200400000000056010506000003800540580060302902000070098010003300009100001007065,756298431839741256214536897163872549587964312942153678698415723375629184421387965
430596200091207030050000460000758000070000524013409070100002900020080001000005082,438596217691247835752831469264758193879163524513429678185372946927684351346915782
006009020050302709000000300010007602060203000000406008087900000000601090600705480,376149825158362749942578361415897632869213574723456918287934156534681297691725483
060700200250000070731600050000800000000130000072500300000400023680001007427050090,869745231254913876731682954396827415548139762172564389915478623683291547427356198
000067005000080061000023904010400570740030090960002100000209816020608059000300420,489167235532984761671523984218496573745831692963752148354279816127648359896315427
009070245107085903020000000006807030500930620034120000000408302000503000080002000,869371245147285963325649718296857431518934627734126589951468372672513894483792156
040010000000000032000900010005080704300260801010407090000004320430075080000000645,843512976196748532257936418925183764374269851618457293561894327432675189789321645
805060007000058461017900500000000000000007004008010900203570000006000000750006000,845162397932758461617943582361294875529687134478315926293571648186429753754836219
854200000000753100300000500020000700705006423900400000000000031000038000000901000,854219376296753148317864592421385769785196423963427815678542931149638257532971684
104307068005910000003482000600030080000000000400809016000000807041090000008060001,194357268285916374763482195619534782857621439432879516926143857541798623378265941
900002080000003049050790062379800006000000000062000500040006027603070004200000000,936412785728563149154798362379854216815627493462139578541386927693271854287945631
000136050200074300609580000000250030080607000912800760006020071400010090108000504,847136259251974386639582417764251938583697142912843765396425871425718693178369524
000000000009370000000090020900007010470000005060903702100020000050000200892650030,345281976289376451617495823928567314473812695561943782136728549754139268892654137
001800205530000008000000010060200057047000026800001400000040000004006080600005042,491863275532417698786952314169234857347598126825671439278149563954326781613785942
000100043000804096600200180086000904200908607407050012060090021040000000000001000,928165743513874296674239185386712954251948637497653812865497321149326578732581469
080000003000005614000072000000007008002580000038016090040608027807239006006701000,985164273273895614614372985461927538792583461538416792149658327857239146326741859
050000792010070046007923500100005469030700200005002000000000000320000900000097630,853146792219578346647923518172385469438769251965412873796834125324651987581297634
670185003005090800093000001300040008750030904940078030200300000431000600067010020,674185293125493876893762541312649758758231964946578132289356417431927685567814329
000004007970158000040060000000407065000000092406920300024680009000000000031200500,162394857973158624845762931289437165357816492416925378524683719698571243731249586
000090805000830017008005029300000000000000000810003090000500240000000083080306001,243791865596832417178645329325964178964178532817253694731589246652417983489326751
420067000109000062050291000500902000000840059094100027910008000300709000000600900,428367591139584762657291843563972418271846359894153627916438275345729186782615934
904007001070000009135940060400000800000000000090364000000003080000090007340716000,984657321672831549135942768461275893253189476897364215719523684526498137348716952
009000000000001306701500984000003060005006400600040250000020800102000000036410592,389764125524891376761532984418253769295176438673948251947625813152389647836417592
200040000000000005015080420000000010057600200000209600300005972000000001500092860,239541786864927135715386429926758314157634298483219657348165972692873541571492863
912000438000000000000030000109000060704000281823107005600054800085000000000086104,912675438346819572578432619159248763764593281823167945631954827485721396297386154
060000725000800000723000000006008510475000096002060000001390050000005340300024067,869431725514872639723956184936748512475213896182569473641397258297685341358124967
230009040000500892000042500001004036000001400400007028570026300300710060006005200,235189647614573892897642513921854736768231459453967128579426381342718965186395274
403200710010346000028000009500170000860090070000800900040030000000624000030900040,453289716719346258628517439594172683862493571371865924945731862187624395236958147
009170824281000003437820900050009000000300009070008000000030090012007046700040008,569173824281496753437825961153769482628354179974218635845631297312987546796542318
923000000607100900500093000068010093070039000390000210030000009050001600214076058,923657481647128935581493762468712593172539846395864217836245179759381624214976358
830050000070892400002000710003500100200304670016987003000009300000230007007460090,834751926671892435952643718793526184285314679416987253548179362169235847327468591
000900000000386000004075089005000200900003650000000048071850906090040870208009510,852914763719386425634275189345168297987423651126597348471852936593641872268739514
000000900000006004006008000000020000027800300060470809900010400001300000543000690,854137962739256184216948573398521746427869315165473829982615437671394258543782691
000005100004000982010000070190000000005360700007500023730200040000000508850603200,372985164564137982918426375193872456285364791647591823731258649426719538859643217
090000600000006100000002000080000290236007000409000806070004002600700500051200047,794315628823476159165892734587641293236987415419523876978154362642739581351268947
002134000000806000000270300009000000100960840003700900000300005500000600008600200,782134596931856427456279318249583761175962843863741952694327185527418639318695274
051000009400059006000003000179400050300070000000032004007000140000040007000097568,751624839438759216926813475179486352342975681685132794597268143863541927214397568
200307064060000000854000023900000040100490200407000619098000006600008090300600058,219387564763245981854961723936712845185496237427853619598124376671538492342679158
000020000000300400802007910010600000090040003045073690401080000900000060007000108,654921837179358426832467915318692754796145283245873691421586379983714562567239148
004130500253094610600208000982005070000003480007000005508020300700040001000087090,874136529253794618619258734982465173165973482437812965598621347726349851341587296
000400079000000002071000000000100200007500000210690000800050721000870000750040908,528413679369785412471962385985134267647528193213697854894356721132879546756241938
039004007800000500005000930000058600700049380098637015060001000100960050903705100,639514827817392546425876931341258679756149382298637415562481793174963258983725164
000000043405000000701400290008047000007630420000190070003504087000000632016302900,289716543435829761761453298698247315157638429342195876923564187574981632816372954
000004701719062500054100000007086000920000860480305000291003050040001000570020009,862534791719862534354179286137286945925417863486395172291743658648951327573628419
050603000040000009020000580095260000703009002080100970970051204000090030000000090,859623417347518629621974583195267348763849152482135976978351264214796835536482791
020503079903000000400096800208050000000008000700000405074201508080070306530000010,826543179913782654457196823248657931395418267761329485674231598182975346539864712
158003042004021000302400000430186700601702500000500000040205800000967000516300000,158673942964821375372459618435186729691732584827594136749215863283967451516348297
006352497002007085070089000500000800730890000864000070008000729010078000907020030,186352497492167385375489612529743861731896254864215973648531729213978546957624138
080000070200400680046200000012009000000000140000000960500084006074000005000503010,185396274293457681746218539612849753938675142457132968521784396374961825869523417
000093145500200809801004037140680070008000000059300000015030726000000050060040900,726893145534217869891564237143689572278451693659372418415938726987126354362745981
068137904000000000093000076000503200930270080052609040000000402400000860000006157,568137924274965318193428576746583291931274685852619743685791432417352869329846157
946750100080900000000104009001000672074615090000070500000500041000800000000090000,946752183187963425325184769851439672274615398693278514738526941519847236462391857
804000500030740006170000000405100600090806000080425907006000300000010009008050000,864291573539748126172563894425179638791836452683425917216987345357614289948352761
000471200000602500001005006000109020604000100100003007840006000016700430020910000,563471298479682513281395746758169324634827159192543687845236971916758432327914865
000000005080003090000204107340006000600000930005730000701089054830600709520107803,476891325182573496953264187348916572617425938295738641761389254834652719529147863
005049280894012307100000604009200500007503100501000709000005000400007805350004000,765349281894612357123758694689271543247593168531486729972835416416927835358164972
080900100000016450010045003060024835000000002540603900000300010090058067050072300,485937126973216458216845793169724835738591642542683971827369514394158267651472389
000620400204905063069000085000200500020450070000000940030002714040000800000040300,185623497274985163369714285416279538923458671857361942638592714742136859591847326
000500000040800005005200004000100000018300046000050080300026059000700410000900030,829574361647831925135269874263148597518397246794652183381426759956783412472915638
080406000207805000040020380702000001059000008000007503010003800023001760905002130,381476952297835416546129387732958641159364278468217593614793825823541769975682134
400070030000000040005206070000007000704862900080000200000005000500003604000491080,469578132872139546135246879291357468754862913386914257943685721518723694627491385
790020506103000700205008930000700263076000009020000000080000070000009602002050800,798423516143965728265178934851794263376812459924536187689241375517389642432657891
000070032300806001005092000068000340000037020700420095000750480039080070000060013,846175932392846751175392864268519347954637128713428695621753489439281576587964213
000002000908007006000090057200000000005009000609403081300000000820900304000376802,761542938958137426432698157243851769185769243679423581317284695826915374594376812
017698000200500090060000050005000000080740910420389576050036040049002000800104009,517698423234517698968423751795261384683745912421389576152936847349872165876154239
403200000070000600000000501620004050040082003800050240006013007004920000000500000,413265879578391624962847531629734158145682793837159246256413987784926315391578462
147000000000000005000008094069000030300000460714080059400600080006824517050000040,147935826698412375523768194269541738385297461714386259471653982936824517852179643
009460200006050030000030060290000010057100096610379502000005700900010080700000000,839461275146257938572938461294586317357142896618379542481695723925713684763824159
096004013000000500000070090000010009013400805089007001301750080804930050050008030,596284713472391568138675492245813679713469825689527341361752984824936157957148236
000090704070010000068430000000600030090100000056040271600000018000900006900500007,123896754479215863568437192217658439394172685856349271645723918732981546981564327
023700609006001000040000010300000070901500800075180002700000000200805196000009020,123754689896231457547968213382496571961527834475183962759612348234875196618349725
020030510041520000050610080690370000070050800004092300035780000000003400109240030,926438517841527963357619284698374125273156849514892376435781692782963451169245738
830000006000000018000000300000005080478006523050038600000060000007003801643002000,834921756769354218215687349396275184478196523152438697581769432927543861643812975
100000300908005000370002100001074060090008032060203000400020600003500070002030000,126789345948315726375642189231974568597168432864253917419827653683591274752436891
390060080500000003407000000010050000075000000003002000000005908052890400800376520,391564287528917643467283159614758392275639814983142765136425978752891436849376521
000030002000016000060050000086003107001860020040120000400601085705004200618270043,174938652523416879869752431286543197951867324347129568432691785795384216618275943
700800050006050981030000000048200003070900400053640008284007500517000002300000040,791826354426753981835419276148275693672938415953641728284167539517394862369582147
900000400030020917040009602106450000050000001280007004000005809400008020060000035,912876453638524917547319682196452378754683291283197564321765849475938126869241735
000900267020000080017002093000000006000607830009080120000000009475039000000000300,584913267923746581617852493358124976241697835769385124132468759475239618896571342
000874930870001040009030100010005004508706090000000057381900000090458013000020600,125874936873691542469532178917285364538746291246319857381967425692458713754123689
010000029409856710000210000500020100080340000002108300054003000200001400000000070,615734829429856713837219654563927148981345267742168395154673982278591436396482571
159000020000020039000000560003000006000750090901030400395102000000005002280603900,159368724648527139732419568573294816864751293921836475395182647416975382287643951
000060030006005820058710690001506903000000000807200050580000700100000040200050010,742869531916345827358712694421576983695138472837294156583421769179683245264957318
900000400460209000000054000708000000290000048036540970000010590574300180000000003,952186437467239815381754269748923651295671348136548972623817594574392186819465723
490010060060000093305060000007309080039020001046000930002091070074530000000780000,498213567761845293325967148217359486839624751546178932682491375174536829953782614
301000000400079006020401005060048010000010600518602040032000090059000380000190000,391256874485379126726481935967548213243917658518632749132865497659724381874193562
700005200600309000030710000204590000900000005100048000008900600060200189400800700,791465238642389517835712496284597361976123845153648972328971654567234189419856723
020004003095028147800709506080006000003000469070500802008960000750000004001070008,127654983695328147834719526289146735513287469476593812348965271752831694961472358
835000020047000030006017000050940800481002000029000040010520000300000005500893000,835469127147258936296317458653941872481732569729685341914526783368174295572893614
005000092001095040000302076108000000000139027000850900012000050300000600000007003,635748192721695348489312576198276435564139827273854961812463759357921684946587213
060030701100860945000000006000603200000000053270050684000090000306000097985704060,468935721137862945592471836851643279649287153273159684724396518316528497985714362
070800000000240000830000000007020000508000240320054710200007051006030900000100302,972815463651243897834796125417928536568371249329654718293487651186532974745169382
000000060060000000080000300400000000970004002802790036300940820000300004608000003,123489567769513248584267319436821975975634182812795436357946821291378654648152793
847013600300064000916702300002000500780005100000000000000009000604231080000508001,847913652325864917916752348492186573783495126561327894178649235654231789239578461
831705060006008743004000000210004000003820910487009020100902006000000002002000000,831745269526198743794236158219564837653827914487319625145972386378651492962483571
600204005008010000000000084281053400064700809070000000000000000800600542020040090,637284915948516723152397684281953467364721859579468231495832176813679542726145398
001058020002700850850040009000000000000006400068000093003000000600870005007093600,971658324432719856856342179394185762725936418168427593243561987619874235587293641
037506012006074000002001400000000905000000200060030000628700134790060500043010090,437596812816274359952381476384127965179645283265938741628759134791463528543812697
050030400000800000003645000800003200401952860725008000000007003008510700000000010,152739486647821395983645172896173254431952867725468931519287643368514729274396518
030042508000006040005100700009860450608000037400350800064005020091070080800004005,936742518187596243245138769319867452658429137472351896764985321591273684823614975
000200030039005082204307000002900000070000004900000000020000603063001248400623507,517289436639145782284367159842916375371852964956734821125478693763591248498623517
500000092020000000000020700000806273038400000070019008103005020000130040054000030,517684392826793514349521786491856273638472159275319468183945627962137845754268931
090408037000300000000007009980605000704000950560000073007203500000004000020000790,291458637876329145435167289983675412714832956562941873147293568659784321328516794
000030029000080000902000003500200930708013250200500070000020607827300405650000300,485136729376982541912754863561247938798613254243598176134825697827369415659471382
014089000000100004000000050900800000400300016026507930002930601601470080008000590,514789362269153874837624159973816425485392716126547938752938641691475283348261597
000000310000000027163000005001300080700180000089600031000000400004807003006000008,297568314845913627163742895651374982732189546489625731318256479524897163976431258
250000009030090507091050000020070050048000070100000006760000900010905000000004001,257683419436291587891457632923876154648519273175342896762138945314965728589724361
040703690098540712670028000762000000100000000000080007000060005000000000800005300,245713698398546712671928543762159834184372956539684127913267485457831269826495371
000000000060000000800360000200970384008005100030000007600050001400013000170029540,517492863364581729829367415251976384748235196936148257682754931495813672173629548
000000000804907006006200000000800967600000300080700050000300000005401800010500630,521648793834957216976213485143825967657194328289736154762389541395461872418572639
000090832089003060006000000038060000004000901007000000010806073003010208040007000,751694832489723165326185497538961724264378951197452386912846573673519248845237619
600001000000700040702090000070420000020016570006500000501830060030007000867245000,654381792193752648782694351975423816328916574416578923541839267239167485867245139
970008302300020607248006050632000000501000090000000506003600704407000069000070030,976158342315924687248736951632549178581267493794813526823695714457381269169472835
400201006067495010150700008001000295528007000040002087290000001600009820000100000,439281576867495312152763948371648295528917463946532187294856731615379824783124659
800000001000070908005280004000000109107004300000093040268000400300000500050432870,839645721642371958715289634423756189197824365586193247268517493374968512951432876
610800300000194078700000000102080030000000010090700800081000063400060200236400000,619872345325194678748653192162985734873246519594731826981527463457369281236418957
503892007090006500020400980058010370000000000000200000300740000000568700000320000,513892467894176532627435981258614379476983215139257648382749156941568723765321894
102300008607040300300080007045000020000408050070009000000000005010000603000801270,192376548687945312354182967945637821236418759871259436428763195719524683563891274
000200090000490135000070246000010472010000503000000000020000650000020007503069004,341256798762498135895371246638915472219847563457632981124783659986524317573169824
000040500000000008573862400100090063000000940490200081924300100305000804010000000,681749532249513678573862419157498263832671945496235781924386157365127894718954326
000000608000000034080406000800003007000807003036509402047000000068070000020000000,473291658619785234582436791854623917291847563736519482347958126968172345125364879
090371000000040710000962083080400000000003000020080900042150390310000000058639000,894371265236845719571962483983417526165293874427586931642158397319724658758639142
209050060806000400001040000008000240000000000024809530080020600000000090000630080,249358167876291453351746928798513246135462879624879531583927614467185392912634785
400050007800320405000004080024500000308200009000046020000605090009080000600000000,436859217897321465512764983924538176368217549175946328243675891759182634681493752
080070000050020010001300070102980006960100230504000901700010000006000000000708100,689571423357824619241396578132985746968147235574263981723619854816452397495738162
008026000030000500000700800800009010500003004000500009304000058680057000000608000,758326491932184576416795832843269715591873264267541389374912658689457123125638947
800605103910020645050000020507006000080000760236900400020508000040092500100030082,872645193913827645654319827597486231481253769236971458729568314348192576165734982
005800000208000095406570001702006080060007500009103060047015200001200746603000008,195862374278341695436579821712456983364987512589123467847615239951238746623794158
000100902500000010120000507600000029390000105207910340762090050000002703408006201,846157932573829614129634587615743829394268175287915346762391458951482763438576291
000000000000809306050200040023975401070000023010008059400700090702400530080590070,936147285247859316158236947823975461579614823614328759465783192792461538381592674
050080000301000080862307195000030051000400970700020043004800009200000014000000500,957281436341596287862347195426739851135468972798125643514872369289653714673914528
508900006007000300020400800009031000000004000781000600802019000000702080000000030,518923476467158392923467815249631758356874129781295643872319564635742981194586237
050003004010800050000507000100004009003000001060080002000000125000460003000025040,758693214319842756246517398125734869893256471467189532634978125572461983981325647
500370000000108060000620030000500008003000000000780200006432900009851003031067005,562374189374198562918625437427516398183249756695783214856432971749851623231967845
002100030000070400074000001840219050031000600700030008008020090020500010000041000,982164735163975482574382961846219357231758649759436128318627594427593816695841273
007609840042008039030000070000016700061080004873000000300000000000300000005060097,157639842642578139938124675594216783261783954873495261326947518789351426415862397
000073006069020730783050102810000074350082061000100850000204309000500007000007600,421873596569421738783659142816935274354782961297146853175264389632598417948317625
050020069608005742920070100003000000090000010506400003700068000000040050280030070,157824369638195742924376185813957426492683517576412893745268931361749258289531674
580041302930007451604020900000098003163000000090000005000010097300000080079080136,587941362932867451614523978745198623163752849298436715856314297321679584479285136
500016700076200004090300500109000400007035060000000975030090000705040000014760050,582416793376259184491378526159627438847935261623184975238591647765842319914763852
050900000900180000002700809009208104003400087400005960000500070007042600040637001,758924316964183725312756849579268134623491587481375962236519478197842653845637291
000900003080000500034586070000001057000865390360409000028130900000200701003097002,657912843982743516134586279849321657271865394365479128728134965496258731513697482
102350400000010003000274000000540002940062100000098700000600004500421000000030001,182359476497816253356274819871543962945762138263198745719685324538421697624937581
700983002900201000103000009409020071007000000050016394304070020500000003001034050,765983412948261537123457869439528671617349285852716394384175926576892143291634758
290000537780005200000079400000020608000096040001807020019000000000000070070010004,294681537786435291135279486957324618823196745461857923619743852348562179572918364
008000000000009080000106004004002165000460800260850700086215097000090308509070620,458723916617549283932186574874932165195467832263851749386215497721694358549378621
060400957300050080070800100000000000090607030010502000000200000509000408400000610,268431957341759286975826143654318729892647531713592864186274395529163478437985612
000005930900060050000000600000020006060007100300000509000540007750609004104030060,641275938927368451538194672815923746469857123372416589286541397753689214194732865
018250040000010008300700009000690004459020063000000980080070050130568090006002871,918253647765914238342786519873695124459821763621437985284179356137568492596342871
000000051000000007000007863030100080207904100048000000001020600605800000320000000,789436251563218947412597863936172485257984136148653792891325674675841329324769518
059040180700030050080500000000100000200000510007420803075304021000800000000970360,359647182741238659682591437438159276296783514517426893875364921963812745124975368
620500090000090006040000003065079281180005040094000005008700900002000008036020000,623514897851397426749682153365479281187265349294831765418756932572943618936128574
307010000010000030902000000100050948803000000004906000008000000070063410000570000,347618295615249837982735164126357948893421576754986321468192753579863412231574689
007004009800006400040090680031049260005008301680000005096003000000627010402001036,567834129819276453243195687731549268925768341684312795196483572358627914472951836
000000560850710020000000000000007005080030000190200084945600013003500047000000050,731924568856713429429865731364187295582439176197256384945672813213598647678341952
427301500030007000059200003010000005000018000280609000090000034000000900000923608,427391586836547192159286743914732865675418329283659417798165234362874951541923678
810000070400100000000040030350000009008001027000050080060500002009008700004097305,815923476432176958697845231356782149948361527271459683763514892529638714184297365
020007961006920500097000000748000000009000040602004195065000470080500319000203800,823457961416928537597631284748195623159362748632784195365819472284576319971243856
010076294026500000000100006000460000508020600000080001460700020000040007007600000,315876294926534718784192536139467852578921643642385971463758129851249367297613485
032000500018097403000830069001476090400000000507900204005000340000241000240050080,932164578618597423754832169321476895489325617567918234175689342893241756246753981
000000000500760130080000502000802000030000020200000300028507093000980010900010408,317425869592768134684391572765832941839154726241679385128547693456983217973216458
000060008000000000004800090020007560019056000700200800150000026000018005346070980,932761458581924637674835192423187569819456273765293814158349726297618345346572981
270000040600100090000008037037006000820000001000031000080000023760394005390000004,273965148648173592519248637137826459826459371954731286485617923762394815391582764
000000500000056007000108000001000000400001670506207043083010020109000036005600400,367942518814356297952178364731469852428531679596287143683714925149825736275693481
070002080100000000069105000400001890000709000000840001710200500900000600000400008,374962185185374269269185347457621893831759426692843751716298534948537612523416978
407000890600010702900080006100802060005000089000060004000008320071059600080000000,417625893638914752952783416143892567765341289829567134596478321371259648284136975
100080090000015870804900061009060504001040030002000708208000050345000180600801300,173286495926415873854937261739168524581742639462593718218374956345629187697851342
000003900000000800890006000700002600408360000006000000007908256089005407530070008,274583961365791842891246573713452689428369715956817324147938256689125437532674198
000400000472500100900000540003007400090632800007005360700000003009000050040009200,358461927472598136916723548563987412194632875827145369781254693239816754645379281
502768003000000806000309740005002004409010000000840500060100000004080200057006080,542768913793451826816329745385692174429517638671843592268174359134985267957236481
010467023094001080600083051500300000062008309009100070240000000050600010906000034,815467923394251687627983451578394162162578349439126875241835796753649218986712534
002809067007000020409200183000008602018020000700000804000000000090300250070500000,132849567587136429469275183943758612618924735725613894351482976894367251276591348
000300000000100850057480002003060098002908670006001000060503080840020007205010000,128395746694172853357486912573264198412938675986751324769543281841629537235817469
900500072513000000040000051800200090021009007000800210004060000005930746002084000,968513472513427869247698351876241593421359687359876214734165928185932746692784135
100048000493060800000000400000030980009080050600095000052070000000459007000000006,165748239493562871287913465521637984739184652648295713952376148816459327374821596
085100974000007030107300000470806501090025060060700008000600040000000010000000000,385162974946587132127349856473896521891425367562713498219658743638974215754231689
000000000000900037070020000004000603602875900090400000305000800060000005000540360,519783246826954137473621598754219683632875914198436752345167829261398475987542361
000068009000320000269540800000005630900003005030070008421000950300050100600000384,743168529185329746269547813872495631914683275536271498421836957398754162657912384
506004090240000731070320006000147050000000004403000072000000000108405603300001487,536714298249568731871329546682147359957283164413956872764832915198475623325691487
800004003059000000400900610003500060010039080004000302200800000045396000000070030,861724953359681274472953618923548167617239485584167392236815749745396821198472536
710832000902000080056470000080060040107000908500700000405300000370000059008000070,714832695932156784856479213283961547167245938549783126495317862371628459628594371
000400780067000005080002903010000604090005007706241000001900000002030590649520010,923456781167893245485712963218379654394685127756241839531968472872134596649527318
000050000060100380000040010500731620000400130100605040080000000019000206400307890,841953762965172384723846519594731628276498135138625947687219453319584276452367891
006000000071000009583000064300500680000278900900001250059006800030050706002807090,296143578471685329583729164327594681165278943948361257759416832834952716612837495
600000900095672080000034000000300000000250008800060005000596071000700509000020360,632815947495672183781934652257389416946251738813467295324596871168743529579128364
040080000703060009200040000000000436604003000032600075461809023070020004005006008,549381267713562849286947351197258436654793182832614975461879523378125694925436718
000500029000002583029103406178050000000008700050037008000000031310000897000301050,783546129641792583529183476178954362936218745254637918465879231312465897897321654
247000908060078002018020000000600090800000000006700084090040000084009006600850000,247561938365978142918423567473685291829314675156792384792146853584239716631857429
060403000002007000031005076000300060000108057070094000008050003003040098000006702,967413285542687139831925476185372964294168357376594821718259643623741598459836712
300100000500270304060035900005800009200000070018360240094000000100000000627040893,342198567589276314761435982475812639236954178918367245894623751153789426627541893
400350900000070400319004500030007600090030807000910200050003046003490780008500092,476358921825179463319624578231847659694235817587916234952783146163492785748561392
005800000081409020209000004004080609000290000007006002100000050053970200000520430,645812793781439526239765184524387619816294375397156842172643958453978261968521437
950840200302070480040200050000008005000000040530000108020000813070180090009500600,957841236362975481148263759796418325281356947534729168425697813673184592819532674
015400800072600900000000630000004000000706000800952004041800390960000007000000010,615493872372618945489275631256134789194786253837952164541827396968341527723569418
000000400300000000201800600000690054609000000834521907006080130410359000080200000,968173425345962718271845693127698354659437281834521967596784132412359876783216549
000300000054000030630000002097005040020000073046103009062704010780000400003506087,279358164154962738638417952397825641521649873846173529962784315785231496413596287
005003720603000510200060800500037600700040000038906207000720963920000075370000000,495813726683472519217569834542137698769248351138956247851724963926381475374695182
100200000023760145000530070000190480000020000071050000796000500400000700002370800,157249638923768145684531279265193487849627351371854926796482513438915762512376894
600950000009030761072060035000000349900000050040290010806020100020000006034700592,613957824589432761472861935251678349968143257347295618896524173725319486134786592
040005003802360704006000050000900401004006300600042080387604900000000840000098107,741825693852369714936471258278953461594186372613742589387614925129537846465298137
230000007005040010000016025003100049042009031019000000400000003100090700028007090,231985467965742318784316925673158249842679531519234876497821653156493782328567194
000000000050007800608543001000000207000052038230408010020095100561030002749000060,417826593352917846698543721184369257976152438235478619823695174561734982749281365
030000486800413007072008301000260000301804002200001000000900130900000000003000000,139572486865413297472698351748269513391854672256731948627985134914327865583146729
053900104010020680086000000600000805000000701000700236860000000500091008092806017,253968174914527683786314529679132845328645791145789236861473952537291468492856317
060740091700190062010000800001009600000001908000604005802430109039857000004010003,265748391748193562913265847581329674426571938397684215872436159139857426654912783
500079000000801900007002854008563400006000500000200000060005008050007060009080040,582479136643851927917632854198563472426718593735294681364925718851347269279186345
000268004000010000000974000005096008000850000000000500308701450070600090502000000,157268934946513872823974165715496328234857619689132547398721456471685293562349781
000000001030281004200900873000700000507308409102005030408563100000070640070000380,856437921739281564241956873384719256567328419192645738428563197913872645675194382
000006217007409800100080006090000703081623059364000000050290670079000001006007004,948536217627419835135782946592148763781623459364975182453291678879364521216857394
000078009098020007071059000700006090010032065006091302000013000230960000060000920,342678519598124637671359284723546891419832765856791342987213456234965178165487923
504900000070000009090000020700800000000300800400700010200095780017483005080027003,524938167871246539396571428769814352152369874438752916243695781617483295985127643
020054300007000801000100009670810000000090006900200780005020004706480002009000000,128954367597362841463178259672813495384597126951246783815729634736485912249631578
000700006497500030000100080000045700010000900000010000201056300040900860000070040,128734596497568132356192487932645718614287953875319624281456379743921865569873241
004050000500002001010903000000010790091000800800009000080004000062005000007201400,934157628578642931216983574645318792791426853823579146189734265462895317357261489
005900000009250800412308009950104000100000090620795000500079320090502140200000900,875941263369257814412368579957184632148623795623795481581479326796532148234816957
260905000900010053534000900603198000000006092000070000050000020810002009340700005,261935478978614253534827916623198547187456392495273681759361824816542739342789165
910250300040071629070000008001008000350000006000025000100500000080002030000914805,918256347543871629276349158721638594354197286869425713197583462485762931632914875
007000010090000004000000000600057900005014070070800000700109006800023000010705203,547968312298531764361472589684257931925314678173896425732149856859623147416785293
000100803030050000009783052017240508000500020000007000076300000400001005091078036,652194873738652941149783652317249568984516327265837419876325194423961785591478236
090305070000060809310098060200039410000007380000654000000900701041000290087040053,896325174752461839314798562275839416469217385138654927523986741641573298987142653
003864000005000000604502018000080000050040000020000980508020100030750009702000800,913864572285317694674592318367189245859243761421675983548926137136758429792431856
040070008127006050300005704000514607004008091000060040639800002000700010400000005,945372168127486359386195724293514687764238591518967243639851472852743916471629835
008931004100046000964007000590060080006700300083000670050000000300000708809010200,728931564135846927964527813597163482216784395483259671652378149341692758879415236
901040000032000000400920000290000800063580000700200053800000010307001005519070000,971345286632718594458926371295134867163587942784269153826453719347891625519672438
005214083200003090007805210000001035060000000000069408000086000036050840051040360,695214783218673594347895216489721635562438179173569428724386951936152847851947362
509000406000005031003090200706003009908720010100800360305600000000050690060070153,529138476487265931613497285746513829938726514152849367395681742271354698864972153
382005147460000000000407020070360010030710052000902000000026009000870060090003080,382695147467281593519437826275368914938714652641952738854126379123879465796543281
001354000340702001070000540010537060000490008009801057000000180008005000034000706,981354672345762891276918543812537964753496218469821357697243185128675439534189726
102006400406010820000000605207000958908700000630908007020000000000200700000004030,152386479476519823389472615247631958918745362635928147823167594564293781791854236
309080040480020030200300089900000001072698000005100002700000560530060008608005027,359781246487926135216354789963542871172698453845173692721839564534267918698415327
300000008000082054008007002005060080480590000063020000000009000650300879000806200,329645718176982354548137962295761483481593627763428591837259146652314879914876235
080100079000000486090470001000040000051920004600800900000004702040010090000000000,485163279173295486296478351729346815851927634634851927918534762347612598562789143
090000050000007000807052000000904500300000609520730010005000160070009400146000208,493861752652497381817352946761984523384125679529736814935248167278619435146573298
800010004401087000300000000000760010000840000000000008009070800200006951003050627,826319574491587236357624189984765312632841795715293468569172843278436951143958627
002800706157000980036005000080300070000612005005000392009000467008560009000000000,492831756157426983836975214284359671973612845615748392529183467348567129761294538
705000430603500180009638050002705804007800902041020500050001000000000320200009040,785192436623574189419638257932715864567843912841926573354261798196487325278359641
000100006690003010040080000030761004760308000809000003350000008000006000908037001,283175496697243815145689327532761984764398152819452763356914278471826539928537641
096130000000067300001900080610000000070090000050013060000301000365080140080476903,896135472524867391731924586618542739473698215259713864947351628365289147182476953
700000280500008070908400300000000103890700005060015820370000000005000000000000010,736591284514328679928467351257846193891732465463915827372189546185674932649253718
200000410073420689004900002600100903001000206000000000008000507900000008002000100,269378415573421689184956732647182953891735246325694871438219567916547328752863194
900001000080600500000050341000080400005007000000300010098500102036000950510003000,954731286381642579627859341163985427845127693279364815498576132736218954512493768
007600030359000876610000000023900080060047013400368702000000020002870095080000000,247689531359124876618735249723951684865247913491368752576493128132876495984512367
060000000050060408040300010005070390008534001604021085000700009000806027000000000,867145932351269478249387516125678394978534261634921785582713649493856127716492853
291000800060104700000008006604020080000005000009000027870030260023069050906082400,291376845368154792547298316634927581782615934159843627875431269423769158916582473
270005403000200010004079600002001006000024090700050204001060057003087060600092040,279615483536248719184379625492831576365724891718956234821463957943587162657192348
005092804000004050010003200080900100590000006000100400800200000900070000000350080,635792814728614953419583267384967125591428376276135498857249631963871542142356789
600123800300009000000000060900007000030902006000000749804301005500008003000200000,645123897381679254279584361968457132437912586152836749824391675516748923793265418
002030010000460035000100206000000000029000070070900000200379000000245190795010400,462538719917462835583197246156723984829654371374981652241379568638245197795816423
000600009862010400000805007704090000000000000000104003040021306605003000100907008,357642189862719435419835627734296851591378264286154793948521376675483912123967548
305480000006900305917002004000000009008000200640207108804000562000620000260745000,325486971486971325917532684152863749738194256649257138874319562593628417261745893
000000400903702800000300000650100240000408035400056710004003070000000006097625184,172589463943762851586341927659137248721498635438256719864913572215874396397625184
870050400090000085506003100300000001107000040059207600630002004000100503704000006,873951462291674385546823197382469751167538249459217638635792814928146573714385926
967000250100002030004090070000000020073920008000500000710050300005360002309010400,967843251158672934234195876691487523573921648482536197716254389845369712329718465
002030050900206003300000000180050000400970080025001030000640010610300090500710204,862134957957286143341597826189453672436972581725861439278649315614325798593718264
200015000418000752300800000000000007740080301000701000000000000800003400073008000,297415683418396752365872194189234567746589321532761849654127938821953476973648215
020000008004000060500680930000008020750100000100006000010060593960000000200030000,629345718384917265571682934496758321758123649132496857817264593963571482245839176
007420080001560972200700354000000090709100020050000010900070200300000069065200040,597423186431568972286791354128347695749156823653982417914675238372814569865239741
800031000000000000760500943000040000048092000003085070000010500006050300005070009,892431756534967128761528943657143892148792635923685471389214567276859314415376289
200000000100000045080170092001039000952401080000002500710940826006000007590020430,249356178137298645685174392871539264952461783364782519713945826426813957598627431
903107000184000000006840192065000010040061285010405360092000000000070020601020003,923157846184692537756843192865239714349761285217485369592314678438576921671928453
010324000345897000820005000200000850008172900070000200000500000152780003460000080,916324578345897612827615349291463857538172964674958231783549126152786493469231785
000041000010030009008006400004500000050490000030007540041700030873159064000004007,367941852412835679598276413784512396156493728239687541641728935873159264925364187
896000403245310070003080000080207596029000007007000000000100000000060800900003042,896725413245316978173489265481237596329654187567891324632148759754962831918573642
000153600000000000091680040002000000000006700074000900047000050000070286200501000,428153697765249831391687542512798364839416725674325918947862153153974286286531479
083000100002305000900000300820953704000000200001820000170000000000000900060038000,483269175612375498957481362826953714795146283341827659174592836538614927269738541
057009000098000600000400029005040000319070008824000060003100000001000036000000001,257369184498251673136487529765843912319672458824915367643128795581794236972536841
000200040004600083807001600000300004040920816000040300009000231030002008712000000,963278145124659783857431692678315924345927816291846357589764231436192578712583469
895000061470000098010050024180000000020001000006000000200190006008024003901007040,895742361472316598613958724189473652327561489546289137234195876758624913961837245
000407819700000004000030002000000100001780000950100000805200001003500900020010030,362457819789621354514938762247395186631782495958146273895273641173564928426819537
000030260000070040030240010006000004000000100000190080283010790000300400700050000,417538269925671348638249517156823974892764153374195682283416795569387421741952836
406050800809000030102000075290500060300400920010709500901070050000900016760030040,476351892859267134132894675297583461385416927614729583941672358523948716768135249
004006003070430000000000000432001098000000300090583040000800230046052000900300051,514726983679438125283915764432671598865249317197583642751894236346152879928367451
790000400004020100302614900009030005030800002078000391000506000000080060500000800,791358426864927153352614978629431785135879642478265391983546217247183569516792834
650040020100089400000002003076004050000000040000507900700300000000001500009876000,657143829123689475498752163276914358915238746834567912781325694362491587549876231
000126075254000060100000000007900020009800000380000040803000916061000507000360080,938126475254798361176435892517943628649812753382657149823574916461289537795361284
000100700000549801400000096000062070040370900065000030024750080500000310906201400,859126743673549821412837596398462175241375968765918234124753689587694312936281457
000000400506000000000000130380720610129306007000015000000000045200080070030000001,713962458546138792892457136385729614129346587467815923671293845254681379938574261
500023807000807005280006009650009003100005026008302000014008672076000090025000000,569423817431897265287516349652149783143785926798362451314958672876231594925674138
000400027004702830200003040000800003800200450700100000005000070090000010402000060,953418627164752839287963145521846793836279451749135286615384972398627514472591368
000009700960507008000000051000000697026000084000040510000700100109003800607000000,458219736961537428372468951814352697526971384793846512285794163149623875637185249
003000402800900067000000050000007924007000631409000070045008706020000508000064203,953671482812945367674382159561837924287459631439126875345218796126793548798564213
006070020000140608108060500609000780002050901503000000300089000050020300900300002,496875123275143698138962574649231785782456931513798246321589467854627319967314852
180050009052040000004010020008090400701000930090002000840030000319620084006080003,187253649952846317634719528568391472721468935493572861845137296319625784276984153
740100060008700301630520480000000200070402010002000078904001030507940006000600000,745138962298764351631529487356817249879452613412396578964281735587943126123675894
000008007070904020000006893084001500000003000000700008098500060006840700140369000,962138457873954126451276893784691532625483971319725648298517364536842719147369285
140000279237049600080602000012000400460210080000080910701000004000700000304021790,146358279237149658985672143812593467469217385573486912721965834698734521354821796
020003040308720561706000000600004210804201700200000000400510602160092308070000000,529163847348729561716845923637984215894251736251376489483517692165492378972638154
000007003000080000070605000700239140000056009924000000600090270090560080040000000,518927463462183597379645812756239148831456729924871635685394271197562384243718956
000200000910008000000517090003900000700080000150002340020800010001070000890025030,674239851915648723382517694263954178749381265158762349426893517531476982897125436
509001008000002016060090050000006000000300070601000000300000005900000087206507100,529631748843752916167894352732186594458329671691475823374918265915263487286547139
030905000059601000106320057000000073024039000003710420400003008000092005000000200,237945681859671342146328957961254873724839516583716429412563798678492135395187264
002438000000000200703006040007090420009040006400000001084002905000004060200509080,912438657648751239753926148867195423129843576435267891384672915591384762276519384
908040003400050080000000040000900125160003700000070300200500400743000000591030000,958742613417356982632819547374968125165423798829175364286597431743681259591234876
800000720340002000000800030073518400054009010080024357001000070500067103007200040,896143725345792681712856934273518469654379812189624357461935278528467193937281546
000000019034000062100905300045870000000000070720000000650400120200030054010000700,567243819934781562182965347345872691896314275721659483653497128278136954419528736
040020700092400013003500002000005207000004360007030009000060174400000000831000000,548123796792486513613597842364915287925874361187632459259368174476251938831749625
008010090007040020210063008054092300003000002600300009000086001400000007020000564,348217695967548123215963478754892316193674852682351749579486231436125987821739564
850403000000050020100000003013200907900078140200904600000007061000030400672800009,859423716736159824124786593413265987965378142287914635348597261591632478672841359
800604013040005009056010402070400930029030100003000708205006000000009800084050000,892674513741325689356918472178462935529837146463591728215786394637249851984153267
500000102048000030201800705900020610012040500080105090800000001060000300075000000,536497182748251936291836745954728613612943578387165294823679451169584327475312869
003050000100000430090004201200093000480000010031840090010000800000008004008430126,843251769127986435695374281276193548489625317531847692914562873362718954758439126
700803100040090800000010002970000501000009000210305798000082050400500000305000000,792853146641297835538614972973428561856179324214365798167982453429531687385746219
000430701740201065090580040067003004000018500310000087100309000070064300030100400,258436791743291865691587243867953124429718536315642987184379652572864319936125478
200060000016058000900007062805020940301706008602000001100603000509000000063509004,237964185416258739958137462875321946341796258692845371124683597589472613763519824
000107000700839010100562080042010000603000108901000040005078090000020050007950200,598147623726839415134562789842715936653294178971386542265478391419623857387951264
500019360120006000000054080000080090308021000900040008865470020012508000409160000,584219367127836549693754182271685493348921756956347218865473921712598634439162875
200004590057080000000305002720500000600000020000762409003020008012947050460053200,238614597157289364946375182724591836691438725385762419573126948812947653469853271
060305100250040690000000050002500070007090020310000500004900010000700060000000800,968325147251847693743619258492568371587193426316274589824936715135782964679451832
090800700000000500850000900605083000070046008401500069002000005109000000008000600,296835741317694582854721936625983417973146258481572369732468195169357824548219673
600001400381700000947800360050007603000000750000050018006002049009008000400509036,625931487381764925947825361154287693268193754793456218876312549539648172412579836
360000000400000000080003910000005029650300781972810000020000400108950200700008150,367591842491782365285643917813475629654329781972816534526137498138954276749268153
096040000401000070000690400918200000000000002002010806104900008203000000009000064,796148523481532679325697481918264357647853912532719846164925738273486195859371264
204000000090187000700400013806004102129005034300261000000508200000010000050900001,214653798593187426768429513876394152129875634345261987631548279982716345457932861
050700000003000006000020003400200167010000000006004000600302801000001600301000075,158763492273149586964528713439285167815637924726914358697352841542871639381496275
000986034030007000819300000090043000020619800050800300002001090907005681060400007,275986134436127958819354276198543762723619845654872319582761493947235681361498527
850000000700000824002300000000010049216900070000007612920760000640000900000000200,851249736739156824462378195578612349216934578394587612925763481647821953183495267
001405000000060040040009000904050608008600000600098000406003907792006000000007000,261475893359862741847319256934751628128634579675298134486523917792146385513987462
300007980090045700620080000460010098930000000070090405000034009049000000083002000,354627981891345762627189543465713298932458617178296435216534879549871326783962154
200390000503060407700000900000009305000003080630000004049700053005800009020930106,214397568593168427786542931472689315951473682638251794149726853365814279827935146
000704000007026010086000400020060001860200950000000000030400020600850703540070000,193784265457326819286915437924568371861237954375149682738491526619852743542673198
000900056060000480100406002600100000700268900918000603000090200000803765007600000,834972156269351487175486392642139578753268941918547623386795214491823765527614839
207600001869001002401000085000700409740006103690010008000000800000003500100450027,257638941869541732431927685312785469748296153695314278573162894924873516186459327
080006930070080040109000008700150300010490620093078010400930000060004870300860090,584716932672389541139245768746152389815493627293678415428937156961524873357861294
030000000000000416000105070070000003100270080003006000000300005204060800059042001,731684592528739416496125378972418653165273984843956127687391245214567839359842761
100305008000010700560298340300060000659001000420903607000007136010030000006089400,142375968983416752567298341371862594659741283428953617894527136715634829236189475
000040800040000030010030000709050000800900027000021598070082000600000200002310004,396145872248679135517238946729854613851963427463721598174582369635497281982316754
400090832000380000000004090045270960000001000780500003000020308800000000500840609,457196832196382547238754196345278961962431785781569423614925378879613254523847619
000207000860000090005009000002870000030041005000023006000000460004108007090064200,349217658861435792275689314952876143736941825418523976187352469624198537593764281
070000540004005790005470628400086050600700412090000086700800100300090060061040009,176928543824635791935471628412386957683759412597214386749862135358197264261543879
204806037000000610008030002409001370005003109080900064000050000000308001006190500,254816937937542618618739452429681375765423189183975264391257846542368791876194523
060043080520000600000205900000407810370000425180050000895300100710009050003570000,961743582527198643438265971256437819379816425184952736895324167712689354643571298
507003200809005000603902007062804100000050000050600832430000700000500600095070001,517463298829715364643982517962834175381257946754691832436128759178549623295376481
070000941401000230290040008003006000642380000009000603006071050000009070007204800,378562941461798235295143768513926487642387519789415623926871354854639172137254896
100070200804002900290054007300240008009807010002500364528000400030605100000000000,165978243874362951293154687351246798649837512782519364528791436437685129916423875
380500900000809000004000800003007050020090080006001709000065200010908047070400000,381542976762839415954176832193287654527694183846351729438765291615928347279413568
605087000000460000900130750380050000000310587000029000000070001000200075570600000,615987324237465819948132756381754692492316587756829143829573461163248975574691238
003004020501000004007000850000005080070493560056000040684000200000000070010040039,893654721561287394247931856429765183178493562356128947684379215932516478715842639
671500392400637015000090600000000000003040020009000000086009201027300980000025700,671584392492637815835192647258913476163748529749256138386479251527361984914825763
007230500024000000356700102230041050000000281700600000070109004061000000092060000,187234569924516378356798142238941756649375281715682493873159624461827935592463817
000146000420890010300000000802070600900500200000008000609310482003080069100620750,598146327427893516316752894842971635931564278765238941679315482253487169184629753
072654800600030950000000000463900005050026079000001003000005000020000508510802306,972654831641738952835219764463987215158326479297541683389465127726193548514872396
000050000006020100520000670700000060100569043000203000000100900650030028000000500,917456382346728195528391674735814269182569743469273851274185936651937428893642517
300905086500007409070001200100004000409760001008000507790008104615073008000000300,341925786582637419976841253137584692459762831268319547793258164615473928824196375
000072000710800026390006000900000050100000000060509714000700802620008005070000600,856172439714893526392456187987614253145237968263589714539761842621948375478325691
010847603004690015000003800800005100000080000000006280000004026007068930000029000,215847693384692715796153842872435169649281357153976284938714526427568931561329478
005000084080000503000000060090000002108000950000970010900403020860097000000600400,315769284786142593429835761697518342148326957253974618971453826864297135532681479
800059602002003001000076003900020007000791065017360200000000020000080300209000058,843159672762843591195276843956428137328791465417365289681537924574982316239614758
200050010095700000000920758760014000000289000000000425129000040000000000600000800,276458913895731264341926758762514389453289671918367425129873546584692137637145892
009000508000700000080009416000800240000007000070203000007035894400900000305000060,249316578651748329783529416936851247812467953574293681127635894468972135395184762
078000092000000018010900547007125036031060204800304901703600000060000000204700100,478513692695247318312986547947125836531869274826374951783691425169452783254738169
204000000615000943000000800000400000050070000172060000526704010000030700700020000,284359167615287943397641852863415279459872631172963485526794318941538726738126594
053000009209600104000982500006000003700140600000067000932706400160859070000300016,853471269279635184641982537416598723728143695395267841932716458164859372587324916
004080150708000409000079302000728000001004000027031845000010000060807000000095670,294683157738152469156479382345728916981564723627931845472316598569847231813295674
756000010000850070100007450030005060000006008000900020005102000200509080090760205,756324819942851673183697452439285167527416938618973524875142396264539781391768245
360780500004000000000010900130007402470002058000000009000060200000000605000920000,361789524794235816528416937139857462476192358285643179847561293912378645653924781
000050230000401070600000000204010090917063080000900000005009000800000010040000920,491756238583421679672398541254817396917563482368942157135279864829634715746185923
700000091100000800800107004008003000260504100300000480570830040000900010082400056,743268591196345827825197634458713269269584173317629485571836942634952718982471356
800410709030520000006897050203040005100008903000001400040002507300074000000000201,852413769937526184416897352273649815164258973598731426641982537325174698789365241
097006034800070960300090070180060029042100300600005000000000007000000080009030041,297856134814273965356491872185364729942187356673925418438612597521749683769538241
070240130000006070018000000200815040030762000080409600600024300040307006803600027,976248135325196874418573269269815743534762981781439652657924318142387596893651427
090000100005070090470002060030007006246005000000000009027000084000009031063708005,692854173385671492471932568539187246246395817718426359927513684854269731163748925
000006008080000004600070000000040003004600700007001040750000892400780301010060057,573426918281539674649178235965847123124653789837291546756314892492785361318962457
000700800600000000000405063800374520003020000000508439000100080918640300200009000,532716894694283715187495263869374521453921678721568439346157982918642357275839146
000700540640500000070008090060007020090000008530001000400186059710000004006370001,189762543642593817375418692861937425297645138534821976423186759718259364956374281
080041072000000050910000040009007804800450700000038090408690010006000000003000000,385941672764382951912576348539167824821459736647238195478695213256713489193824567
700600013108040000360070020000386000009000635600000070070830140003091060901400300,794652813128943756365178924547386291819724635632519478276835149483291567951467382
208005000045000006070480500017650009000004007000721308700000843000813700890507100,238165974145379286679482531317658429582934617964721358751296843426813795893547162
008037010000200008047810090000640583400523900930001004000000000004000800052100009,298437615163295748547816392721649583486523971935781264879354126314962857652178439
020080000010000028000002007078064001000810000000300870000501002050000004097000100,429785613715936428836142597978264351563817249142359876384591762251673984697428135
000602370040070600060004010000400020050297000000810450930765000500300701000020009,195682374348571692267934815813456927654297183729813456931765248582349761476128539
900000004000107800300060079700604280008300701001000090000201000400700510070900060,917538624624197853385462179739614285568329741241875396856241937493786512172953468
845001000072506000060097020083104000000000800009000400100003000530002009420010007,845231796972546138361897524683154972254379861719628453198763245537482619426915387
000000080000307000704801302000418000042000007001700004000170900000080000800503200,235964781168327495794851362376418529942635817581792634423176958657289143819543276
091000000000010007206907010059000374000300000300600009020006050465090700000002900,791564283548213697236987415659821374172349568384675129927436851465198732813752946
526490100010000054084500329001000005690002000050000000062000037400020001000300040,526493178913278654784516329241639785698752413357184296162945837439827561875361942
000050000100000095954860730570680029680005307000090568010020004000009003000076080,732951846168734295954862731571683429689245317243197568316528974827419653495376182
290005816071036000604008020000000007500371649100080030300800001020009060000603072,293745816871236954654198723439562187582371649167984235346827591725419368918653472
007000000000070800000900762642095030798000450005000907830260070500000009009500080,967824315251673894483951762642795138798132456315486927834269571576318249129547683
000709000030680407007010603000840970000300100900026035700250364058400000402003001,645739218139682457827514693213845976586397142974126835791258364358461729462973581
500003060006059072001000540600240705050907036000000000060000000840020603003000004,527483961486159372391672548639248715254917836718365429962534187845721693173896254
103804006050060730206070900400710300007940165000608000005007800300059600000000500,173894256954261738286573941462715389837942165591638427645127893318459672729386514
201004070080000003540080000408000006006243000000867000835000000600108040000000080,261534978789612453543789162478951236956243817312867594835496721697128345124375689
005300160170042000800001400000020906508039070000070000000060040000004000400090000,945387162176942385823651497714528936568139274392476518259863741637214859481795623
000000006000000724000600000005709342000001607200036000060010000090060015020950063,842173596136895724759642138615789342983421657274536981568314279397268415421957863
600000020075040300100073009064709008597031040800060500000627010000304050002000070,643918725975246381128573469264759138597831246831462597459627813716384952382195674
004005309107208046002043008000000000000002061015060000000029000900007000078100090,684715329137298546592643178269371854843952761715864932351429687926587413478136295
070021000100000350040070000000907400609100000007008060590080000200430500000005030,375821694128694357946573128832967415659142783417358962593786241281439576764215839
050930008009001640000806900240519036000040002000620810000402001100090087500100400,652934178839271645471856923248519736316748592795623814987462351164395287523187469
010409780000507006007002090100026900005000100093050462000200600001000000000980040,512469783489537216367812594148326975625794138793158462834271659951643827276985341
000900008038000020000728010502306004010000000309000602007003500100507000000002040,261935478738614925945728316582376194416259837379841652827493561194567283653182749
000300000132700605574000001600030908050000000407060000205800470796005300308000509,869351724132784695574926831621537948953248167487169253215893476796415382348672519
081200400000010892007000600800004071009025000020700000012800005040000026005000040,381269457564317892297458613856934271179625384423781569712846935948573126635192748
000003507037800040052006000070900604010035720803002000020100005000060082060000900,486293517937851246152746893275918634619435728843672159724189365391567482568324971
700000600005036009000040300090753028000410000000000000900572806000000007670000001,739825614245136789861947352496753128327418965158269473913572846584691237672384591
009200570500647200070000010000090702000103008090000400004050820820364090000010000,689231574513647289472985613361498752245173968798526431134759826827364195956812347
000030000005700000730510860006080147400000000000071000170620000600000000042098600,961832754825764319734519862256983147417256983398471526173625498689147235542398671
100009076649020000078063009015070982024050600000090005000000801000000004000208763,153489276649127358278563149315674982924851637786392415462735891837916524591248763
000001000001000308906030157672350001094100530100000780519806200000000010428010000,735681429241975368986234157672358941894167532153492786519846273367529814428713695
036001070010060483500000602600050004109000800000600000000007000703020000095030000,436281579912765483587943612678359124159472836324618795261597348743826951895134267
005000067064057000200090051087900036600000000302000075090265080006039004053040000,935812467164357892278496351587924136619573248342681975491265783826739514753148629
002508360600017002000360901000070000200904600004205709108000500000000190000000080,712598364693417852485362971359176248271984635864235719138749526546823197927651483
200400160000000000300000000520004670010083502890050403062000785000500001000897306,259438167481675239376129854523914678614783592897256413962341785738562941145897326
030002007100070002000300010000900004020000080490080006310000020200008640060003800,835142967146879532972356418681935274527461389493287156318694725259718643764523891
005327608370000400008400023000060004000000300800003000007000001283005040010204850,145327698372689415968451723731962584594178362826543179457896231283715946619234857
060047080070050600020000751100000042000604000050000100009000020240000310000021900,561347289978152634423986751196735842382614597754298163619573428247869315835421976
508000000306890000710035006497001000800900001650020007000069230063780004080140000,548216793326897415719435826497651382832974561651328947174569238963782154285143679
086000002002008604100000050005003040460000200070000100800450920000809030700230060,986547312532918674147362859295183746461795283378624195813456927624879531759231468
040070000087000050000300410000160004000534001004000070562000009403690705798450000,341275698687941352925386417859167234276534981134829576562713849413698725798452163
054670080600050100208391506430085000980000000760020400300060029520007360000000000,154672983693458172278391546432785691985146237761923458317564829529817364846239715
400000105080060309500124000700006000000000400000007060040010200000458090600002000,467839125281765349539124786794286513856391472123547968948613257372458691615972834
000870912007051600204090008405000209609000000020000000003008020500030001901020000,356874912897251634214693758435167289679582143128349567763918425542736891981425376
000007080700001000000000096020006040005003000900140007406215000090000402012430000,269357184784961253351824796127586349645793821938142567476215938593678412812439675
340079002000010600100028000200900000810000004000786200500004006624507000000000070,348679152792415683156328947267941538819253764435786219571894326624537891983162475
090000400730000000006000073002005000013209604900036005059300000040000000000041300,895723461731694852426158973682415739513279684974836125159387246348962517267541398
890300014050000268170600000000003009280700000430059007740900030005000900023570006,896325714354197268172684395567213489289746153431859627748962531615438972923571846
054000000000049000000000500017000600400700108300000000140000209260003800780291006,854167923632549781971832564517384692496725138328916475143678259269453817785291346
000300501950000703100407006803000020020000000010920408300070000000000000200089007,467392581952816743138457296893764125524138679716925438385271964679543812241689357
001560823080710040905400000000300090056290104420170000000635480800000000090001007,741569823682713945935482761178354296356298174429176358217635489863947512594821637
000010004010004060700600251061000785308060192020070006002050000100002070637040029,286517934519234867743689251461923785378465192925871346892756413154392678637148529
007690008010032000604780302070000000050260700000103506709000040108050600503000109,237691458815432967694785312376549281951268734482173596729316845148957623563824179
004002068020360900000078304970846002000000000001020400800400200100000040200680013,314952768728364951596178324975846132432791685681523479853417296169235847247689513
048000000000060180701984600406000002200405061107006050970020510000000200000000040,648513927593762184721984635456871392289435761137296458974628513815349276362157849
000000000140090005809020100090000000080003000001009040358070000010540070407800000,526417389143698725879325164295184637784263951631759248358972416912546873467831592
094000600000020040802000005408000001000150084700000063080500020046080310200004800,194835672375926148862741935438672591629153784751498263983517426546289317217364859
010209005000000600005600709071300090200050300943012060802000000030528970709060240,618279435397485621425631789571346892286957314943812567862794153134528976759163248
093000607000400923200309010630000000827900006514000809340000050760050308950020000,493512687185467923276389415639875241827941536514236879341698752762154398958723164
400000103100000200603004750700000000002700000000060027000602300204007600000143500,458276193179538246623914758786425931392781465541369827815692374234857619967143582
400201300000000002002900040000000020705090000904000700000079518000010007100005200,458261379697834152312957846831746925725198463964523781243679518589412637176385294
000000907100600002507010048430790100010000089000105000001000400049000700600000025,368254917194687532527319648432798156715463289986125374251876493849532761673941825
003005090060001000000003000000927600200306000607000820000100000871009063520000000,783245196465891372912763485158927634249386751637514829396172548871459263524638917
500400000000030070000560901152080740060040005000170030000008003000900000075010000,518497362926831574743562981152683749367249815489175236694728153831954627275316498
000673500502100007000000419300000000050306804040057090000000100100000000000431002,419673528582149637673582419397814265251396874846257391938725146124968753765431982
070895601050300000000041000000000357030604000007032008089060000700050826600400503,274895631158326749396741285462918357835674912917532468589263174743159826621487593
000600940490100000070000002900020170068571090701096205009003004003004000607000300,382657941496132857175849632954328176268571493731496285819763524523914768647285319
037000400040060728628000009080010000053200070000030504005080940000000830004301600,137892465549163728628574319486715293953248176271936584315687942762459831894321657
400060517107090080050400000900030060000000040000540001006003800320004156500000073,493862517167395284852417639914238765235671948678549321746153892329784156581926473
000060900089400500003090100010009405300040721050000009000200600904081057802050014,541763982689412573723598146217839465398645721456127839135274698964381257872956314
010097000005000760030000090480070005001002600056004000508000317040068000009005000,614897532895423761732651894483176925971582643256934178568249317147368259329715486
062000800000000700010700004050400938289001005000090000006050001040009000100000080,762914853594683712318725694651472938289361475473598126926857341845139267137246589
050006000023008100000007004200095431800602050504070600002000870009080200005720040,457216398923458167618937524276895431831642759594371682342169875769584213185723946
200004500500700000108009307400930000600000900001650432302400700800106000000302004,237814569569723841148569327425931678673248915981657432312495786894176253756382194
001840020000000500320950148130600400040000780002008000850090060060200005000006903,591843627487162539326957148138675492645329781972418356853791264769234815214586973
860000200400000001000009004050320040030007000190058700010702006006080000080000405,861574293429836571573219864758321649632497158194658732915742386346185927287963415
400007000037006054506000007001908700790000000603475010005000020000600000079002000,418597632937826154526134897251968743794213586683475219165749328342681975879352461
073400050512090600090651700258000000060015204007802006035009800000000400020004003,673428159512397648894651732258946371369715284147832596435169827986273415721584963
980600000302910500645020100006804951790001000000206003800000407000002308400080000,981645732372918546645327189236874951798531264514296873869153427157462398423789615
961405003000100507000320010700000005000500002024080001000000730602003059405000200,961475823243168597857329416719234685386517942524986371198652734672843159435791268
870000300002000750140300060980000040700900000016804000008090500500000800307560400,875426391632189754149357268983675142754912683216834975468291537591743826327568419
005840690000309400000620800000000060006000053500000700980007000004008570250000300,375841692628379415491625837739584261846712953512963748983457126164238579257196384
173860000526300070000000306940701030010000082030400001051290060000000200060078900,173862549526349178489157326948721635715936482632485791351294867897613254264578913
200005000000009714000000003430026900010900000020000000860090300103870062000630091,274315689356289714981467253438126975617953428529748136862591347193874562745632891
007000109136500400400601057000005842000060510300000006000090700064000230000000090,527843169136579428489621357691735842742968513358412976215396784964187235873254691
405079000000000008800006015089200030000090000000600020006000054140965070520000009,415879362637152498892436715789214536261593847354687921976328154148965273523741689
700030500000600080003091000000000000509706000374980050200064000006070805400050600,762438519915627384843591267621345798589716432374982156258164973196273845437859621
360090008000200040000058000000000004700000602620010800916800000005060009200000400,362491758857236941149758263583629174791584632624317895916843527475162389238975416
200070500403002791507000060008005920030000108900308050700000015820500009300000000,269871534483652791517943862148765923635429178972318456794286315821537649356194287
600002038080000490400000207002059001053067900000000300000070069010093700760428500,695742138287531496431986257842359671153867942976214385324175869518693724769428513
000000060379000502004200390000500004400000106008004030042900000513002000096000000,251397468379468512684251397137586924425739186968124735842915673513672849796843251
000300100000000056007105009000600014030570902604920080000000000080000000020800093,596342178312798456847165239279683514138574962654921387963417825785239641421856793
000408030460021800800035260070000000040000000002600000001000000096003010300516900,527468139463921857819735264675149328148352796932687541751294683296873415384516972
509000370000100004400000920000000007900006003380040002000000050001073040005068000,569284371273159864418637925142395687957826413386741592834912756691573248725468139
000000908102300000908000002574023106000800005006005049603000020040700003000030804,457216938162389457938457612574923186319864275286175349693548721841792563725631894
900803000400020600600940780896400001721390456500000820000200008300500100040100007,975863214483721695612945783896452371721398456534617829157234968368579142249186537
008104000010090006504008109030001794070009080090000000080405900753086000049003658,968174523317592846524638179236851794471269385895347261682415937753986412149723658
080075390069000825035000040970040058000000007802706000600950184000001000000800000,481275396769314825235689741976143258314528967852796413623957184598431672147862539
702000035013005000406030000805040000000060850029578300007096500090000620060823049,782614935913785462456239178875341296134962857629578314247196583398457621561823749
002000900900000004650009700109350006000000039034000027416200390023000608895603002,342768951987531264651429783179352846268174539534896127416287395723945618895613472
000005300765090200000000745800000004139007008006810002900000020070000000002400000,214785369765394281398162745827956134139247658546813972951638427473529816682471593
000003080230048100007059600010006000500407012000300064085930001379010000004000030,951263487236748195847159623413526978568497312792381564685932741379814256124675839
164008090008009060030057400000002000200000009480190000097004000000500980846000720,164328597758419362932657418679842153215763849483195276597284631321576984846931725
000000000100509000000000571050010006490000080361000090076001050005600012000800764,524178639137569428689423571758912346492356187361784295876241953945637812213895764
300009020061340070000000063750020000000000000006085034079000086600000340083050700,347869125561342879928517463754623918832491657196785234279134586615978342483256791
080000100000300025000501030607400501842905000000637240000000009526000080018040002,385269174761384925294571836637428591842915763159637248473852619526193487918746352
001086030006003000800405000932000500014050000500004000080640000000530000049008005,451286739296713458873495261932861547714952386568374192185647923627539814349128675
105006782000201050008090140000002300000000420000100090900050200050017000800000500,195436782647281953328795146569842317713569428284173695931658274452317869876924531
700200000083000000096308010025080000471506020608000500302600100000854030047123900,714265398283419765596378412925781643471536829638942571352697184169854237847123956
001690000980000037300047106008000010009164000004078000050000070000009001000700340,471693852986215437325847196768532914239164785514978263853421679647389521192756348
000000008500000000009680210604009800000040000893006000007360509000010000062000001,216457398538921467479683215654139872721845936893276154147368529985712643362594781
021034008000902704004800020703000480000500000010070600047300050009000240806207310,921734568685912734374865921793126485462589173518473692247391856139658247856247319
002070059476109030001000000000000000000502070320017600050200700000735010287601500,832476159476159238591823467715368924968542371324917685153284796649735812287691543
700000023030002601010084000000900068000005010062030957050000000000843570300516200,745169823839752641216384795574921368983675412162438957458297136621843579397516284
010500000020060701007010000000006009500490100200050640002900400791040328634100075,918573264325864791467219583143726859576498132289351647852937416791645328634182975
093102685000090002000070000000500017000006000301009840005801039680200000007000260,793142685846395172512678394264583917978416523351729846425861739689237451137954268
080007003500800004009300007190000000050730916300091708905000001020000005030002609,682547193573819264419326587197685342258734916346291758965473821721968435834152679
702090405003005800000000197100008200270004358048003000000006080000850700000030900,782691435913745826654382197139568274276914358548273619397426581421859763865137942
400001003601432089009060000300040010004509037050600020748000092000000108500900700,485791263671432589239865471396247815824519637157683924748156392962374158513928746
300000007400000000509103004000600000000930070000007000100089420980046010204070008,316824597428795361579163284793658142641932875852417639137589426985246713264371958
080500460600107058030006000000010000004000002365070100000200003000000049053009010,189523467642197358537486921278914635914365782365872194496251873721638549853749216
030150080000800010900000450609310700000000090800000000160004900503000840407000003,234159687756842319981673452649315728375428196812796534168234975523967841497581263
000000208000372060900400000300810072080605000002930406470000800013789004000043029,637591248841372965925468317396814572784625193152937486479256831213789654568143729
900060000002090000070000139600005000100080090058009000800700004300918006700006008,931567842482391657576824139693245781147683295258179463869752314324918576715436928
704600093009370008830000060000000000000030000090708046125807039007013000400509072,714685293659372418832194765346921857578436921291758346125847639967213584483569172
500000900007090406309080050704060538000000107600000204003000800000000040000209670,561724983287395416349186752714962538892453167635817294973641825126578349458239671
600198207100000030070326805710840060000000000003760120200030001400000000006050008,635198247128574936974326815719842563562913784843765129287439651451687392396251478
900000070000690000000850000050300800000560420030902657406030092305109760100400005,963241578548697231217853946652374819791568423834912657486735192325189764179426385
406000008027000004019600502001234850060009200205700300074020060000073401003010700,436592178527381694819647532791234856368159247245768319174825963652973481983416725
700000053853007000021000908000000027005006130007030600008062300360000040510300800,794618253853927416621453978936841527285796134147235689478562391362189745519374862
600008054900045800480006132803000490100003067076419000009001000000007300020000009,617238954932145876485796132853672491194583267276419583349861725561927348728354619
003000000270060900000000800050092640006000007000607000708916030900000000461000790,683179254274568913519243876357892641896451327142637589728916435935724168461385792
003000000900028060000650000671002080200000000400001003300016800106800030800203010,563147298914328567782659341671532984238964175459781623397416852126875439845293716
200000000006200143007008000000740060009800014060000008178060050040081300095427001,251394876986275143437618925813742569529836714764159238178963452642581397395427681
010000004000008003430100090005007000087610925001000006000740508900860007800030600,716923854529478163438156792645297381387614925291385476162749538953861247874532619
003080700200000806408007002900000073001309200000020080000002000600908500712005030,193286754257493816468157392925861473841379265376524189589732641634918527712645938
000500907200000500000700301000094670000370080708020090062400009000200400004000012,431582967276139548589746321123894675695371284748625193862413759917258436354967812
000160003000743019800000076120000087578900000000000000085070000010095360900310708,794168523652743819831529476123654987578931642469287135385476291217895364946312758
600000308080700400040000001026000580700300000000000000031200045000001820200400100,617942358582713469943685271326197584758324916194856732831279645469531827275468193
700000206560078410010500007000087042874000000250403008000840000307200004608000020,789314256562978413413562897936187542874625931251493768125846379397251684648739125
040000007000007000000000500300080000470009800000003000024008000701350490063941000,648135927235897164197624583319286745476519832852473619924768351781352496563941278
048010062000072000307900000492136587000208040031000600100003000000080204203000000,948315762516872493327964815492136587675298341831457629164523978759681234283749156
674000005005000070208004010001009400050007090000003002017320000040790000020045000,674931825195682374238574916381269457452817693769453182917326548546798231823145769
600530002007000005500000406000000803003007001025100007700010009009200614251469008,618534792497682135532791486174956823963827541825143967746318259389275614251469378
090020031070030045000905200613280570009500680000300400005802007000000324700190006,596428731278631945134975268613284579429517683857369412365842197981756324742193856
850300002067009005004875100100000050005900370600000210483090500000780000000000000,851346792367219485924875136138427659245961378679538214483192567516784923792653841
004035060069072050000000000270094000030207000900050000000500102600008004001009003,784135269369872451512946837278694315135287946946351728497563182623718594851429673
010006078087200000005008104201870000000000710003001890000080400500907001108040239,412356978987214563635798124251879346869423715743561892396182457524937681178645239
701862030009150820500030016603000040902000103400000985800670000000209004006400300,741862539369154827528937416683591742952748163417326985894673251135289674276415398
800001026000803007037400815080000650750000201260004000076102009000000060040900102,894751326125863497637429815489217653753698241261534978376142589912385764548976132
900060080401320760075900030000400000802000940004800000207600008000000200590000007,923761584481325769675948132739416825862573941154892673217639458348157296596284317
036940520009120000000370194003009702060017950007000840074500000900080300050702000,136948527749125638285376194813459762462817953597263841674531289921684375358792416
073000060500004082002000930690700003005006010000002000006000390348000070007010040,873129564519364782462578931694751823285936417731842659126487395348295176957613248
020601057601875040008009600060300005000700480090010000000000170080500094709003006,924631857631875942578249631467398215213756489895412763356924178182567394749183526
040002060001950400800000000070000000000019000903280000060098045080007000100005037,549832761721956483836471952274563198658719324913284576367198245485327619192645837
500400008007365002400070000080010007092050041001740000000000200245107900063200705,536429178817365492429871563684912357792653841351748629178596234245137986963284715
050003009436000080000860534300020010002000800005080000900030058500970001800002006,758243169436591287219867534387624915692715843145389672924136758563978421871452396
007090000052004006906020000408100069000000104690003720260058071080412050000000200,847396512152784936936521847428175369375269184691843725263958471789412653514637298
980025073700609000000700900000800700820000304000543809000200010260000090147006500,986425173714639285352718946435892761829167354671543829593274618268351497147986532
107004500420065710560000020050000071002600080090578004000040100200000350016000000,137924568429865713568731429853492671742613985691578234385246197274189356916357842
000070000070000500049150000700900056250060703003000000301005000000400600020030008,536274819172398564849156327718943256254861793693527481361785942987412635425639178
210490070000107920907000500300000000090031000070900605060070002000200050020000009,215493876836157924947682513358764291692531748174928635561379482489216357723845169
100030200009160800080940600600384590003006008000000163000071386800200005300058040,164835279739162854285947631621384597973516428458729163592471386846293715317658942
008000000704000063000000010900000080060240379300108600056000030000006004280000500,638971452714582963529364718945637281861245379372198645456829137193756824287413596
809000506000000104510400030400008000050720809000030000005600042004283001206000000,849317526367852194512496738491568273653724819728931465185679342974283651236145987
040100009090037508800490070000010052450000100001054003008000000630000004000008905,347185269192637548865492371986713452453926187271854693528349716639571824714268935
090037208000800463608140000000000800045018600860503000009060080080004900000000000,594637218271895463638142759913426875745918632862573194459261387386754921127389546
007000000426875000000200080300049100000608004042010007000090000500080670083007000,857931426426875391139264785368749152715628934942513867271396548594182673683457219
500000032209531000000008000800906720000000000400700058000063040600009503071050080,568497132249531876137628495853946721712385964496712358985163247624879513371254689
050089000000000000008100500016000704040900080000040020901030200300700940000295003,657389412132654879498172536816523794243917685579846321961438257325761948784295163
000000010008301900100400305800907536000016000004800200000100004200500000000004000,493625817658371942127498365812947536935216478764853291379182654241569783586734129
700064900420003060000008000906052000002940100074601020000706080000420000000800600,758264913421593768639178245916352874382947156574681329195736482867429531243815697
501000200000000004360200000150900000630054900009800165006300000820541679910700000,581479236297638514364215798158967342632154987479823165746392851823541679915786423
012680030360050040000007561900805600700000090800091270090062000040000027000003106,512684739367159842489327561924875613751236498836491275198762354643518927275943186
010003620090068010000000004507030901108050003000001000000020000050690430200000870,715943628492568317683172594527436981168259743934781256379824165851697432246315879
000300000031020906004100000000005000100400007000007410000063070305070604078240000,962358741831724956754196832487915263196432587523687419249563178315879624678241395
000570000000000000200000400680025001000003500700804206800006093000140000500900010,348579162167482359295361478683725941429613587751894236814256793936147825572938614
500004000300000060960032400000300050000010034003000070140200598052001003000000000,578164329324589761961732485617348952295617834483925176146273598752891643839456217
000000200824500306000024000348010065007000148010040002000401820000250007730900000,159638274824597316673124589348712965297365148516849732965471823481253697732986451
000482100760030000000600800900000000406010230075900604800000000047000001003000000,359482176768531942214679853932864715486715239175923684891356427547298361623147598
819000403040036001306081000103097600007200030000803000630070004000640002000000706,819725463742936851356481927123597648987264135465813279638172594571649382294358716
700003000000097835009500000890006500060008000003009486247900050000000100610300049,756483921421697835389512674892746513564138792173259486247961358935824167618375249
000500106005084030630010000000200300069000724200049000006105000702408060040060810,978523146125684937634917258481276395369851724257349681896135472712498563543762819
006000000084230100001600020905002000108500642030076500007000800000080203010000406,296158734784239165351647928965412387178593642432876591527364819649781253813925476
703040029008900000190000000070360001004070900609800200001206090900107040307005018,753648129468921357192753864275369481814572936639814275541286793986137542327495618
002061000000790060006000104020600807080074695000100000000040000000506700050007030,832461579415792368796835124924653817183274695567189243671348952349526781258917436
000056193506000020020000050070502800000000900618009070001780006800003715050021380,784256193536198427129374658973512864245867931618439572391785246862943715457621389
000400000300000000548632007035900200910803400607020900000000780003007000009000300,276419853391785624548632197435971268912863475687524931124356789863197542759248316
009208405700090080008000900004000050001842300370059008000920001000085000890000500,169238475735194682428567913684713259951842367372659148547926831213485796896371524
701800000000370900000120000080400027100050348005700000207040030900001000064530219,731896452528374961496125873689413527172659348345782196217948635953261784864537219
080000000090400810000000904100040705000051006000086000050000390000607048000598261,384915672695472813712863954168249735279351486543786129856124397921637548437598261
300001524000830000500002000004008200006500400052047008900000000200750800000000059,389671524421835976567492183734168295896523417152947638915386742243759861678214359
753004080009600000000908020000407600000000402400061300900000200300702509047009003,753214986829675134614938725538427691176893452492561378985346217361782549247159863
924068000000000600100000702300615200000004070000007005000000026083402050000000437,924768513537291648168543792379615284856924371412387965745139826683472159291856437
002037804800009050640800703103000900009210000000083470010600000006040200028071040,592137864837469152641825793183754926479216538265983471714692385956348217328571649
056010002800000000000408760003007650670005300200000078500000207009000800000504000,756913482814762593932458761143827659678195324295346178581639247469271835327584916
032000008500300190806920430600739000080050070009000000000002080208000509000000300,932417658547386192816925437624739815183254976759861243361592784278143569495678321
000710000000009061400003000093001050000304109001900703057100000309020810004038090,936712548572849361418653972793281456685374129241965783857196234369427815124538697
000600080130000600020000040408300006213060408000020000000106072380407100700200034,945612783137948625826573941478391256213765498659824317594136872382457169761289534
082703060003020009000840000060010005700000000100008900047030608005604000906000700,482793561673125849591846327369217485758469132124358976247931658815674293936582714
074000000000087000080400007036000479900040130201000005720600003010050008695300000,574293816162587394389461527836125479957846132241739685728614953413952768695378241
000107040000020000007000001020085409000900620709000003203060008000800160090502000,582137946961428357347659281126385479834971625759246813213764598475893162698512734
940062001200843000350000004000050000005001003691030400000300010000080002530000847,948562371217843569356719284723458196485691723691237458862374915174985632539126847
769000012030060000500002060000080700802006000006000000000640070008700601000218000,769835412234961857581472963915384726872196534346527189153649278428753691697218345
050003060720000100000201800200700010007000009095300200470500023000002607680900451,158493762723865194946271835264759318317628549895314276471586923539142687682937451
100700000920053810080024709000007002600010000000000300003245000000800030000900600,154789263927653814386124759539467182648312597712598346863245971291876435475931628
700045000008932570030080002970000080050328000003719265000060100010800000390070046,729145638168932574534687912972456381651328497483719265847563129216894753395271846
000907023007300006020085000763020000040000015000608302900070200000096000602054900,451967823897312546326485197763521489248739615519648372985173264134296758672854931
000000600000020084058073902572030169900007000006000005000702800290180703000005091,129854637763921584458673912572438169941567328836219475315792846294186753687345291
001700000800400175070001004100000000067300200200000009900020700050073000000100003,421756938896432175375891624139245867567389241284617359913524786658973412742168593
006500007070000200000807496080003040000001835000705160637090020900204003100000900,496512387873649251215837496581963742769421835342785169637198524958274613124356978
000200000709003002000000000100020480430680200500700006060034900070012650054870003,315268749749153862682497531196325487437681295528749316261534978873912654954876123
000517004300809107000000509920005008560701492000008000000080000089006003000900800,692517384354829167817463529921645738568731492743298651275384916489156273136972845
000200948400078003020000000000600100800000430040000029107435002350009004000027300,573216948491578263628943715239654187815792436746381529187435692352169874964827351
006807002502300910013900000009205000000000500008004000300508009940021830005090000,496817352582346917713952468639285174274139586158764293321578649947621835865493721
080473000400005000900180005107008309000032100300940800060320500700504280000800040,586473912471295638923186475147658329698732154352941867864327591739514286215869743
800294000003510002000007900084020070001005009600400008000008700000700200009100000,816294537793516842425387916984621375231875469657439128342968751168753294579142683
000000002700000040060095008600504000840070000000169804000040000000008490030051000,498716352751823946362495718613584279849372165275169834186947523527638491934251687
500000049007000816000400000052948060000005097000000400080301502600000900270800630,528716349347259816196483725752948163814635297963172458489361572631527984275894631
038027061000630008002800700283951047000062039004003010000106080000008006800005000,938527461715634928462819753283951647157462839694783215379146582541278396826395174
600307090090004010000905000850003700370058060200070008906042080415000070080590603,628317594593684217147925836851463729379258461264179358936742185415836972782591643
040000508000305709310000000000820150200104800081900020000080600057600980008510200,749261538826345719315798462964823157273154896581976324132489675457632981698517243
008009000060000800000748061200300000000856020800000000729080306630070004000000002,458169273167532849392748561275314698943856127816927435729481356631275984584693712
800060402000000901920004807100003206200640003003290784082006300000000020060000149,831769452745832961926154837174583296298647513653291784482916375319475628567328149
600002300000000000070000000300800026460020500000000000000600090816295007904070600,649512378523987164178436259391854726467129583285763941732641895816295437954378612
009000000000006072020308060574029603001080907096000001000001705700504200053260000,649712358385946172127358469574129683231685947896473521462891735718534296953267814
000000000000570004000000972300094000800020640060010000500080096008700000040200780,782943561691572834453168972375694128819325647264817359537481296928736415146259783
000067000000003000308001000000000063080009000003004009032000518965002004000370920,124967385679583241358241697297158463486739152513624879732496518965812734841375926
010000006800457000000009500000036807269000100080500040023700060600000001974018053,415283976896457312732169584541936827269874135387521649123795468658342791974618253
000041000009605000106807000000700402000500100000200900060002000400006205012300046,235941687879625314146837529681793452924568173753214968368452791497186235512379846
000600005000000000000400000028067090750941200000302000002834000000109000981250040,214698735893715462567423819328567194756941283149382576672834951435179628981256347
003000000000006001470135000804791030200060704100004600090000128000520060020309500,513982476982476351476135892864791235259863714137254689395647128741528963628319547
300000000000506010021004780502063008800150000760002004008000000000008020000010000,385721496479586312621934785512463978894157263763892154948275631137648529256319847
900471800002000000007002004001000600370900020005000030000803507780509200259000300,936471852842695173517382964491237685378956421625148739164823597783519246259764318
034006000000017203128000000000000010000070300013040070000090000002705000900204030,734826951659417283128953467497638512865172349213549678586391724342785196971264835
014000000257060010008000002005010040900300000000076080500020000070080590006000020,614239857257864319398157462765918243981342675423576981549621738172483596836795124
040000008080000030025600040090014000478350200612900054000800400069400800050100060,147523698986741532325698147593214786478356219612987354731869425269435871854172963
000740912740900800900600030534001700007000600000009043070126008000500164100304070,683745912741932856952618437534861729297453681816279543475126398329587164168394275
850060290610000700002030000040001560030000000000080940506000000300240600000605309,853167294614592738972834156748921563139456872265783941586319427397248615421675389
000070002000803045609200000000400000100500028000000056090150084008000000001000290,854971362217863945639245871785426139146539728923718456392157684468392517571684293
028503907590740003003000650000000000065980070080300005300000028817009530250000009,628513947591746283473298651734651892165982374982374165349165728817429536256837419
502080403003064500080000001009016040006000000001270650605000094008000200907050006,562189473193764528784532961259316847876945132341278659615823794438697215927451386
600020409009368007000050300164080000080000000305000020000240900001005800500831000,653127489249368517817459362164582793982673145375914628738246951421795836596831274
070000931000100472400020056809000000000006080047000000700000500038070609054001300,275468931386159472491327856829745163513296784647813295762934518138572649954681327
002004000083510000000086000760040003030700000904000070000000100508407060290000000,152974638683512794479386215761248953835769421924153876347695182518427369296831547
000008000918040000003276009041352067637000008500867341000400000000005000005009710,276198453918543276453276189841352967637914528592867341789421635164735892325689714
040806079301047860000120030720000301000092080800001420003610000400203900060900003,245836179391547862687129534726458391134792685859361427973615248418273956562984713
026000000040600823100000000072063000005042300000089070004000000900006207008907164,326895741549671823187324659472163598895742316631589472764218935913456287258937164
512008490630049080090127000000000000241080760780000900000005009100006500065002040,512638497637549182498127356359764218241983765786251934873415629124896573965372841
000100083001060009006000150009006018318095400020841037003020790090507000000000005,472159683531468279986372154749236518318795426625841937853624791194587362267913845
400985671007600020081730000800003060205400000070500290000804306000200057006000000,432985671957641823681732549894123765265497138173568294529874316348216957716359482
050720009000010020200005078100000000003000002000000051020901300316002504000536007,658724139974318625231695478195267843483159762762483951527941386316872594849536217
097050000800090030030108400010500980079000000000000300904030100100000000086020000,297354816841692735635178492312567984479283651568419327924735168153846279786921543
800020007700008100019400200480250000000000072203010600674000000000780060308602791,836521947742968135519473286487256319165394872293817654674139528921785463358642791
700050008000006590009000000010803000006010800870060010000002084000080003000079600,743951268128346597659728431214893756936517842875264319597632184462185973381479625
012483607000956030603000840000048001080060004040320090000004900001000070000602400,912483657874956132653271849239548761587169324146327598325714986461895273798632415
490060000050000000030701980043006095800039700000140032060020000087000000200000509,498362157751894326632751984143276895826539741579148632365927418987415263214683579
100036250400801090000040781000507000003080000200190000000604000002000000830009040,189736254457821693326945781914567832563482917278193465795614328642358179831279546
010000260060802045020690073000001730792083000031400052050004600000000301000906504,519347268367812945824695173485261739792583416631479852958134627246758391173926584
008005703002080004060007108601803000070004031000000200020090460000502007004706002,418265793732189654965437128641823579279654831853971246127398465386542917594716382
003090000007518030000060079300071500045030002706000001000650900001300400904007050,613792845497518236258463179329871564145936782786245391872654913561389427934127658
820049713000000000000008002000070000200396840060824005694702000008000020072083006,825649713136257984749138652483571269257396841961824375694712538318965427572483196
020060900000400070960000008038000564046700000200600000300271046600305000870000305,427863951583419672961527438738192564146758293295634187359271846614385729872946315
079000051006280407800009023000356009958700300000900010000100000002830905790005048,279463851536281497841579623124356789958712364367948512485197236612834975793625148
008719400407050000906020075000000080040000000800040000004000020600002009290086700,528719463437658192916324875165937284342865917879241536754193628681472359293586741
007000813000009200000000005160823050025000391304100620708402569200000180001000002,597264813413589276682371945169823457825746391374195628738412569256937184941658732
000253000003000000005040000000670329500900000700100500004060000050480003370000400,487253961623819754915746832148675329562938147739124586894361275251487693376592418
092000806030526000000000302000009030003700290000053710900002500200038100380005420,592341876738526941641897352175289634863714295429653718917462583254938167386175429
000000030000450700120000958900005100000900000600040200000300800002690500476500009,785219634369458712124736958947825163213967485658143297591372846832694571476581329
201060040000000000700301200089100670302700000076500003950802000400005807608037000,231968745895274136764351298589143672342786951176529483957812364423695817618437529
010603800000090046900807005501000000240730000078000001789214603000000904004000100,417653892853192746962847315591468237246731589378529461789214653125386974634975128
080006790100000038207903010050708200000020109600000000900800040000005020005201080,583146792194572638267983415459718263738624159612359874926837541871495326345261987
020000500540000000100002070000000361000105407001000200003000000004013650000400013,629731548547968132138542976795284361362195487481376295913657824274813659856429713
540002003000000010900034270000100309089463700004025680001209000703600004052300000,547812963238796415916534278625178349189463752374925681861249537793651824452387196
070900650009000000526000004908002001000108300000009028000800030810456097005090800,371984652489625173526371984968532741257148369134769528692817435813456297745293816
050806100000004039010000067006029001000085290020000306002050018007138025085000003,953876142678214539214593867546329781731685294829741356392457618467138925185962473
005000000000920005002000804140090023620000000090263408050041002000000540000750080,975834261481926375362175894148597623623418957597263418859641732716382549234759186
004300061063000080000040030070010309000030600030002058600500702000107000307429016,754398261963251487128746935875614329291835674436972158619583742542167893387429516
906500200000100079070004106100003028024070090000482010000710063030000000080020741,916537284243168579578294136167953428824671395395482617452719863731846952689325741
000200004082004005130050002243100079005092046970500001690005103008301600000000400,569217834782634915134859762243168579815792346976543281697485123458321697321976458
458030000009050604000427000007000850002083000100009023000840301070000200010705008,458936712729158634361427589937214856542683197186579423695842371874391265213765948
970501004000080900005600000000030069006000001107400028409068050050004800080015030,973521684264783915815649273548132769326897541197456328439268157651374892782915436
070006000010003708203090600020000400030120000000000100050300800000000503001870200,574286319619453728283791645128639457435127986967548132752364891846912573391875264
067090345850630070200700060090400000506000780000000009670000508020000000000200400,167892345854631972239754861798465213516923784342187659671349528423578196985216437
000051080107030009000000043000000058745080000000010000006000900050100804490002005,234951786167438529589276143913724658745683291628519437876345912352197864491862375
000001000000300000000090020049005000070604800600007010060500000024160500800472060,436251987792348651518796423249815736173624895685937214367589142924163578851472369
086179040000000000000402601703000108000300000000006000000230096600004007230000010,586179243124563789397482651743925168962318475815746932478231596651894327239657814
000000760000467302000002005810000004900000030004081609300010407760000910000000020,249853761185467392673192845817936254926745138534281679352619487768524913491378526
500027030000300017000000004002000100005090783100000000003000002900700000280530070,514927836629348517378156294832675149465291783197483625753819462941762358286534971
500070060000080591041005700009040000006000070004700000005028100007304005023007000,598271463672483591341695782739146258216859374854732619465928137187364925923517846
605010009004000050900000000007000008062530900000806000090284500050070000081003000,675412839314798652928365174547921368862537941139846725796284513253179486481653297
400000208701000000000004106905000704307048062640500300000000809002000000004005607,436791258781652943259384176925163784317948562648527391573416829162879435894235617
004000890006040000000000610001400000000802000005300900027034080059000020308095006,134526897896741352572983614781469235963852741245317968627134589459678123318295476
000000070789060000100950800000080720900530008340720000201000007000605290490073080,563148972789362415124957836615489723972531648348726159251894367837615294496273581
700012006009000007800300205000001800105000402000804091040030029020600100010000000,734512986259486317861379245492751863185963472673824591546138729927645138318297654
000301400403060205000000000000090040040603090800104000508036004000008100060000000,925381476483967215671542389236895741147623598859174632518736924392458167764219853
004000090009000000086000200000170830007000500001000070002030009508907300403000020,354862197279315468186749253925176834847293516631458972712534689568927341493681725
095000600000902517201000003000003056000219374734500100000020000123080000050190008,395871642846932517271456983912743856568219374734568129489325761123687495657194238
000900000049358000500006903800020009602000005090000201300005020901000000400002090,263917548149358762578246913834521679612739485795864231386495127921673854457182396
806009001003000509000408000007960000610000095059007800030000910961002050078190600,826579341743621589195438276487965132612843795359217864234756918961382457578194623
000200030235010800900000010006000703079400681001300900600100300000000268050002097,718256439235914876964783512526891743379425681481367925692178354147539268853642197
050002000947000000002500070004000750001060040085010090000000502509000000020850060,356972184947138625812546379634289751291765843785413296468397512579621438123854967
000000000901000058805700213400050030002000907000067025710032589080000370209000004,327185496961324758845796213478259631652813947193467825714632589586941372239578164
000830009035070810809150000080000002902700308346000005200500000194000003008300724,761834259435279816829156437587413692912765348346982175273548961194627583658391724
050000060900006002000359047040060000501938000030507090000100000000090008000800003,453782961978416532216359847749261385561938724832547196384125679127693458695874213
400050000280901056005400390100000540900040001000100000750000000300000682042000000,439756218287931456615428397173862549928345761564197823756289134391574682842613975
390075086040010050007300109209037000050000073003804560705180600000000800010006705,391475286642918357587362149269537418854621973173894562725183694436759821918246735
000587900000030801007000305008150000000090000492063000260040703175306480043001000,316587942524639871987412365638154297751298634492763158269845713175326489843971526
500208003004000700800000000600000007971002040000709620000020570006001000000804006,597268413124953768863417952642185397971632845385749621418326579736591284259874136
200000003670000490430009000109500000000400002702000000980060057300704820020000000,295147683678325491431689275169532748853476912742891536984263157316754829527918364
475300000008000003063000000001970200000004080340000057000007690030895000004120730,475382961298641573163759824581973246726514389349268157812437695637895412954126738
050743008804000097670100000001080730007301800040000510080000020405070000092030075,259743168814526397673198254521489736967351842348267519786915423435672981192834675
200700003009000002070012050900000830603098470000607200746000010000906020092100067,285769143169453782374812659927541836613298475458637291746325918831976524592184367
608070540000000870500000200290080000845200967700059482000005000004000000362000050,638972541429561873571834296296487135845213967713659482187345629954726318362198754
310080600070240000000000700050403000207000950001759000090062500003005000006030000,312587694879246315465391782958423167247618953631759428794862531123975846586134279
000040000050130000346250970530000009600500040090000050000860000019000062005900300,182749635957136428346258971534627819678591243291384756423865197819473562765912384
000060007007020000204009180675000000010002700000000015006903258000600000800257640,389165427167824593254379186675491832918532764423786915746913258592648371831257649
480370205000010003002005700270580100003700582500120960360800000007940320000000050,486379215795218643132465798279586134613794582548123967361852479857941326924637851
007306090000000700005701004400002300070805120080613000000100000004030000010264900,147326598832459761695781234451972386376845129289613475523198647964537812718264953
096050130210093000070000520080000002000030000000000008700106043040080010000004080,896452137215793864374861529581647392429538671637219458758126943942385716163974285
300790842259084001708200950500000010080001300000000078000043690000000000000520000,316795842259384761748216953523678419487951326691432578172843695935167284864529137
900010000000300068000400123070000000004030010100050437001000042040080700000020601,938612574412375968657498123573241896864937215129856437781569342246183759395724681
090060000000034060070100030000000290009250183008010074080590000006000507130470908,394762851851934762672185439713648295469257183528319674287591346946823517135476928
000000000200600000000930000670020009001000607028706004000000000750402030103000472,369275148215648793847931265674123859931854627528796314492317586756482931183569472
000300069093001000420080070180000234302100000050039006900000000000000098000000000,578324169693571482421986573189657234362148957754239816917862345245713698836495721
080320000040005300093004500300890765050030410960500030500009607420703000000000020,785326194146975382293184576314892765852637419967541238538219647429763851671458923
000003000050791040000408700000987000207000000000030405080509600390800000006072000,974623158658791243123458769465987312237145896819236475782519634391864527546372981
080900654094675218500482000003009107908040030000000009000004000419500000070090305,782913654394675218561482973643859127928147536157326489235764891419538762876291345
500039000102070800000168000270000000468793100005000080000600000820000000000000030,586239417132574896749168325273851649468793152915426783391642578827315964654987231
210000004903100006000400000720010480400000500091504670670000100080760000032801000,217658394943127856856493721725916483468372519391584672679235148184769235532841967
079000300106000400004310009080000607000000834040685010300000080215060743460003090,579248361136597428824316579981432657652971834743685912397154286215869743468723195
600000001023000007100007042010805700000700000740003080460078000007104000300009074,674392851523481697198657342916845723835726419742913586469278135257134968381569274
000020908000049070000700004001000300760500400034207160005000006000652800000003501,476325918582149673193768254251486397769531482834297165925814736317652849648973521
600040500050800000000050084040000920080000700710080400000020300000005006504010009,698147532452863197173952684345671928289534761716289453961728345837495216524316879
001030009000000080800297000000306100100780954402900360084000630000100047317000200,561438729729651483843297516958346172136782954472915368284579631695123847317864295
000204008008000000050090470000000004000080700840060912700000501560030807100870369,976254138438716295251398476315927684692481753847563912783649521569132847124875369
903180750160900804070300100000009520090063070300000009530010060000600000006790300,943186752165927834278354196617849523892563471354271689539418267721635948486792315
007006400000005000100908060009000082700362105200000340000670034073409620400050070,397126458862745913145938267639514782784362195251897346928671534573489621416253879
000010009164020005008300406000000060000760280002083000007600050000207000096850730,573416829164928375928375416789542163351769284642183597217634958835297641496851732
000705420010098000590200070079650000008001006030000017000142300000580000000060040,863715429712498653594236871179653284428971536635824917987142365346587192251369748
000060000620050000000712005960137000010004007400090103280600090500009000190040700,745968231621453879839712645962137458318524967457896123283671594574289316196345782
083100240046000000200005030600700892800000504020908000090200405062509700057804900,583196247946372158271485639615743892839621574724958316398217465462539781157864923
040310000910000000007050000000006000879020000065890000798035600000000000051200030,546312798913748265287659143324576819879124356165893472798435621432961587651287934
004200170317008006020000080100000030400030605000009801001090000000000369260000007,984265173317948526526317984198654732472831695653729841731496258845172369269583417
970050000200010008060000002000640007000000090700905080090508100012064000000100503,978256314245713968361489752859641237124837695736925481493578126512364879687192543
904230680000080000800006309503100070000050000000700935070000400160027590005800001,954231687736984152812576349593162874487359216621748935379615428168427593245893761
046500218000200600008704000800050000620497000074300001000603190065001000192000006,746539218953218647218764539839152764621497853574386921487623195365971482192845376
120300070000060203000010000970850300018030500003140000002073050730009000000620000,126398475859764213347215986974852361218936547563147892682473159731589624495621738
400800000000000579030050240000000900001305004050094800210000485304508100000042000,475829631628413579139657248842761953961385724753294816217936485394578162586142397
067305009030721008082000000318090000509010084006807000000053062003008500800000037,467385129935721648182649753318594276579216384246837915794153862623478591851962437
009800006783000090000007100001025000805700000007003000000546300300070800000000640,219854736783162495456397182631425978845719263927683514198546327364271859572938641
810047090000006700050000000000002906520000180060100200040000070100000050070030821,816347592294856713753921468381572946529463187467198235648215379132789654975634821
000901000040803900038750000082000000400005280070200030000000700890000650060002010,625941873147823965938756421382164597419375286576289134251638749893417652764592318
080000736370806000002030810700000000239060180008300027406003000100002640800600050,581294736374816592962735814745128369239467185618359427456983271193572648827641953
000000309207030004005079002002045036009086000060200000300090007071850000500700908,648521379297638154135479682712945836459386721863217495386192547971854263524763918
090371068000000000000064500020409005950000043107800026400107000030645019000900000,594371268261598374873264591326419785958726143147853926489137652732645819615982437
607000421310706090200000300860001040109003700750600003036800007001067004000002039,687935421314726598295418376863571942149283765752694183536849217921367854478152639
400000000000000000030901005090645100001090020043000590320069008900317600617024350,458236971179458263236971485892645137561793824743182596324569718985317642617824359
000800230309752001402000000020004050540608002930000000054967020003020705000500416,615849237389752641472316589726194358541638972938275164154967823863421795297583416
300680009800000003971000086200000010709020300043178500000064031007800600090300800,324687159865291473971543286258936714719425368643178592582764931437819625196352847
600004030000700000730080020080601004000097000006420300000170840100309600400068009,691254738852713496734986521287631954345897162916425387569172843128349675473568219
600000000729080000010600007000004162100090074000006000830200046070068000000300708,648157239729483651315629487957834162163592874284716395831275946472968513596341728
800000000000903800953800000090502000000009000042600058005070009070300000038000001,864721593217953846953864217796582134581439762342617958425176389179348625638295471
001000083004201500607804290000500700000907600706008010070009326000670000003000809,921765483384291567657834291839516742512947638746328915475189326298673154163452879
051000740000000001740091830000030170000007200207048003813000005020089007000015000,951863742368724591742591836485236179136957284297148653813472965524689317679315428
600010805000065400000083027006009100000000200000700054025300000903008000000002300,692417835837265491451983627276549183549831276318726954125394768963178542784652319
090182600006005207100670090000009030600003001020000900260930000008700029930000068,793182654846395217152674893571869432689243571324517986267938145418756329935421768
006000070800047102700305068000076340000250080000003020020000050045700200670000000,496812573853647192712395468289176345134259687567483921328961754945738216671524839
008205103004010920060900547507009000003000700400072000000000890906001400000500602,798245163354716928162983547517369284623458719489172356245637891976821435831594672
000007642041030087700000000020310400000000030310400296000906004005740000000000060,853197642641532987792864315526319478479628531318475296237986154165743829984251763
240053010000000000630401005007638090900000700000207050020100007300805040000300009,248753916751986423639421875517638294962514738483297651825149367396875142174362589
070600090960521780241000030002000040450060010108007502300970000000005003000210000,875634291963521784241789635692158347457362819138497562324976158716845923589213476
020300100860000009010090000000020730208000004600010582082000601000000007000500000,729348165864251379513796248941825736258637914637419582482973651395164827176582493
000000002502068070000090005000000000690321508100600700000080300080000054005000007,946573812532168479871492635423857961697321548158649723714285396389716254265934187
108000360070200000000000050810079420500002010400051800700900200000025000209010000,148597362975236184623184759816379425537842916492651837751968243384725691269413578
049805000000401000215000040062008400001003702000204050090010200104002000000000000,349825617876431529215796348562178493481953762937264851698517234154382976723649185
840306017030020005600501300006730004503002700407000100004000890160900020000100076,845396217931827645672541389216738954593412768487659132754263891168975423329184576
001000070009048020040000000000309004300000090100400000006000753905060000010200968,821635479679148325543792186758329614364571892192486537286914753935867241417253968
180043200003800000724900830000039402000010000000004005000090003000000050300080074,185743296693821547724956831517639482432518769968274315871495623249367158356182974
219538760040002005000400002724005000530060047008304520000000208090001070400003010,219538764347692185856417392724185639531269847968374521173946258692851473485723916
100790000263000007800236540000900680020007304456382109300009008600000000579000000,145798236263154897897236541731945682928617354456382179314529768682473915579861423
020400100560180004080309000400090002000020300892034007040813000038260400050947000,327456198569182734184379256473591682615728349892634517746813925938265471251947863
000080004000060075010000000809640001120090006640000000001020860000000047007000002,756289134938164275214573698879645321123798456645312789591427863362851947487936512
008001000002000000005000080490600051007105090056000000300900560500710008000000070,738561249942387615615249387493672851287135496156894723371928564524716938869453172
004020600051740000000058000100865002000070000060490000789000500010680004406500200,874923615951746823623158749197865432245371986368492157789234561512689374436517298
250900000000005019070006000406000100000090807827014000902003704000200300730000500,254931678683725419179486253496378125315692847827514936962153784548267391731849562
000001000201307060708040100004603027670020300020010040900006200030409618006000000,493561782251387469768942153814693527675824391329715846987156234532479618146238975
000920040000060010000005060640000500802000790009008030000630000308007006960004000,586921347294763815713485962647319528832546791159278634475632189328197456961854273
000540008000020035095003000710954380900237000253006070000400000040000000000000800,632541798478629135195783264716954382984237516253816479321468957847195623569372841
090106020308000067000430009020060073005270941070300000003000000760000510000602708,497186325318925467256437189924561873635278941871349256583714692762893514149652738
205901000100060900000408200010600800000005632068042710000009006050706000690000000,285971364174263958936458271312697845749185632568342719427539186851726493693814527
600500002700040000003000600000094200840230007032005006490000700000000401000000080,684573912719642538523189674176894253845236197932715846498321765357968421261457389
000004670006009500007008302500400100024015000010002057003000200001920000060000001,185234679236179548497658312578496123324715986619382457743861295851923764962547831
074053600009600000000004001000000030320000700007040000000000400000091200038427009,174953628259618374683274591491765832325189746867342915912536487746891253538427169
050406009000009400490070050000023700030000500000000003900010008010968000000050970,751486329826539417493271856568123794139847562274695183945712638317968245682354971
070462039100000000420000070290005841000000020041000050010000000902003000700859010,875462139139578264426391578297635841583914627641287953318726495952143786764859312
603010480700008000400070020874090000162000800000800000010034000097560048040089100,653912487721648593489375621874193256162457839935826714518734962297561348346289175
207500100006001830800320076600000087020860459705040000370000000400000000562000300,237586194956471832841329576694135287123867459785942613378614925419253768562798341
200108503316259470500003209100042050000000000049537000003020000460390080050010000,294178563316259478587463219138942657725681394649537821973826145461395782852714936
000000251902700000000002003000010039005000060016003000020000890070900012059007300,487369251932751684561482973248516739395274168716893425124635897673948512859127346
003000906401050020000000458246000005309584700700069034002005000800090041004100503,523847916481956327697312458246731895319584762758269134132475689875693241964128573
007200010000007000000000070098040000702900004001632000000800001024095607075306000,547289316386517492219463875698741253732958164451632789963874521824195637175326948
731000500200600080004035020940010800000089204368042001503890042000000710000100000,731428596259671483684935127942716835175389264368542971513897642496253718827164359
090732500000008102250040000015090206430007000020506030100064009760025080000809020,691732548374658192258941367815493276436287915927516834182364759769125483543879621
001300000003001080092680300005800000328010400600200008009560020030400059000000064,781392645463751982592684317975846231328915476614273598849567123136428759257139864
000706095007400030150200000580000369000060751000090028805321600200908010010604000,348716295927485136156239874582147369439862751671593428895321647264978513713654982
300000007015074260040000009700800600020003001106000300060085003073610000094732816,382196547915374268647258139739841652428563971156927384261485793873619425594732816
020804900008000007030716002003600000200501074160400305300200001810307009000060083,721854936648923517935716842453672198289531674167498325394285761816347259572169483
200000090006200500000090002000723000700800000800609005497000320060930050000406000,251367894976284513384591762615723948729845631843619275497158326168932457532476189
380000000000026003690004007000058300059032104000090000000700000270000015000005030,384579261715826943692314587167458329859632174423197856536781492278943615941265738
003000000672508900008000700001356000700081000830097000010920400400060010080004030,953742168672518943148639725291356874765481392834297651317925486429863517586174239
089001000500040019000928035060802041000415093040090280098007000750000160000500002,389751426527346819416928735963872541872415693145693287298167354754239168631584972
300000000006000217000000060704035980001000030903001050009000803200803049000002075,312678594486359217597124368764235981851796432923481756149567823275813649638942175
740900260900046070600002090006500820200680710000020045000008907510207006000005080,745931268923846571681752394196574823254683719837129645362418957518297436479365182
000560208000002930802010005020090500010045090060001002250000680000006100000050020,134569278576482931892317465428693517317245896965871342251734689783926154649158723
108340675090260310600005000300508020080400009700001050900000082800000036200806001,128349675495267318673185294361598427582473169749621853936714582814952736257836941
001000000000100604005007000000008921010200500054916000000000009580690107400001205,641839752378125694925467318763548921819273546254916873136752489582694137497381265
070020000000100800000790010000060000017283004002017306009658400060040135504071060,371825649296134857485796213853469721617283594942517386139658472768942135524371968
000071000000000070000000190008704502700010900012800003350047081040000600080009057,594371826821956374673482195938764512765213948412895763359647281147528639286139457
708000302000005000030000700090070030003200097000400008001600400007509010609000075,768941352214735986935862741596178234843256197172493568351687429487529613629314875
000000080372000605800700002708032000105060020020075040000080070037050000509640200,914526387372498615856713492748932156195864723623175948261389574437251869589647231
800000000007894500024600037089000000050040700006083019000209070000050190008007300,815372964637894521924615837389721456152946783476583219541239678763458192298167345
070080450520000007016745090040500060009800013000000905005000800090000000160030000,973281456524396187816745392341529768659874213782613945435962871297158634168437529
200001800000000010000000900400503000300704000008109030903807000601000300000300591,236971854894652713175438926427563189319784265568129437953817642641295378782346591
005060401009000300400070658000080010070100923004007860300008000842691507050000000,735862491689514372421379658263985714578146923194237865316758249842691537957423186
410090800070006090900008050000609000001200060690080000007000010000500000160970000,413795826875426193926318457532649781781253964694187532357864219249531678168972345
058090003006007154730561000600280405000000092023000008005008040002004537041000800,158492763296837154734561289619283475487156392523749618375628941862914537941375826
010038004805910600039500708000002000071809000000003060400000007080001006003000040,716238594845917623239564718394652871671849235528173469462395187987421356153786942
791306000000094003000000060000000000007000050040030000200005100400129000010603409,791356248682794513354281967125967384937418652846532791279845136463129875518673429
016345780020060035000289600080506000004090068000010200803002091100000000000000000,916345782428167935735289614381526479254793168697418253843672591179854326562931847
000478901000030002057000800300050010279000360500000700420760000860300000000000006,632478951148539672957216843386957214279184365514623798423765189865391427791842536
804600000000509214000342800057890102102400000309006000000000095000000000000065700,824671359736589214591342876657893142182457963349216587278134695965728431413965728
000190300047000010200507090000206000060004975054870200009000600000980100020001000,685192347947638512231547896793256481862314975154879263419725638576983124328461759
421876503000905006006340008203498600000150000040060800810000007700600005000010000,421876593387925146596341728273498651968157432145263879819534267734682915652719384
500803020000002090412050000000000008096000000208006900027001805000000000005028000,579863421863412597412957386754239168196584273238176954627391845981745632345628719
249000050000062019000500008050030000400001000000900700100080000004305800085029000,249813657578462319316597248952738164467251983831946725193684572624375891785129436
700001000201005008530040009000630901013520000090070000068450000054000007000080540,789361425241795638536842179427638951813529764695174382968457213354216897172983546
000020906700509080902700010000902630020400500000815700200000400400050000006090050,548123976731569284962748315154972638827436591693815742215387469479651823386294157
000000586001005020080200000000684795097103060650900100012008340008009000906401050,249317586761895423385246917123684795897153264654972138512768349438529671976431852
000800240040020005002005103030058902085910000001703060090006750400500000000230000,359871246146329875872465193734658912685912437921743568293186754468597321517234689
402000000096008000300562089050007000007000002200090050000050070040009008060700094,482971365596348721371562489954217836617835942238496157829154673743629518165783294
001020837005300096063070000000007000000103020104200000010000700008000100090080302,941526837785314296263978541652897413879143625134265978316452789528739164497681352
008300002006281500312400800003600001621008000900103000060532084000000000204960003,758396412496281537312475869843659271621748395975123648169532784537814926284967153
237861000054090001100504080020009000000006000700000000603040900000003004090600000,237861459854792631169534287325489716981376542746125398613248975572913864498657123
010009002009000080250746900006070001030090400700600000003000009900100040020008030,417389652369215784258746913896574321532891476741632895183427569975163248624958137
000470801000650430000830000080006317513704096790100008021008050007000680000007000,235479861879651432164832975482596317513784296796123548621948753347215689958367124
600000020801000069000070010900701000000000070008200491015000600007000002000800107,679184523841532769532679814924761385153948276768253491215397648387416952496825137
092001000605000100804000002206000400039004006001080000127038094000502030000000600,392461857675823149814975362286397415739154286451286973127638594968542731543719628
007005002560800000408600003602958000035040070000300000700020049040080300300090000,197435682563812794428679153672958431835241976914367825786123549249586317351794268
000000108405108607600790004060879000900450080500300072040937005809204010000500000,792643158435128697618795234263879541971452386584316972146937825859264713327581469
002700034801203090030901820008074009005006000000805040000010000200587010080000006,592768134871243695634951827328174569415396782769825341953612478246587913187439256
010000243000720000000010000000030760037080190159200000870000300000050600001340800,716598243385724916492613587248139765637485192159276438874962351923851674561347829
534060000001020000208000905800003400009000600600010780100006004000402501020000000,534769128961528347278341965852673419719284653643915782197856234386492571425137896
900800460600305002000000000091600000006930000400201000009000000000764009700180000,957812463684375912312496875291647358576938241438251697149523786825764139763189524
001230000900678000038000000000020009000301042680005000000102000806457900257893000,761234895925678431438519276143726589579381642682945317394162758816457923257893164
000000109800061000000070805008204503020003080900506700060007000085002906000000000,743825169859461237216379845678214593524793681931586724162947358485132976397658412
095000087000700900087005601100004870000000160050000040000209000509006000000000504,395162487621748953487395621163924875948573162752681349834259716579416238216837594
600729300089050200750048100260000009931670004000912003073200050006003070005000000,614729385389156247752348196267834519931675824548912763473261958826593471195487632
000002046000003000001050800000000001910400060300620590000009080200308604003076002,597182346824963175631754829762895431915437268348621597156249783279318654483576912
400070206000000000308000905846200003000601020001430600100000704000019002000000009,415978236697352841328164975846297153953681427271435698139526784584719362762843519
902010006080000194000000800300000008608005000000000040030001000090000460410700032,942318756583267194761954823354192678678435219129876345235641987897523461416789532
006009830000000005000108076001080700087004000245900060000000000500690087009400000,156749832978362145423158976391586724687234591245917368734825619512693487869471253
572040000080003029900025000000007040000400030000000000360700210700000490208300000,572946381684173529931825764896537142157482936423691857369754218715268493248319675
002010506003090000501002908030000405050000700004580690190400007320000000480100309,972814536863795124541362978238976415659241783714583692196438257327659841485127369
000183000060004300384050200070000030009000650030065000000030506700000042400821090,927183465561274389384659271675942138249318657138765924892437516713596842456821793
502100000000520490007000852009056170001000000060940005820605007690000500175400000,542198763386527491917364852439256178251873649768941235824635917693712584175489326
000000040001004200070000058020030061000098500018062379096200080832040000100080700,283659147651874293974321658529437861367198524418562379796213485832745916145986732
004627000080009407790400150608000700900768000510034098800002000070000080205800900,154627839386159427792483156628915743943768215517234698869542371471396582235871964
000000516090000300051043090003000009060007100000000650207000003040300905000070081,324798516798561324651243798573126849469857132182439657217985463846312975935674281
000006000002005068600940023000000001301000070590407032079008000000709000065200100,437826519912375468658941723724683951381592674596417832279158346143769285865234197
008690000067005801031200406006700002892054000013000000000000310009007560004060000,548691237267345891931278456456739182892154673713826945675982314329417568184563729
040080900200456007860900000000078000000500000000600040074890600510000470620000305,145387926293456187867912534436178259981524763752639841374895612519263478628741395
001000000003060510756291004900000001000006075000080000304000060285600743609034000,491358627823467519756291384962745831138926475547183296314572968285619743679834152
803610902050070008000000150080037405500000301000009000007051000000008709000090510,843615972159372648726984153982137465574826391631549827397451286415268739268793514
020740000000030400300910000009500340030000000000304090160402000002000700540000200,628745931971238456354916872219567348435189627786324195163472589892653714547891263
000005000307064900800300004584000793700050020600700040006000080200870009900030000,461985237327164958859327164584612793793458621612793845176549382235876419948231576
070016053050700009000000010007043500000500000548600000024095300180000000300400100,879216453651734829432958617217843596963521784548679231724195368185367942396482175
784200060090308010000900000039000007008010090400080000960105040100030009050490600,784251963296348715315967824539624187678513492421789536962175348147836259853492671
037000000000000309000000805473006108600020004500000036000905082045000000098040000,937458261854162379162739845473596128681327954529814736316975482745281693298643517
000420100100080004000691850000009040600100000000208701401950067260010009907806510,853427196196385274724691853312579648678134925549268731481952367265713489937846512
000900308500008290080320000000207410007003052000005870305016000000039600070000000,762951348534678291189324567956287413817463952423195876395816724241739685678542139
000300006000060290000001083900150020502904860000600000000400035000009000090003100,289347516134865297657291483963158724572934861841672359728416935315789642496523178
500800230209600000618000497000307810043000072100008069000760001460180000790000008,574891236239674185618235497926357814843916572157428369385762941462189753791543628
000056003001000000000000008060002080049030201000480005900364510420008096010200800,298756143651843927734921658365172489849635271172489365987364512423518796516297834
000390100920871000000040009003006900500000003069503007830900001600130700007000500,786395124924871356351642879273416985518729463469583217832957641645138792197264538
060050010000081005900000008549007680720805001008060000000004000400500070190006004,864953712273681495951742368549127683726835941318469527687314259432598176195276834
759000000001007903402000010000004050340000097900001864106000230200910000003200000,759132648861547923432869715618794352345628197927351864176485239284913576593276481
000030091690045000320079005940000003862300150050000000200903840000010530030050912,574836291691245378328179465947581623862397154153624789215963847789412536436758912
000106090000070000740089005019057048068000000057830000000010000100390650900060081,825146397691573824743289165319657248468921573257834916586412739174398652932765481
610000307008000560003760000200500000007602453030080026800000000001020000509040030,612459387798213564453768291264537819187692453935184726826371945341925678579846132
900085070020700000800214000049000307005008000000000906000407000500020000370000400,916385274423796815857214639149562387635978142782143956268437591594821763371659428
040630920002100000600002040068000000470200090105900403000597300510020009300000204,841635927752149836639782145968374512473251698125968473284597361516423789397816254
000000009800000000003809500000006900060702005035000670780201394004090000090000026,617425839859163247243879561172546983968732415435918672786251394324697158591384726
600000000040070980052030001900000000064092015270160490709010054086004030401000000,697281543143576982852439671918745326364892715275163498739618254586924137421357869
708010090003090057009000608070830400300760025080001703600280030010000076900070004,768415392423698157159327648576832419391764825284951763647289531812543976935176284
000001309940680000300090460001000000400876030000015980009000800068400020700060090,286741359945683217317592468851934672492876531673215984539127846168459723724368195
000806100073010005600000008300000700000100006006000052100200000040000860000748010,495826137873914625621375948354692781287153496916487352138269574742531869569748213
061209300005700000000106002040078000603002809800001000000400108008000000007000506,761289354285734961394156782542978613613542879879361245956427138138695427427813596
000100900005040786030000020090000010080004300076080002400003250900810000000090001,647128935125349786839756124594237618281564397376981542418673259962815473753492861
000502470000800306700400029470983000060200000059007000506000913001068547300050000,638592471924871356715436829472983165163245798859617234586724913291368547347159682
000401000007002004002090005750008309013000000009056701070064080500900070000005000,695481237187532964342697815756148329413729658829356741971264583568913472234875196
000005630000000008196003500000006200200304051001008000612007090040000006087900045,824715639573629418196483572439156287268374951751298364612547893945831726387962145
030090070000402000812000000240175038060004000780600040100500000004317090050920000,435891276976452381812763459249175638563284917781639542198546723624317895357928164
840000637000803000000400098069000501000008070008009000037920850285007410906004020,841295637692873145573416298369742581154638972728159364437921856285367419916584723
016094000700005006000020000200000030430572000001000000000900002008251309000467005,516894273782315496394726158267189534439572681851643927145938762678251349923467815
309010207005800090001205830030060010007000000002000700000541300210000900003028006,389416257425873691671295834834769512167352489952184763796541328218637945543928176
030096000400005001065210893006070000001030600870402100607000002050601007004820530,138796245429385761765214893596178324241539678873462159687953412352641987914827536
680200100000080250500130800000000690768002000000600000000003900000960000900840000,687259143143786259592134867215378694768492531439615782874523916351967428926841375
000000034003000026005000900030245701900800002500973040056320009000580400300000065,892657134173498526465132987638245791947861352521973648756324819219586473384719265
100040305703000421400000000820070900000201604610004250040000002900820006000005700,162748395783659421459132867824576913395281674617394258548967132971823546236415789
080020000020000680010809043006340098050081430000005100460900307807216004000007001,683524719924173685715869243176342598259781436348695172461958327837216954592437861
900008000230001006001000809007300085000580261080219004500793408072040000000025010,954678132238951746761432859127364985349587261685219374516793428872146593493825617
245108600000036020000200410000847050010300000300050940031764205000003001000010080,245198637178436529693275418926847153514329876387651942831764295452983761769512384
106350090002000000040006008000008740030070000000902360065019020700000180003000000,186357294352894617947126538691538742234671859578942361865719423729463185413285976
000100030060000070040376085010040000000500000000000003094630700050700300370008001,728159436563284179941376285215843967439567812687921543194635728856712394372498651
000000041050000097004900050800000300035080002020050000002140000400700000570030009,297563841358214697164978253849621375735489162621357984982145736413796528576832419
350806010000507480800021500078000000000080050400060090030004000006100000900070005,357846912192537486864921537578319624619482753423765891735294168246158379981673245
000028009042000500008045012020067005060800270904001003009000000007000900006000028,615728349342916587798345612823467195561839274974251863289173456457682931136594728
907000450042706801018405000701000080865023000023000100000349018000017020080000900,937281456542796831618435297791564382865123749423978165276349518359817624184652973
007000001004678000059030000920000008085000900000000200000000080506700340018006090,267945831134678529859132674921357468785264913643819257472593186596781342318426795
004090000000700106060500000700082000006054020420001830000400003000007510007200008,374196285258743196169528347791382654836954721425671839682415973943867512517239468
160025700030000000200690050700050009600000007001003000050700930006048200902001000,169325784435187692287694153728456319643819527591273846854762931316948275972531468
004381750510007000028905040000000003000000500040003017000010000001030405482700036,694381752513247689728965341159674823237198564846523917375416298961832475482759136
009030040103000078040080639090000300805070402002000000024000000008000020001000084,689237145153964278247581639496128357815376492372459816924815763568743921731692584
809010000003004008007000501150200000394860000200000180430956000060408000000120364,829615743513794628647382591158279436394861275276543189432956817761438952985127364
200000010090000083001000050906041020402000790308902104500000900009405800827010000,283594617795126483641738259976841325412653798358972164564287931139465872827319546
570000690000800000800005000200409005000310800000072000008750030407108000052003400,574231698963847512821965743216489375745316829389572164698754231437128956152693487
004700000030015000012000700020000010340000067000008042009087000100000070200060030,894723651736815294512946783627534819348291567951678342469387125183452976275169438
008650204045007080010800053000980005000000302050000800000406000000500000000000409,978653214345217986612849753437982165869175342251364897123496578794528631586731429
413000065207400000958103000000085040500700080000000006000001000380000000090000010,413297865267458391958163472132685749546719283879324156725941638381576924694832517
080100400105000920060000800600000004004008030000000059056200300008300092000000040,382179465145863927967542813621935784594718236873426159456291378718354692239687541
000600004000080050400000900070061300384050000500000800000246170043019586010030409,738695214129483657456127938972861345384952761561374892895246173243719586617538429
500009203807006001026000080150000000060050800700030106370000018600010000000000090,541789263837526941926143587154678329263951874789234156375492618692817435418365792
080050400640003050015004600000009500200508700000007900020796000090830200700000096,987652413642173859315984672173249568269518734854367921421796385596831247738425196
680000000090250800000000090030097008060000000970680300053060040000540003100000509,682319475497256831315874296234197658568432917971685324853961742729548163146723589
400009050200705894890020060082450900900206015100907400020000089000092030600100000,467819253213765894895324167382451976974286315156937428521643789748592631639178542
000006400000100000403700602000000708070058000030200000701539000859602003300000069,915326487627184395483795612296413758174958236538267941761539824859642173342871569
000568200004090007000400003702106890049000036000000700008010370096003408070000050,937568241284391567165472983752136894849257136613984725428615379596723418371849652
370860000500031080080009600000900006006000893008000070017000000050000008403000200,374862951569731482281459637745983126126547893938216574817625349652394718493178265
062005009000001708100002405507020304000004090241000000000098240000040000000050683,762485139459361728183972465597826314836714592241539876375698241618243957924157683
200006100903000060600104000007080000000001402020093010794010280000700041800240000,248956137913827564675134829157482693389671452426593718794315286532768941861249375
073004209008059006090007040700000000000901467310070080950600020002700690680090073,173864259248159736596327148769248315825931467314576982957613824432785691681492573
000510304000760001000000060070000050850046007300000408010820076200070000000100800,786519324943762581125438769472981653851346297369257418514823976298674135637195842
090050070000000093507030810972640038050000000043782906000300000000506000000800005,391258674428167593567439812972645138856913247143782956615324789784596321239871465
002370401070090308000864970000906005900050020000100009069700214400600003000540006,892375461674291358135864972748926135916453827253187649569738214427619583381542796
810000603006008004700003108070180309193070086000030000060007800000859407400000905,814295673236718594759463128572186349193574286648932751965347812321859467487621935
600700009040001050120006708060400900000809000054100000503600102010090000200015000,635782419748931256129546738861453927372869541954127683583674192417298365296315874
908501000007060008020030009080107000000005000070000001400009000090200030853000920,948571263137962548526438719684197352319825476275643891462359187791284635853716924
048000003069000548073000000056200000400759306030640902005900000700520000090007230,548196723169372548273485169956238417412759386837641952325964871781523694694817235
600900100000070500000200903400100002081405009002008070960302000070500038813000095,628953147349871526157264983436197852781425369592638471965382714274519638813746295
600000090200000400005260310004000900006030142000010506000001004000305800050040001,643187295217593468985264317124756983576839142839412576398621754461375829752948631
300085040050000002000201093136500000500000230000000400607108000803450010400706920,362985147951347682784261593136524879548679231279813465627198354893452716415736928
090000031002300870003000600079250008268000000405809762000043080600070920000000106,796485231542361879183927654379256418268714395415839762921643587654178923837592146
000130000060708030000002001000079300000000107870013050010097002009000010006000790,297135468165748239348962571651879324934526187872413956513697842789254613426381795
902400607000208500070600001000094000300000700201000000720041000000520004400007010,932415687146278593578639241867394125394152768251786439723841956619523874485967312
700900400000143029040702000004000000000570000002400000960050300400098057000007000,721965438685143729349782615174826593836579142592431876967254381413698257258317964
002000083803000917900300400750804020080000000364001000495000000608400009137000005,572149683843526917916378452759834126281657394364291578495783261628415739137962845
015090004000070000870000609400900510030000806507164003003700002050043790041209000,315896274694372158872451639426938517139527846587164923963715482258643791741289365
000000030800005124040700000900003000000000001310480070000002700020007406000610200,561248937897365124243791685954173862678529341312486579436952718125837496789614253
006710380900203007703060000000830010070041000130000000401380200005100000207005106,526714389918253647743968521654839712872641953139572468461387295395126874287495136
000040020006872000720500040000307418000408070080006032000280107000600500819000000,358941726946872351721563849695327418132498675487156932563284197274619583819735264
020900004170400008000007000710004000000700210500601007003000061860302000957140030,325918674176453928498267153719524386634789215582631497243895761861372549957146832
000000070020046003056002000070410900095200100010009030040003086500000300000000501,984351672721946853356782419673415928895237164412869735149573286568124397237698541
506200010300700002000030700000502348200070000080006000020000400701000060900400000,576248913314759682892631754167592348253874196489316527625187439741923865938465271
004900010000500706000000080400000029600004008280090400570003000360000007040708035,724986513831542796956371284417835629695124378283697451579413862368259147142768935
010029003608501070300040002900480006800003005030060040100750290280000000405006800,714829653628531479359647182972485316846173925531962748163758294287394561495216837
906710004005000000004026300469051000000000600070000040008040705050069010301800000,936718254725934186184526397469251873513487629872693541698142735257369418341875962
500100000803000200400000053000000090601000570905780000006300009304090000000800040,579123486863954217412678953738215694621439578945786132156347829384592761297861345
003671020010020000450900700000492000006100002049000053300007000090356000020000300,983671524617524839452983761531492678876135492249768153368247915194356287725819346
095200300060001000731040800006000203000013080380020705000000004852100000610392000,495287361268531947731649852146758293527913486389426715973865124852174639614392578
000009140000600020008003907090502300002000790030790000000080001205017639070030082,726859143913674825458123967897542316542361798631798254369285471285417639174936582
000020704724000500000500300050802190000000400090074205000000970372089000000010040,935628714724931568618547329453862197287195436196374285841256973372489651569713842
870041020020065049040203000700002194600010050000090200057000900000027060260009800,876941523321865749549273681785632194692714358413598276157486932938127465264359817
403079601000000540620500003040000130062007000000090000100900007090000002200000000,453879621719236548628541793947682135362157489581493276135924867894765312276318954
070003050109504000000000000000080200000007186081200000000672010000105308500038600,674823951139564872258719463796481235425397186381256794843672519967145328512938647
600980005000005003500000602009004030040000529000329800204000000907000040005002000,672983415491265783583147692729854136348671529156329874264738951937516248815492367
003080000000200300065900800090000070007025904601000032000000009129000040700000080,213586497978241356465937821592364178387125964641798532834652719129873645756419283
070000000008756200306804075040003000000405000960008000002019300000080092090642508,579231864418756239326894175845963721231475986967128453682519347154387692793642518
920000100060000000300120698100050002090430800002719300470000050210000030600003400,925386147861947523347125698134658972796432815582719364473891256218564739659273481
380670500005029000790500240400105080008000430060083007000041020510030000000057060,382674519145329876796518243437195682958762431261483957679841325514236798823957164
100070000050040967000030801600029340000000010000086095007300080000000000008090002,126978534853241967749635821675129348982453716431786295517362489294817653368594172
000900100000010090913000000090130000240800700068040000050300007002567904070000005,426985173587613492913274856795132648241856739368749521654398217132567984879421365
000809000395004810000052790008065001000000409010400000050041908100500000800090050,472819635395674812681352794248965371536127489917483526753241968169538247824796153
090008351004513070050000000903100500075900160100002040009070006630009010407635000,796428351824513679351796824943167582275984163168352947589271436632849715417635298
000000091000007300037000406000800070060370810080002004000206000070905083400000009,845623791126497358937518426513864972264379815789152634391286547672945183458731269
065401200200600578900050006000120030010980000002005000039008400050000987008740000,865471293241693578973852146596127834317984625482365719739518462154236987628749351
020600000000000632800000500003780400408010000000006870000000000900073006062901708,529634187147598632836127594613789425478215369295346871781462953954873216362951748
000000000000400370000050019010378004000629001600000008000080063368000000070000082,795831246281496375436752819519378624843629751627514938952187463368245197174963582
004000003500089020900000840005328079370600000096070000003000907050000000009700000,824165793537489126961237845415328679378694512296571438143852967752916384689743251
758319000062850170403200090034002010070400308609001520047000000000000057025000000,758319246962854173413276895534682719271495368689731524147568932896123457325947681
000400003000900560001300940100045700000030400000019800905000070317590000400060150,879456213234971568651328947123845796598637421746219835965184372317592684482763159
100000400300004082500207360000500070006809030080400000000700000020060000605080700,162358497379614582548297361431526879256879134987431625893745216724163958615982743
759021003100060007206000908070000002960040870002006300000000030300008000690004285,759821463148963527236457918571389642963245871482716359815692734324578196697134285
005000000000000001000000450050006002012809003000205010300007100240000907500001200,165734829924658371837192456458316792612879543793245618389427165241563987576981234
080060000476100508951000060060900002000640000104003000000700923019400000700020106,382564719476192538951387264863971452527648391194253687648715923219436875735829146
008000015900001082004600037010000000830010504000000000000062800081000006040190000,378249615965371482124685937217854369839716524456923178793562841581437296642198753
090070030007006000000034701005008207010703060400000890209305076001240089000609050,194872635327156948568934721935468217812793564476521893249385176651247389783619452
040060350006100049020790100030580960008610000760300800200800090300000070000000400,941268357876153249523794186132587964498612735765349821254871693319426578687935412
000010030100003000040706091701230000604000200008070000003500070009100300000002060,896415732172893546345726891751234689634958217928671453263549178489167325517382964
082006000060800000030200080904000060006000000070600095603080500010060000000123600,782436951569817243431295786924351867356978124178642395693784512217569438845123679
209806000501700002007250080058020000706003000920000100362904700104005820000000490,249836571581749362637251984458127639716493258923568147362984715194675823875312496
320700006017609008960820700080006900009000000030200167890000070200100809000080040,328741596417659328965823714182476935679315482534298167893564271246137859751982643
400005001601407205507010000010008000870000400000000807008040000009070028700000000,423985671691437285587216943914768352875123496236594817158342769349671528762859134
028004300170000006300050280001000058700080620000003000610000495000010802090340001,528694317179832546364751289231467958745189623986523174613278495457916832892345761
080204960100090030006030400900100546000020180000000000000000600079000003038060050,387214965154796238296835471923187546745623189861549327512378694679452813438961752
002000010001000600004102930046001050093704160208350009089010300000009000427000000,962543817351987624874162935746891253593724168218356749689415372135279486427638591
400902000000047005000650247000000670060008000042006000600009050500201906090865700,457982163236147895189653247913524678765398412842716539628479351574231986391865724
581400709000000000300960002000020071700359086000716000170003854000000020003000690,581432769296175438347968512635824971714359286928716345172693854869547123453281697
980000107003000829007008634004517986000000010010400500000060048000000000400009260,982346157643175829157928634324517986795682413816493572539261748268754391471839265
600084000503126800000097000365200098009000510740050600107000000908462003036000080,672384951593126847814597326365241798289673514741958632127839465958462173436715289
500004010000000520000000390003000001260000045000007080392100050015400609470009102,527934816139768524684215397743852961268391745951647283392176458815423679476589132
940001500000050900001004000105907000200010700700002160479130002008000000602509040,947281536826753914351694278185967423264315789793842165479138652518426397632579841
504000006089460010600000300100000000007030004040006832408600000036000409700904000,514378296389462715672591348123845967867239154945716832498623571236157489751984623
008010020420000001030800005090000104500080200604001058040070000369150002705000600,958314726426795831137862945892537164513486297674921358241679583369158472785243619
005000000021000000060004089610000507000010608008000301006500000000400000000721064,495286173821973456367154289613892547954317628278645391746538912182469735539721864
900001005070050000853090002000030000000080010300207060030002001508000000012040000,946721385271358694853694172185936247627485913394217568439862751568173429712549836
080000020263000400000620350418060970600104002070905001004000060030706284050000000,587349126263518497149627358418263975695174832372985641724831569931756284856492713
509007304600004105140000900000365890000000030000000000831006000000049003094103000,589617324672934185143258967427365891965781432318492576831576249256849713794123658
500700380378010506100050002600000000000000028200006070030005810061000050000401060,529764381378219546146853792687542139954137628213986475732695814461328957895471263
028000000000005001300072000603008042000000000805049030500680000087950020000700080,128496753749835261356172498673518942294367815815249637532684179487951326961723584
194600002500008047030000000800000206070806405009020003080200000000000928600000701,194673582526198347738452169851349276273816495469527813987231654315764928642985731
203000504597400080040000000850040003300010000600350400002000009000905200900200000,283671594597423681146598732859742163324816975671359428762184359438965217915237846
060003091408001000300049000147000020902405010000000070514007000070090080289310040,765823491498651237321749856147968523932475618856132974514287369673594182289316745
108000920053402008000810435000200500000005100002184000230740000405000000700950203,148537926653492718927816435371269584864375192592184367239748651415623879786951243
300000010908012600000000392007008009294005800500030020000001000400607080609043000,325976418948312675761584392137428569294165837586739124853291746412657983679843251
000072300000000000067000809000000290000020000030060170002009030906031700003007900,495872361821396457367154829654718293718923546239465178172589634946231785583647912
000620190903570064216900000170006000039050006004000000090000000007060900061092080,745628193983571264216943578172486359839157426654239817598714632327865941461392785
000009006300000024000000000200481630480300072903007000700050060501036400640000850,152749386367518924894263715275481639486395172913627548738954261521836497649172853
000000002026000384019000706000004973000519000060000000500140009001205037392768010,853476192726951384419832756185624973237519648964387521578143269641295837392768415
038914000040060830976050040827030000091002080000009620700020450000040006460800000,238914765145267839976358142827536914691472583354189627719623458582741396463895271
090000010021000000000801000000000100400312900009068300108520039002003001005089000,894236715321475896756891243283954167467312958519768324148527639972643581635189472
003060050496005030085000200000020090940006000001709000019043000850602003030000546,723468159496215837185937264578324691942156378361789425619543782854672913237891546
108004000450296000000000004300045970574320000060000003640000000210450008000000025,128574369453296817796138254381645972574329186962817543645982731217453698839761425
000501830000009002000000015047000000105704008000915300000400100804607003700000400,462571839531869742978342615347286951195734268286915374629453187814627593753198426
000010300106004000000000700075301080200000000630000500010003000584009006069258040,827915364156734928493826751975361482248597613631482579712643895584179236369258147
003970002006000500090000080180200009000000235320605000008000300001700008009000004,853976412716482593492351786185243679964817235327695841648129357531764928279538164
080037200000000004002004000800502001701046000020010000010000050309000008060180003,984637215635291784172854396893572641751946832426318579218463957349725168567189423
010000700003096080080500613000400028000019050090000001800071590006020100000000030,615832749743196285289547613571463928468219357392785461834671592956328174127954836
135004009600000001207000036000000200020000090470010305009001500001000040802470003,135764829684392751297158436918537264523846197476219385349681572751923648862475913
400035207002900050035021604600090000000040000007100000041070006060003025000216709,496835217172964358835721694684392571513647982927158463241579836769483125358216749
001408000082100005097600000048005007000001804975000160710800006000006003003040000,351478629682139745497652381148265937236791854975384162714823596829516473563947218
120000907507200600080000000758030000000094070640081000402060008001003000000079000,124356987597218634386947521758632149213594876649781352432165798971823465865479213
070004302830000070204003169040005007005080004716029000500000900000038051100590803,671954382839216475254873169348165297925387614716429538583741926492638751167592843
900403080007000400004508000000002006530740000726000300075000039000600047413080500,952473681387261495164598723841352976539746218726819354675124839298635147413987562
000300200001008700008401590000030050000204038000000907050810000100542670600003815,467359281591628743238471596816937452975264138342185967759816324183542679624793815
080005920000000008000082006050204010000000000400500060000751300000046000547000690,384165927261497538795382146856234719973618452412579863629751384138946275547823691
005090200000570400034100907040300800008609001000000046000215600019460032000030000,675894213291573468834126957146352879758649321923781546387215694519468732462937185
020000001180035000000001900000108509008056000000700030050407008000010000610003090,425679381189235746736841925347128569298356174561794832953467218874912653612583497
003000004900000260700000315400073002070002100800000673008007000000000000037000051,253861794941735268786924315469173582375682149812549673528417936194356827637298451
500900043000040609040000250005004000908005070014000536000000097080109400407250001,521968743873542619649731258765314982938625174214897536152486397386179425497253861
010000020000951000000002900003095000080170050050038000000500000008307000000810467,519783624642951738837462915173295846286174359954638172791546283468327591325819467
021000003406100820057400100000300046042807090390240010500000980200900000019504600,921678453436195827857423169178359246642817395395246718564732981283961574719584632
000003060060020810509760000800090000156004300497030000070010603001302008905080040,712843965364925817589761432823196574156274389497538126278419653641352798935687241
010006002000000705070050360600000500047000630008600000094000000000480109000009400,415736982863912745972854361639248517247591638158673294794165823326487159581329476
032000000076090020000710036000403805000028010063000074395260080600900500704080000,932846751176395428548712936219473865457628319863159274395264187681937542724581693
804000307050000960030090000060000000000009030000160000010056802020007000000280790,894612357752834961136795428463528179281479635579163284917356842328947516645281793
200850009050000600304096058005400093103500000002387061000100805521600040000000006,267854319859213674314796258685421793173569482942387561796142835521638947438975126
107300000006175230005008007600000703402803001000000840230600500004500020058004106,197362485846175239325948617689421753472853961513796842231687594764519328958234176
008241000005039100420675000000060000904000000006920840003000009040000000102000000,398241765675839124421675398237468951984157236516923847763582419849316572152794683
059020800140000207000000004070302146020019308008460020500070000000000000201000075,759624831146538297832197564975382146624719358318465729563971482487256913291843675
070009000013020000089071000100700524720050090900230006300902700090010005000007000,572869431613425987489371652138796524726154893954238176365942718897613245241587369
002000000070050000004020000000000029700360810800490005048000190010040000090280000,982637541673154982154829763465718329729365814831492675248573196517946238396281457
000040076406000009807320400050003708000600100100000504000500940309804025005009000,531948276426157389897326451952413768784695132163782594278561943319874625645239817
009000302018053640003009010600300000004500008870000030006230791907010200000000056,569184372218753649743629815695348127134572968872961534486235791957416283321897456
600000001050000406002090008000069000027040500046100800000070000080016000004502003,679438251853721496412695378538269147127843569946157832261374985385916724794582613
030528097600000410900014000002060001300800746706000008004100800000076104000000260,431528697685739412927614583842367951319852746756941328264193875598276134173485269
400802300090600000502000601000109723079036000000270050840020060000401800320008007,416892375793615284582743691654189723279536418138274956845327169967451832321968547
500000093070009100300010700000020910000075604907000050005008300000600000098350471,561487293274539168389216745456823917812975634937164852145798326723641589698352471
900000000040039050050004980000010800708040361000300097000000004006080500594060008,983251746647839152251674983439716825728945361165328497872593614316482579594167238
096401750004005008805009000052008070000203640030000025200000500069800037043060000,396481752714625398825739164652148973978253641431976825287394516569812437143567289
078020300015000070320574000040000000000706018100030507900003804051007023034050701,478621395615398472329574186742185639593746218186932547967213854851467923234859761
000250349009000020305974681002380100030501008018020030000002000003700052006000000,761258349849613527325974681652387194437591268918426735574832916183769452296145873
800700060010056000200300400300920004028600700005004830007000003000200000000000090,849712365713456928256389471371928654428635719695174832987561243564293187132847596
561000000002100400480009060835007900000000010617000058100800000308946071070250830,561384729792165483483729165835617942249538617617492358156873294328946571974251836
000000100007300859000008000000000768380009000000000900509830000000950603003064502,938475126647321859152698347495213768386749215721586934569832471214957683873164592
614003000039420108020060430001052086506000010000000005050000000007204803480570000,614783529739425168825169437341952786576348912298617345952831674167294853483576291
020400000500080300000590600100075800800009024953800106031904008090320000080016093,728463915569281347314597682142675839876139524953842176231954768697328451485716293
500000300097000000802351000001000700780190060600070103003000005425900000000000000,516789324397264851842351976231645798784193562659872143963417285425938617178526439
608040050000296000000000600000107245000003009406020000000600000000510900960804501,698341752574296318321758694839167245257483169416925837185679423743512986962834571
600480000000000004000302710000000000500140670703000040800071509970804000020050007,617485392239617854458392716184763925592148673763529148846271539975834261321956487
006035009000000060278004000000301050627000040100040000009000080040080905500000600,416835279935172468278964513894321756627598341153647892769253184341786925582419637
000000800900000007080670900061738002009100000300000000800053100000067500030800209,756392841923481657184675923561738492279146385348529716897253164412967538635814279
230000084805000000074032500108000030000000005502300000000701900000400100080056300,236519784815647293974832516168275439347198625592364871453721968629483157781956342
000092800000700100700008000009000005807000000600100289500280007190600520000000000,451392876982756143763418952319824765827965314645173289536281497194637528278549631
000700005906100073700630010000060080823070004000200701000300800039000000200510037,312798645986154273754632918197465382823971564645283791571346829439827156268519437
302007009050004601106300200290800700001000084000000000908010042500026807000930060,382167459759284631146359278295843716631572984874691523968715342513426897427938165
200004075000805021051000800015000038060008000042300000007200080000009000008410000,289134675476895321351672849915726438763948152842351967197263584624589713538417296
000421097300907580000000600003002000876009010020080030000000100000010240031070050,568421397342967581917853624153742869876539412429186735684295173795318246231674958
000000620030500000120900000000000000601408000000125406200000000700050069560090200,945783621836512974127946583452369718691478352378125496289637145713254869564891237
372004906860702304010906800000100009050600200790283005000328000007000080080000500,372814956869752314415936872238145769154679238796283145541328697927561483683497521
008907040760000020400000570000800260892006013000203000281000604005000080670080000,518927346769534128423618579347891265892756413156243897281379654935462781674185932
900000300600000981000639420000000832073000006000003014020090000091356200004208679,947821365632745981518639427169574832473182596285963714826497153791356248354218679
000008090002010800810000205003000062281009700000000000104000009300140000000090001,475328196932516874816974235593781462281469753647253918164837529359142687728695341
900054001050700000421300700010538047007901050300206018530067000760000020000400500,973654281856712439421389765219538647687941352345276918532867194764195823198423576
000504006080010795100097000007002600003000000001005000405008930708100064610053807,972534186384216795156897243547382619863971452291645378425768931738129564619453827
509023004400070020010064000380000100097080500600310790030001007750000000900200806,579123684468579321213864975385796142197482563624315798836941257752638419941257836
368000020005300400001058030010042050002500010000100296004000070806200940030000100,368491527795326481241758639617942358982563714453187296124639875876215943539874162
005010036340700020000056900104598000080020004007030000403201080001805270028060000,975412836346789125812356947134598762589627314267134598453271689691845273728963451
008570000000000800900340007409203010007060095500090000006005100000130950001907084,648579231735612849912348567489253716127864395563791428296485173874136952351927684
000000000090810600002030000050070004000024038034609001000490305048302010305000000,761245893593817642482936157859173264176524938234689571617498325948352716325761489
830000004092000000060208090200094080908003000004000300045009000020300000000742953,837951264592476831461238795273594186918623547654817329345189672729365418186742953
008000200900507001740632090004720000000153700020008050009005104010800903003019680,538941267962587431741632598354726819896153742127498356689375124215864973473219685
000084001400000000000090800908050327230748009000003418170060000002000000000102090,629384571483517962715296843948651327231748659567923418174869235392475186856132794
000030007463000000012000460000000000001500300036498201074050000000800000000000510,895634127463217958712985463987123645241576389536498271174352896659841732328769514
070010800010800600000007000205074008000200001194603025300490006002005083001000059,479516832513842697826937514235174968687259341194683725358491276942765183761328459
063982470401003000900000200036490002000018060700026090357104020600000007100070040,563982471421753689978641235836497512295318764714526893357164928642839157189275346
030006000004000000096408001020000000007080503589040210000000700000000085800020100,138596472754132896296478351423751968617289543589643217341865729972314685865927134
000000200045600000000000000010908000500200800270431060834760050050020670000005009,687543291145692387329187546416958723593276814278431965834769152951324678762815439
307509000006721904100306000010000073000005800930000001001053400053804796000200000,327549168586721934149386527815492673672135849934678251761953482253814796498267315
905106387000700000070300000020000140000970030300000970051007860007010000430589021,945126387183745692672398514729863145518974236364251978251437869897612453436589721
374001000060053000150600000007809000040005790000007000023570000705000020006290300,374981652862753941159642837537819264241365798698427513923574186785136429416298375
940600000000500070005000060710006000406901280208450000020109700000060020000702000,942678513861593472375214869719826345456931287238457691623149758187365924594782136
000000018009000000000000070208000000105907062700582000071035009050060001006100050,547693218619728435382451976298316547135947862764582193471835629953264781826179354
205781000700200001010000700009002000000000010007006000521000806000025007070910040,295781463783264951614539728839142675462857319157396284521473896948625137376918542
006304010000000002804007005007840090000000060040960078100005020070100050005070081,526394817793518642814627935657842193938751264241963578189435726472186359365279481
830000900075941080401080000050490000010000050620008030007234108142000500300005007,836752941275941386491683275753496812918327654624518739567234198142879563389165427
005009040000000000400010038604020000003400000070000614000600029940200300200000100,125839746387546291469712538694127853513468972872953614731685429948271365256394187
000070200008003001107056800009024050002005000000609730080000600400100987000068000,534871296628493571197256843369724158712385469845619732283947615456132987971568324
001305000706800503000406007300000070654000382000200000100050040005600000037140900,281375694746891523593426817312568479654917382978234156169753248425689731837142965
501200000000000260006500000760103002014650700000978416600020009000000000100890604,541236978983714265276589341769143582814652793352978416638427159495361827127895634
005683000000020640001000005000806704564000000000410030200034908093208401048060000,475683192839521647621947385312896754564372819987415236256134978793258461148769523
001000000700516820000008004109852000307160400020030009000020600000001000000000301,851243967794516823632798514149852736387169452526437189413925678968371245275684391
005960000000070600002001758068700025200000000050120060000000000500340080906000000,735968214184275639692431758468793125217586493359124867843619572521347986976852341
300068000000900035020013000700001549000400760500007001007009000609000257000000000,341568972876942135925713486763821549182495763594637821437259618619384257258176394
500000080008003709300048001967400832005309007000070000810020000200807005000130208,571692483648513729392748561967451832425389617183276954814925376239867145756134298
120004006000089400900000000410708069802000300060903104000095008700302001000800040,128534976675189432934267815413758269892416357567923184341695728786342591259871643
000906070070004209090502000003600710500010080060328090710040005480000020900200840,251986473678134259394572168843695712529417386167328594712849635485763921936251847
000007500000200073003090000000004820000739140940010007056900000000008004300020000,694387512518246973723195468137564829862739145945812637456973281271658394389421756
025000008030080000000000000070805100000700500084132907007020001040000070900410835,725964318436281759891573624673895142219746583584132967357628491148359276962417835
005002019109500400000098005000900007031407802000080090000800040006010020000009700,875342619129576483643198275284951367931467852567283194712835946396714528458629731
230460057976300400000000000002893710007000000100006002001000070060000008000008000,238461957976325481415987263652893714897214635143756892581642379364579128729138546
200830019010602400000791050000068500005310004020000070037080040060000000500073168,256834719719652483483791652374268591695317824128549376937186245861425937542973168
040000892080009060026000307850001200000276950672000100008097040000012080104000000,541763892387129465926584317859341276413276958672958134238697541795412683164835729
030000000000070902000050603800060497090800200200000100029180064001020309360090000,632914875185376942947258613813562497794831256256749138529183764471625389368497521
000120400010043080703598000006805204020004350004000010000000765007351802800062000,685127439912643587743598621396815274128974356574236918231489765467351892859762143
340001080005038000001004003000000000012076804000500000100090206009005378003260900,346951782275638491891724563538149627912376854764582139157893246629415378483267915
092604013836070050100000060900060000208503901300000040000090005000405090580010004,792654813836971452145238769954167238268543971371829546417392685623485197589716324
010000580508004002020000406800051000200409600001020005100000900700016000640900108,416293587578164392329578416864351729257489631931627845182745963793816254645932178
200001000006500000000200150512000000000010000000000000001352609000100280720609030,258971364146538792379264158512796843634815927897423516481352679963147285725689431
070000040030490005000008900005270000690800054800000030100040020052000410403000070,978652341236491785541738962315274896697813254824569137169347528752986413483125679
001095072030002000000087603279068004006019000154000809002000000000200906600050000,861395472937642581425187693279568314386419725154723869542976138718234956693851247
070003069000010000000050100000095036001000800090000200006037040380901000902000300,175823469468719523239654187824195736651372894793486215516237948387941652942568371
800000043504807026007006005086900000100642007020308000270060400040080600600010070,862195743514837926937426185786951234153642897429378561278563419341789652695214378
000700040054020789000009000090060070403000806068000010830010527000000094145070060,912783645354126789786459231291568473473291856568347912839614527627835194145972368
040700089900025030061009702000050000032000001009107320807004010000908260600000800,245713689978625134361489752716352498432896571589147326827564913154938267693271845
000002090000009057700084610060203009004950080000000030073098104000400003040031800,316572498428169357759384612867213549234956781195847236573698124681425973942731865
001500890000018250000690001900000000540070030002800400000060010000009600004081902,461523897397418256285697341938146725546972138172835469829764513713259684654381972
080000076000008200010200000900650003640009000030000100060507091050000702200004000,482135976396748215715296834927651483641389527538472169864527391159863742273914658
018007036003600900600000002001703004307400000000900080000000003570041008000060010,218597436743682951695134872981753264367428195452916387126879543579341628834265719
000008030601000020000600590300000600900000000210004905746132050000705001005900703,579428136681593427432671598354819672968257314217364985746132859893745261125986743
708094320000000090004300870020010009000005700100000603000600008040037000036580900,758194326312876594964352871625713489483965712197428653571649238849237165236581947
008409100002378050953210800025003000090820000004100382000900030030000008106000000,768459123412378956953216847825643791391827564674195382247981635539764218186532479
000184000010000678200300400030009060400600000600070000000400830862005900903210006,796184523314952678285367491531849267479621385628573149157496832862735914943218756
915042003038000740070000090000600000000000000700000300081504600004307158500108004,915742863238956741476831295153689427862473519749215386381594672694327158527168934
071000000000086000006004003000040020009060701207090348000010000903600000000030010,871953264432186597596274183185347926349862751267591348654719832913628475728435619
400107000093004080000000000000900400340070600908200310704010030830000004100060007,485197263293654781617382549562931478341875692978246315724518936836729154159463827
700300008000706103090800000000004090005930086070060000826450009000100067017000000,764312958582796143193845672638274591245931786971568234826457319459123867317689425
609020050002140690000050070008310260300084009067200080704069020000001807050070006,619723458572148693483956172948317265325684719167295384734869521296531847851472936
082060900000809006000000108200000601005610320000900000010020009900000003056000710,582461937173859246469273158238547691795618324641932875314726589927185463856394712
800009601006000002415002000002007530009080000000195824004500000701328400050900070,827439651936851742415762983182647539549283167673195824394576218761328495258914376
040081020000297010000000008907010000380000005005020900000000000800046050050003100,549681327638297514712534698927415863381769245465328971176852439893146752254973186
100300070900000400000490100069200300000030068237600090600000900590006000018500024,146352879983761452725498136869215347451937268237684591672843915594126783318579624
100020503200019000900035000009507000705341000030000700590000006007100258000003900,168724593253619487974835621489567312725341869631982745592478136347196258816253974
001348257700002910000000400000000030007100094000409500802016009614003805009000701,961348257748652913523791486495267138287135694136489572872516349614973825359824761
532900070600507200100800005000090008000000009001700406000084961068200000000005300,532961874689547213147832695453196728276458139891723456725384961368219547914675382
740102000090000000000700002070000005320401687000079020850000200030004800014603000,743192568592368471681745392178236945329451687465879123856917234937524816214683759
000600200000090080060024510371908602092000005458076009000403900000700000947500008,815637294234195786769824513371958642692341875458276139126483957583769421947512368
036004705040000309059000040600000098502089070000070050005400607000002080004000002,836194725241857369759623841673541298512389476498276153925438617367912584184765932
500000081000300000000040060370081000010463020000702138700004800001650000004007016,543276981689315472127849563372581694918463725465792138736124859291658347854937216
000460000023500040480300152700100000540003600610000030300248901090600300001005000,157462893923581746486379152738156429542893617619724538375248961294617385861935274
091300000080007340030510000070150003400000102002000000148000000000030214000700000,791384526685297341234516987876152493459873162312469875148625739567938214923741658
000604002024000060830700059300075020000086010060100000681000000400060270000043001,975634182124958763836712459319475826742386915568129347681297534493561278257843691
000800000000000210000020000043215007000040001700006000408000000301000050056080743,632851479587934216194627385843215967269748531715396824478563192321479658956182743
003000000060950000008162030800007000020400000050000000649028007007600290015700800,593874621162953748478162539834297156726415983951386472649528317387641295215739864
090130008000208471008057032000000027000006004000003509015002000024070090700819045,297134658653298471148657932369541827572986314481723569915462783824375196736819245
030000008008007069000000002040000000090301040150060000069703020021800090000600075,435296718218537469976184532643978251892351647157462983569713824721845396384629175
100023408900810520028005000070000060004257000090008200836000002052600000009000736,165723498947816523328945671273194865684257319591368247836479152752631984419582736
206000000000605000500400089054090700008050904097100000002000000030007000005320047,246839571879615432513472689154298763628753914397164825762541398431987256985326147
000040000000000000628005430900580720070014065004000008460300070700950203090000050,539647182147832596628195437916583724873214965254769318465321879781956243392478651
000200700906000030710800004007000090800000240401700360060000900000020000000004023,583246719946517832712893654637482195895631247421759368264375981359128476178964523
030100000461200370500970400200010000000009000807300106310000640900000510070000920,739164285461258379528973461253617894146589732897342156312895647984726513675431928
000100500002900000010006000040600390020090008693800070080003000030500010006702903,964138527872945136315276489548627391721394658693851274289413765437569812156782943
000570000000603470273400100020050000380740056049380200402030001010060020000007000,694571832158623479273498165726159384381742956549386217462835791817964523935217648
008502000540600023200140000190070000005426391432900600807200100000060850020800000,978532416541689723263147589196378245785426391432951678857293164319764852624815937
500000709008754020710023005850049000030000590000500000003000908400608203100390070,542861739398754126716923845857149362634287591921536487263475918479618253185392674
008000400004000086000000300800000700427008561005070090050060247040090600002000003,938617425574329186216485379891546732427938561365271894159863247743192658682754913
000920070030010000020867900000500017071600009500002000056304001314700850009051030,648923175937415268125867943862549317471638529593172684256384791314796852789251436
095008300006000785837000000013540000580010463970806500060200100001000000450063000,195728346246391785837654921613542897582917463974836512368279154721485639459163278
040000200030200009790100485009000020003000008020900007960300000257460803310000000,841795236536248719792136485689573124473612958125984367968327541257461893314859672
203000000070020080901047000040038690500000000000200000300000004604100820100000900,283915476475326189961847532742538691536791248819264357328659714694173825157482963
300010609400000000008000400000000060040000090090030000000165842000072100251340906,325714689469583217718296435172859364843627591596431728937165842684972153251348976
007800504028500000004000802000008700005000060061700480700045218100000300500001049,617823594328594176954167832439658721875412963261739485796345218142986357583271649
900030000000004600060080030328070000615048007400000000000400780500800060700000000,957632841832514679164789235328175496615948327479263518291456783543897162786321954
039051004104006085600294070006000050000500600000009000002060700407080006003105802,739851264124736985658294173276318459391547628845629317582463791417982536963175842
000030790080050000132080456008300060005802907060005824004020671000008340300000000,546231798987654213132789456298347165415862937763195824854923671679518342321476589
604000100007010300039052040400520000000901050502400000026795014071200096000060270,684379125257814369139652748413526987768931452592487631326795814871243596945168273
173200486006000000000760100009502000804070205000000700000907020007608000052001800,173295486246813957598764132769582341814379265325146798481957623937628514652431879
002905610006031000010000900500610090260009801090020000070000000020006000059307060,832975614946231578715864923584613297267549831391728456678152349123496785459387162
705020000090068530000000600370805009840006053001000700000547028287390005000002001,765123894192468537438759612376815249849276153521934786613547928287391465954682371
060075180030000950805240007200030809300000521001000006127000645603000200400000790,964375182732618954815249367246531879379486521581927436127893645693754218458162793
800002630506039100000006000260094000718065400400300070007010300004003715100000008,871542639546839127329176854263794581718265493495381276657918342984623715132457968
000700920000000003602390708000000000000409000000036500280607100730002080900000005,348765921579821643612394758426518397153479862897236514285647139731952486964183275
000000008008004005465000020170000030050009000002043100580920760601080003049000000,917532648238674915465198327174265839356819472892743156583921764621487593749356281
000025397000040001001096004400500019000009005096214000200008050000400000910050080,684125397329847561751396824472583619138769245596214738243978156865431972917652483
050078090010059000803100000705002010920001800000060500000705200000090100401083970,254678391617359428893124756735842619926531847148967532389715264572496183461283975
010086302309100087000002405043000000000000230800903001070000100000007903030200004,415786392329154687786392415143528769597641238862973541274839156658417923931265874
970001503010020049060000107107800060090000030280006975000160000020504000041092000,972641583315728649864953127157839462496275831283416975538167294729584316641392758
106020000000500600800003500000000000080200060000086005049700800060800050038104000,156427398392518647874693512625941783483275169917386425549762831761839254238154976
002195000430027050050403082000910070008054010040708000000000608080006005010500000,872195463436827951159463782365912874728654319941738526593271648287346195614589237
000007904085290016006008020500070030100000500000020497341009800060080000850012073,213657984485293716976148325594876231127934568638521497341769852762385149859412673
430020080080040306090030070009000004060300020120097035900071060002000040703080000,437625189281749356596138472379562814865314927124897635958471263612953748743286591
008000090003000080500080472609020301000008000320040800000030004000052008000010735,278461593943275186561983472689527341154398627327146859715839264436752918892614735
809650020200730180006008590002000900907003000004002007003040002090020070021800430,819654723245739186376218594132467958967583241584192367753946812498321675621875439
003069040800070000006040072104080026080000950097601400000496080000007013008312500,273169845845273169916548372134985726682734951597621438351496287429857613768312594
000000820675000349080000001200000000093604100060200004326010050704020000900700000,139467825675182349482593761247851693593674182861239574326918457754326918918745236
300000604000061000000000879200008700000009200080002030020856040040003007103000980,392785614874961352561324879236418795417539268985672431729856143648193527153247986
309104000070532000028009001000000170000000650030207004410826000000345000200001400,369184527174532986528679341952468173847913652631257894415826739796345218283791465
060003502100540003000010000948001000620000000350078000000007000206809300870100000,764983512189542673532716984948631725627495831351278496495327168216859347873164259
000000040006040001009007360040800056000460000008002034001500480600908700000200000,173685942286349571459127368347891256512463897968752134721536489634918725895274613
360950184400281030000000270001000590000000027050890000706000008140630002000470001,362957184479281635815364279281743596934516827657892413796125348148639752523478961
790300050000000082604050903000000400970241508542009000860007000200915840400000390,798362154315794682624158973186573429973241568542689731869437215237915846451826397
000900500001000068002500400000350600706000354200070089057820041920100000140000020,364982517591437268872561493419358672786219354235674189657823941928145736143796825
001300069603000000004900710006030001007000000900800304302000000700403000050200000,871345269693721845524986713286534971437192658915867324342618597769453182158279436
281690000739100650600203000020907000040002037008000010090720000802006009000080000,281695473739148652654273891123967584546812937978534216495721368812356749367489125
090008420406000001003001900307004008009100500540000010260017309000042100170060004,791638425426795831853421967317254698689173542542986713264517389935842176178369254
000610402000008001007020009100904600900005248805200010081709300050000100700340000,598617432234598761617423589123984657976135248845276913481759326359862174762341895
810200000006700000000001030000004050563800012000306809400532701007608000650400003,815243697936785124274961538798124356563897412142356879489532761327618945651479283
000100709359070081000003004500700000002006800987004010000905008000007000705800302,624158739359472681178693254516789423432516897987234516263945178841327965795861342
008004005057080040003500000000009857001805000580743902010000709375090000809407500,268934175957681243143572698432169857791825364586743912614358729375296481829417536
084000095090140026000530000000075040000000170038010000200080004000050060049060030,184627395593148726627539481916375248452896173738412659265783914371954862849261537
000000008580760090403090000902000000307005000000071009275000063039852401000607005,796524318581763294423198756952346187317985642864271539275419863639852471148637925
100400600080005000000670348030007060000000500600243010200000000090006020340000096,173498652486325971925671348834157269712869534659243817261934785598716423347582196
029800030008230490045601000000509004500000700001070008450700080006428070000903040,729845631168237495345691827287569314534182769691374258453716982916428573872953146
000903000000060000045000093900070300532009700007230000050001006070040200004002000,126953847893467125745128693968574312532819764417236958259781436371645289684392571
007360502002807100013000000000200001001906000000403200000000005700000004000600317,487361592592847136613592748349285671251976483876413259138724965765139824924658317
000670090627090004509000000150860703008000001030010960406000800070080020200006007,813674592627395184549128376152869743968743251734512968496237815375481629281956437
790001000500804701004000856002308009137000005000000413080043162070100008000902000,798651324526834791314279856452318679137496285869527413985743162273165948641982537
007610009500700100090000000040050007068007000005000020010072006700300218000060073,827615349534789162691423785249156837168237594375948621413872956756394218982561473
103400029004050007009200000917645000300008000006732900091000000030876190008904000,153487629264359817789261543917645382325198764846732951691523478432876195578914236
700000004105482903004000650000050060009000500650000490930520000406009015000063009,783695124165482973294731658342957861819246537657318492931524786426879315578163249
205000003060087500000500810310895002020006009506003080000050931052000400900400005,285164793169387524473529816317895642824716359596243187748652931652931478931478265
900840600007590000005300209000401020100973800000200000018000006070609018600000702,931842675427596381865317249396481527152973864784265193518724936273659418649138752
030045086400706000000009000090008020047590010000000040600800097800004000920001850,732145986419786235568329471195468723247593618386217549654832197871954362923671854
000000410294000003370020000009000000005312090000907008400000760500106849907804001,856793412294681573371425986149568237785312694632947158418239765523176849967854321
067900080100068070090700600301800000000370041000210000000002458030000060000007090,467921583153468279892753614341895726925376841786214935679132458234589167518647392
200900003034000000006300980000400290300000640000000310023050070005020060000190000,281976453934815726576342981657431298312589647849267315423658179195723864768194532
415600730002050080036704519040000096607000400001540000000063000200015300300002105,415698732792351684836724519543187296687239451921546873158463927274915368369872145
000070080300080490400031007690800720802054930700090000000060008006020003180000000,569472381371685492428931657695813724812754936734296815257369148946128573183547269
003000179002001030000700000007804000300109407000672310001080050000015703005407860,653248179872591634419763285127834596386159427594672318741386952268915743935427861
000683000000014603043000010000000070000900300000020080019056700070002900000070001,791683542258714693643295817985361274127948365436527189319456728874132956562879431
207008100601357000000162087018006409004800072726030800002000000000603040309200000,257948163681357924493162587518726439934815672726439815162574398875693241349281756
641507030580000090007368400060000509905000060010050302006840100009001020100020900,641597238583412796297368415762183549935274861418956372326849157859731624174625983
000005030030000060060004050310240095600080700820009003001038006206051000050000401,472615938539827164168394257317246895694583712825179643741938526286451379953762481
467903085098027001030000000000380040100500608306040050600000070003700000042098503,467913285598427361231865497975386142124579638386142759659231874813754926742698513
290800130480200000030000400315600294000004500070020800008057009050986001060400000,297845136481263975536791482315678294829134567674529813148357629752986341963412758
000060000000100008502800063020009051040000090109000076254010037003000914961704005,718362549436195728592847163627489351345671892189523476254918637873256914961734285
006200700120060043005030021000006400900002000003147000678000004400000850201008376,346215798127869543895734621712986435984352167563147289678523914439671852251498376
309000710700502008506370000000000006045000080690000100007000461050706003168430502,329684715714592638586371924871943256245167389693825147937258461452716893168439572
000758006000900000680100090150030900090010007007000631015804069000360100703291008,931758246572946813684123795158637924396412587427589631215874369849365172763291458
631087900425610070000000560100090640043000090060000100000000000000000200004200050,631587924425619873798342561157893642843126795269754138572938416316475289984261357
394008020607000084051064037005820009080070400060000008912000003508030006706400000,394718625627593184851264937475821369283976451169345278912687543548132796736459812
002000046000802070308007012000001000480590000620000001000020063003006200207309000,172935846946812375358647912735261498481593627629784531594128763813476259267359184
050000009360000700009040863004200000030005470010400080000080090003100020291754038,457638219368921745129547863784263951932815476516479382675382194843196527291754638
800047901310208400000000000020890706700426509006015020000350000050070000000080302,862547931319268475475931268521893746738426519946715823184352697253679184697184352
050000087008050040000009000090540000030028009164030050007000020503102000200003070,356214987978356241421789536892541763735628419164937852617495328583172694249863175
000790001000805039086010072140007000008063940073009150000401000001052064005070010,352796481714825639986314572149587326528163947673249158267431895831952764495678213
020000003154200809700601054000006005000840006510320480060080940000960030002503070,629458713154237869783691254948176325237845196516329487365782941871964532492513678
006978014700000056100560700000080000005390000000001800002004000007830400000000000,256978314738142956149563728321485697875396241694721835982614573517839462463257189
000043000903001000000000305090000047200097580004005000000000050600050001530710000,726543819953861274418972365395128647261497583874635192142389756687254931539716428
006050300009000700010003500300001000690000870000600000160905200008000100740300659,486157392539264718217893564374581926691432875825679431163945287958726143742318659
061090307009305460040000000300500000400100000050069043000901674000000809074200000,261498357789315462543672981398524716426137598157869243832951674615743829974286135
902800107001000560560010040100000005370001400480020090000000809050930600890000203,942865137731492568568713942126349785379581426485627391613274859257938614894156273
000824050000090030000130040306087400089051067000000200008000070700060120100078000,963824751214795836857136942326987415489251367571643289698312574735469128142578693
062093000000014060001500392000000106000000000210630945020400638800902014100300000,762893451953214867481567392345729186698145273217638945529471638836952714174386529
083000040070000300400903050701306000800019706009205084200000000094008063300602400,983527641576841392412963857741386925825419736639275184268134579194758263357692418
040506000300400060060000020007109082020008000000000000000230000004867003073004006,742586139318492567569371824437159682925648371186723495691235748254867913873914256
008000960000380000403010820820006005500900080000050030305000009200793518097500340,718425963962387154453619827824136795531974286679852431385241679246793518197568342
090004000620009050001000070208050106045000300000040009030200095800000002700000000,397584261624179853581362974278953146945621387163847529436218795859736412712495638
050190784007004009000027006000000000000001000000600407500730001708000900631000000,256193784317864529984527316863479152472351698195682437529736841748215963631948275
007060050000400300500900674050000400708000100020104000002040000000095000870610943,417863259269457381583921674951286437748539162326174598692348715134795826875612943
860035000004680253350000700000002010000300000400068000040813009000706005000000007,867235941194687253352149768573492816286371594419568372745813629931726485628954137
006080127007000000810000604700040000034000010000001008109063480500097000060000300,356489127497612853812735694781946532934528716625371948179263485543897261268154379
876000040234860105500407800000000051000076304018240006452000600000000000080000507,876351942234869175591427863647983251925176384318245796452738619769512438183694527
040090800800000590796030002012608907060170200000020600050081700000050068200067104,145296873823714596796835412512648937469173285387529641654381729971452368238967154
002469003608301900903052000006010200300000010500008000107925000800030000204000190,712469853658371924943852671476513289389246517521798346167925438895134762234687195
605207904800000000900506700500900040200008006000060200400005600750020003189000020,635217984872349561941586732567932148294158376318764259423895617756421893189673425
007006300410000000009000071000020780102980546900000103000800005000000002000090000,827516394413279658569438271645321789132987546978654123791862435386745912254193867
600000014013700060000560030000000600426005700001009050182000300090000008000000020,657398214913742865248561937539274681426815793871639452182957346394126578765483129
008007000059001607067580200084000003072004006000070008700000840000790000800005970,328647519459321687167589234984156723572834196613972458791263845245798361836415972
803170269001000003096000050504002900008005006200800000045700032602400007087603010,853174269721596483496238751564312978378945126219867345145789632632451897987623514
920000070000000001001307000800000002000708300000090080390002008010045209000980040,926814573437259861581367924879536412145728396263491785394172658718645239652983147
800090000070156004000007000000908025050701083000043700086405902201039500090600008,835294176972156834164387259713968425459721683628543791386475912241839567597612348
708400100002510076501000000009100607080007000000800410000000900206030000900608031,768423159432519876591786324329154687184367592657892413873241965216935748945678231
390710060612050074000000000001000280000091000706002000120300090089007000503100000,395714862612958374874263951951476283238591746746832519127345698489627135563189427
048760000251000760000000200804000000625300071000000083063900000710084350500000000,348762195251439768976815234834571926625398471197246583463957812712684359589123647
300680294004701806608000070200007100000002000007100003005004000462809000019000000,371685294954721836628943571243597168186432957597168423735214689462879315819356742
001008030700200000000000207002500004030020005008047000020070900897352000106084003,241798536765231849389465217972513684634829175518647392423176958897352461156984723
630040089100000200052030100700000005000005004200008301000000400000500010801704000,637241589184659237952837146749312865318965724265478391526193478473586912891724653
403070095000000468000600072007020800200008700841000520000703200005200687720080030,463872195572319468918654372637125849259468713841937526186793254395241687724586931
000000009421070000968004100076809000510020000842500090080600000000090031000000000,735162489421978653968354127376849512519726348842531796283615974654297831197483265
000028500030076010008000000070002900000085042001060807000253780006097420000000005,967128534534976218218534679875412963693785142421369857149253786356897421782641395
005000070001020040708000090096000037400090080002003050350000704080400029004379018,645938172931627845728154693596281437473596281812743956359812764187465329264379518
000607002500080067002091804607900051908300020300026000091200073056000048000009010,184637592539482167762591834627948351918375426345126789891254673256713948473869215
900000000000900430020040006030000168000000000640008370000000257100800040050002001,984236715576981432321745896239574168817369524645128379498613257162857943753492681
790500000800020000000090000000100690000300100008072000900007000000600009314089065,792516483853724916641893572235148697479365128168972354926457831587631249314289765
980003000003600090000070020760000304030497000042806070607002008051369000324700900,986213457273654891415978623769521384138497265542836179697142538851369742324785916
000240006000710095000300000090620000005900000000030900000470500036802100907000200,579248316382716495164395728793624851245981637618537942821479563436852179957163284
000827004080000000941356200020000587370005600850090430000070820090000005718502000,563827194287419356941356278129643587374285619856791432635974821492138765718562943
709451002000700000005000140907143800030002000040900371500600000600000004003020700,789451632421736958365298147957143826136872495248965371574689213692317584813524769
050789060000000079790001530000000046020608350600904827000000010000003005300456090,253789164148365279796241538837512946924678351615934827569827413472193685381456792
090000020070100506060800900040007000000080350900000400700605100000008000039741260,491563827278194536365872914543217698617489352982356471724635189156928743839741265
000001640000840020003092100000250000706000002000070800000920080001783000528000000,892531647615847923473692158184259376736418592259376814367925481941783265528164739
000000090020070135010905000000253000003867420260009000782000003000721000001500047,576312894829674135314985762148253679953867421267149358782496513435721986691538247
624907000100605000000040698041006070360700080700300000050003010013508209870200040,624987135198635724537142698941856372365724981782319456256493817413578269879261543
710380240000614705904520000046830000100402050280005000000240500008000000072100009,715389246823614795964527831546831972139472658287965413691243587358796124472158369
000108000010703020008920751709080000036019270000670008063000000200001087080000093,972158364615743829348926751729385416836419275451672938163897542294531687587264193
004290600000400308860003000200009000018004050400561087382010076040087001107600000,734298615521476398869153742275839164618724953493561287382915476946387521157642839
803002900700003000010708630000005000941300870250009063020000000000000006600030201,863542917794163582512798634376815429941326875258479163127654398439281756685937241
300800024900267500502041908120608000000004000640700000000075000051030687007000300,316859724984267531572341968125698473739524816648713259863475192451932687297186345
000029050450000000000000700003400060105002870000000000207943580090000006001060040,378129654459876312612354798723498165145632879986517423267943581594781236831265947
006000740078004001200003050620009070705000004000000030090000506400090200800005090,536912748978564321214783659623849175785231964149657832392478516457196283861325497
050000147008074600407301008100000004006407920049085010030020000700000000000700402,953862147218574639467391258172936584586417923349285716634129875725648391891753462
009500000000430209050980370500020807001005042028000905003000000900000000702603104,639572481817436259254981376596324817371895642428167935163749528945218763782653194
950400702000059100000078540200095000439027850060000290000000300310000070000000900,953461782874259163621378549287195634439627851165834297596742318312986475748513926
407052008062004309083000000240038700000420000005090000000045020000200001004003560,497352618162784359583961274241538796879426135635197482718645923356279841924813567
709106000200007000610400007400000000008200100090000000005071200002604080000508010,759136842284957631613482957427813596568249173391765428845371269132694785976528314
000006012021000569900071800060010940000639000105400680000000450007180006080900301,843596712721348569956271834362815947478639125195427683219763458537184296684952371
340000000200504030010036000000003860001070200630040005108000009490005000760008450,346791582279584136815236794924153867581679243637842915158467329492315678763928451
004080306000000800008100007002008035800037000300000080400809000900320068080004050,174285396593746812628193547742918635865437129319562784436859271957321468281674953
003000050000009704500003080030007000004026000710894320000000098000030400000080103,673418952128569734549273681236157849984326517715894326357641298891732465462985173
290040175016050030005000400350084690700500000000009540107090300004006002060032750,293648175416957238875321469351284697749563821682719543127495386534876912968132754
960000000000900040730000900010000574000000000000100026300080095080004007049705200,968541732125937648734862951813629574256478319497153826371286495582394167649715283
105038000000046038000507000600000001000091700000260080000000600000612400300070000,145938276279146538863527149684753921532891764917264385421389657758612493396475812
493870060085142093007093084000080630000200000000000200034000921001500006020304007,493875162685142793217693584142987635369251478758436219534768921871529346926314857
000003050740069000950000700007000005001900380308000090234100069000634072670290031,182473956743569128956821743497382615521946387368715294234157869819634572675298431
450916072000003809000040006000608014702000060600007090900000620200390000000004000,458916372126573849397842156539628714712439568684157293943781625261395487875264931
600051300000807059000030020002000000060500000004003000075010006000020007416000290,649251378123867459857439621582746913361592784794183562275914836938625147416378295
160000000000003406030600000600005080008900000403080000940008310000050000001409607,162894735897513426534672891679145283258937164413286579945768312726351948381429657
002003000000085002008020004300869400649000000800204196010070060090018200080006000,162943587437685912958721634321869475649157328875234196514372869796418253283596741
900076041004010390000050680501704900060000010270000003807920100000600070090100004,982376541654218397713459682531764928469832715278591463847925136125643879396187254
070182400000590002000600080007008295094271003086000000609010300700900008050700940,975182436468593172312647589137468295594271863286359714629814357741935628853726941
703600950809015000064000800000007063087006519300000008600002000002000090070164200,713648952829715346564239871291857463487326519356491728635972184142583697978164235
400970001690005400010000000200701000000408200904200000000037100000010706006540002,483976521697125438512384679238761954751498263964253817829637145345812796176549382
010030000000809030940000528075004000020000000090500060000650800000790010006008000,812435976567829134943167528675914283421386759398572461739651842284793615156248397
570203040900057200210000735002570000000020050860300127600480300000000000000732569,576213948934857216218964735142578693793126854865349127629485371357691482481732569
300200980428790300005831247000003000000008023501000004050000008000000790079060000,317254986428796351965831247682543179794618523531927864253479618146385792879162435
048090000500007000900000430000070103000010000000000060785063000601004007200700600,348291576562347918917685432456978123823416795179532864785163249691824357234759681
020000910100259403034070500605437000700621000000005006417003600000000179009000045,528346917176259483934178562685437291793621854241985736417593628352864179869712345
000200010000009000000400300000000001010850000400617823800500139003106008100708000,634285917571369482982471365728943651316852794459617823867524139243196578195738246
010509000460070020508061700002000017740000000006027503000002081005900270601003000,217549638469378125538261794852436917743195862196827543974652381385914276621783459
908400070001000090000028060400009807000174905007083600080300000000000086000000000,958416273261537498374928561413659827826174935597283614682341759145792386739865142
008075064000000100267000900000041602710000040000000001420500000075298010009400006,198375264354962187267184935583741692712659348946823751421536879675298413839417526
500647100026081007010002000070300050003700240050000306042095000160800000300000000,538647192426981537917532468271364859693758241854219376742195683165873924389426715
690800002000000683300001000231980006470106350806000029000000060000058207002090800,697843512145279683328561794231985476479126358856734129783412965914658237562397841
090000000053000000806029405080210000000576810172800006500907001900000040004000000,497135628253468179816729435685213794349576812172894356538947261961382547724651983
000562007070001030500300100000600000000080670620015094400020080800947513009800420,381562947276491835594378162147639258953284671628715394435126789862947513719853426
000000500000425183030806200042500000701000402603200000000000920200050001060080000,428391576976425183135876249842513697751968432693247815517634928284759361369182754
004900100208030500900000304170080459000000800000000060007059600000070940359006000,734965128218734596965128374176382459592647831843591267487259613621873945359416782
005148306068930000003260001040009010080401000231000000000582769000003520000000083,725148396168935472493267851546379218987421635231856947314582769879613524652794183
009586370000040002400090000008000510042015090500760240005438700030601005070050400,219586374653147982487392156368924517742815693591763248125438769934671825876259431
080009500003851046600000078007000400009006000060007050276000004000000705005008690,482769513793851246651234978527183469319546827864927351276395184948612735135478692
070000100150007400420600009007002800001005694080000207600780020040021076710000000,879543162156297483423618759967432815231875694584169237695784321348921576712356948
460570023097000080050090100706409310500720698023600000600100009005000401000000006,461578923297316584358294167786459312514723698923681745672145839835962471149837256
000900800968270005510400600000040500701000308002010709000829050006104003000000280,423965817968271435517483692839742561741596328652318749374829156286154973195637284
005790080192408007078100050904800020000060000000000003040000002000600805000000030,465793281192458367378126459914837526753962148826541973649385712231674895587219634
000340700400801000130020480973004100260000000000000600019000504050403800000100973,682345791495871236137629485973264158268517349541938627319782564756493812824156973
000090560960507400038000007400960000000003084020800059040051000006000145000009873,174392568962587431538416297487965312659123784321874659843751926796238145215649873
203079600000000009065030000050046890108050267070001035020495000500810000001067020,283579614714628359965134782352746891148953267679281435826495173537812946491367528
600070000200004007780002090017000000460007000832491000000005800578009620100000900,694573218251984367783612594917856432465327189832491756349265871578149623126738945
000007620002039000047000000000004210694800003050300000300200005070590060900701080,539487621862139457147625938783954216694812573251376849316248795478593162925761384
597132604640080000802046300070060003006000800000093070920004038060009005004801000,597132684643587291812946357279468513436715829185293476921654738768329145354871962
000125006000080000800630000000840600081290503004570810300000260470302050206000900,937125486162784395845639721593841672781296543624573819358917264479362158216458937
000980500000000408000200007720000040090400801800100700000040070002730604400020100,134987526279653418658214397721368945395472861846195732513846279982731654467529183
050080019002530600680700204070000060300900500006000000800106040210405800060870921,754682319192534687683719254971258463348961572526347198839126745217495836465873921
000000007073021050000670023030000600100008005000067000340002510016000004905000300,421539867673821459598674123732195648169248735854367291347982516216753984985416372
150000000000090050070500030390005400080000005506070283060750001841003070735104000,153846729628397154974512836392685417487231695516479283269758341841963572735124968
000009000070040000405000709764030000019405600350060400000051040000074006003608010,186729354972543861435816729764932185219485673358167492627351948891274536543698217
380010000000080914900000600001067500706400030000001000000942061103576020620030000,384619275567283914912754683431867592796425138258391746875942361143576829629138457
006080007012450093000130600903000000000024100020975308001000080040010006070092000,436289517712456893895137642953861274687324159124975368261743985349518726578692431
007300500000102080016007200000014030680000142050203079708005020040000068062008407,927386514534192786816457293279814635683579142451263879798645321345721968162938457
000002050030600000000017000069000580010000900000905710050040800000100005704590060,476382159132659478985417632269731584517864923843925716351246897698173245724598361
000300000340072050096000030009800000080003619700000800003000000650930040000450300,572398164341672958896514732169825473285743619734169825413287596658931247927456381
610020007000000040000000090000000008006000135540000902004910600000080009095030800,619524387237198546458367291921653478876249135543871962784912653362485719195736824
870090000060000300043000500050004031420030809318000407000203000080100920000908614,875396142261457398943812576659784231427531869318629457196243785784165923532978614
040001006001060048865470000003000000000890001914000700500000194407000802100900300,249381576371562948865479213783154629652897431914236785536728194497613852128945367
000000060420600005000049000000907602009000003060400891000010240010090000000000706,891572364427631985356849127134987652289165473765423891578316249612794538943258716
500700000003520800000804750300290010400000600100407090807000000000900570000000120,548769231793521846612834759385296417479153682126487395857312964261948573934675128
008000090030009070020610000080100960001390004040000003000260700000901000200874600,678432195134589276529617438382145967751396824946728513895263741467951382213874659
290000000870050000030701200020000700004300900087500300060030020009402073300000600,291684537876253194435791268623819745154327986987546312768135429519462873342978651
000010003003920000007803069700002051300004000029080340930000780040000030000200500,892615473463927815157843269784392651316754928529186347935461782248579136671238594
017000083038105070000070000301700005000800000000010028609200004002007000003000850,917642583238195476564378291381729645426853917795416328659281734842537169173964852
083016702000300000000000843000000007650000420010020600030400201074053000000060000,483916752725348169961572843248695317659137428317824695536489271174253986892761534
003150900000900030509032004000501083000600409005000000020740000057000000000000800,763154928248967531519832674496521783172683459385479216821746395657398142934215867
010020046008500010000069000007000000000040005406951072300410028800200060620003050,915728346768534219243169587597682431182347695436951872359416728874295163621873954
016230050730509802900008060600000307001390680003080500350000200000600108060870005,816237459734569812925148763689451327571392684243786591358914276497625138162873945
008006970000800640000420003630750019012060007000092406000080005000601320700205100,428536971357819642196427583634758219912364857875192436241983765589671324763245198
005000000007000000380402000870300591000290080000078600000000000708005900020080300,215769438497813265386452179872346591564291783931578624153927846748635912629184357
000000090270003800000600010000000000001800209006102030020760980000300650060001007,614258793279413865358697412842539176531876249796142538123765984987324651465981327
590104802080000050027000060000003010801200000300000027008005090005000046200900500,593164872486732159127859364752643918861297435349581627678415293915328746234976581
410000070809600030070500200000000090600100702007020000250080904000300020048900050,415238679829617435376549218182476593634195782597823146253781964961354827748962351
000754036060082090205060048510030000800520000603000000900000300040090007000400050,198754236467382591235169748514638972879521463623947815951876324346295187782413659
400780092000500004070040050160007005007025100500608007730002469240000708608000020,456781392312569874879243651164937285987425136523618947731852469245396718698174523
000000060307120000000890400090000600402060007800012000004600000200940000030058040,189435762347126859625897413593784621412369587876512394954671238268943175731258946
009603000001002093500078000030005000792006000050100007000800300000001058040500910,479613825681452793523978164136785249792346581854129637215894376967231458348567912
080000000006040020401000008010008000000004000060000509038000690600000802240980700,783269154956841327421573968512698473879354216364712589138427695697135842245986731
000000700084000062079600500000006030000085000716020800600801000800057000000000350,261548793584793162379612584458176239932485671716329845695831427843257916127964358
400625080000047000000000460700000600000009740000070008060002000004000030089750100,413625987896347251527891463741583692638219745952476318165932874274168539389754126
000000078007200000600700300406020800572004900830067502720800490000002700109403005,253649178917238654648751329496325817572184936831967542725816493384592761169473285
070100080045006231300000000200503000036908100008621003080209005903800607500000008,679132584845796231312485769291543876436978152758621493187269345923854617564317928
004020900060879000900000000010900000800030020030502100001396500040000802000080360,374621958165879243928453617412968735859137426736542189281396574643715892597284361
046302089000050201000840070600005000000006020500010004003090010000037402420000000,146372589378659241295841673634725198917486325582913764753294816869137452421568937
020090010041078000005000009260040000500000000030100860100000005650807094894501700,726495318941378256385216479268749531517683942439152867173924685652837194894561723
001000600000091450254007003048010075000534000069072000090053740037009006005000001,971345628683291457254687193348916275712534869569872314896153742137429586425768931
083000960506183042000005300070000050600830124010000003007500431800300000031406007,183742965596183742724965318372614859659837124418259673967528431845371296231496587
600007000008039000000156000301000070002300500900742803037004080006001437010603952,653827149128439765749156328381965274472318596965742813237594681596281437814673952
630007000100900030080000270001004320204300009893602400000409000000260793010008600,632587914147926538985143276561894327274315869893672451726439185458261793319758642
057046001000572408940100070704200600300050000060004010020063004003005709070010000,857946231136572498942138576794281653381657942265394817529763184413825769678419325
040100003700200601503000900005000000924610300000050400080560030301000004059070000,642189753798235641513746928835492167924617385176853492487561239361928574259374816
000000200060003740407086509000005090005630000610940000098007450700590082300800017,531479268869253741427186539284715693975638124613942875198327456746591382352864917
000050040017200000004190500000000901031009008059001000400060010000080030000000680,928756143517234896364198527642873951731549268859621374485362719176985432293417685
000409020090030000800002039030900840046080050000000900005000080000005090000720600,613479528592138476874562139231956847946387251758241963125693784467815392389724615
000001900900274056600000040000000002007040100500010389400060200200030610016020500,784651923931274856625983741163895472897342165542716389458169237279538614316427598
400070000700002060000000004000007000080020307107060059500040000600283400800000702,453876921718492563269135874325917648986524317147368259532749186671283495894651732
501029000400070109769481050000050000090710004000040061900200000050800000846130000,581329476423576189769481352174653298698712534235948761917265843352894617846137925
502060000000040002000500839690103040004900081350284006009730008800405000005600000,582369174913847652476521839698173245724956381351284796149732568867415923235698417
300090007000600000801000060020004006010200300000958020600180000980000605000507480,356891247274635891891742563528314976419276358763958124645189732987423615132567489
006500000020008000010000000907051034040009000501000000159067042600002050200415000,796524318425138769813796425967851234342679581581243697159367842674982153238415976
967005024000000053005900708000784000840003007000200040000450001598076032000320570,967835124182647953435912768251784396849563217376291845723459681598176432614328579
009600005358000067001000009000094650900000030504800012097501020603000001010706000,429673185358419267761258349172394658986125734534867912897531426643982571215746893
100006000002000000000000010203000000007301000908002350070460500620107804090200700,139526478782914635546873912263758149457391286918642357871469523625137894394285761
008060000350200409000000620002603000790800040000009008164000005009000132005780000,928364517356217489417598623582643791791825346643179258164932875879456132235781964
940000200080002006302009000010007025090320000000001780205004960000090000060003000,946718253781532496352649178614987325897325614523461789235874961478196532169253847
070400500000580009345009070006070293000956000700100600103600740004700300007005980,978431526621587439345269178516874293432956817789123654153698742894712365267345981
600802000090004580008501009060000028000000057074005601030000004000150006000000010,657892143391674582428531769569713428213486957874925631135267894942158376786349215
500910000020080300839050000000001600005072940003400000007100000000700030401500070,576913284124687359839254167748391625615872943293465718357128496982746531461539872
020608100070000000090000006762300908510067430000020000081506074007000300004701000,423678195176952843895413726762345918519867432348129567981536274657294381234781659
070820190900000040208004030040006209027080014000201503700002000162000050400000000,674823195913765842258194736341576289527389614896241573735912468162438957489657321
000750000200090040083612005000080500500041007608500012006100000901000000045000761,169754823257398146483612975714286539532941687698573412876135294921467358345829761
000387200732040008004210537047002150000030000005091002000108400000900760001600003,156387294732549618984216537347862159219435876865791342693178425428953761571624983
400000056300265001000090803060508030802100045040002080070901000600080000200300710,427813956389265471156794823761548239832179645945632187574921368613487592298356714
032946070800010400050080063000530001390204080000000300008000000670000800049000007,132946578867315492954782163726538941391264785485179326518697234673421859249853617
000000000083794000012608700809007000360020100001060007900000000200000300105402068,794251836683794512512638749829147653367825194451369287976583421248916375135472968
000001000804000000000008020080034000045180069007500040700006500000752004400910002,972361485814275936563498721189634257245187369637529148721846593398752614456913872
310586000000000081402001006000200049090407102260000000500040000048000705620900008,319586274756324981482791356137268549895437162264159837571842693948613725623975418
000040090500710000000003054900035001854170009000204075480027906690000000000650208,361548792549712683278963154927835461854176329136294875485327916692481537713659248
009065001000900305560000009000074080470302000008050000056000004000020690082000700,839765241721948365564213879693174582475382916218659437956837124347521698182496753
200300009000005340054000170800000020000000004100000003005020630600001000080903250,261347589798615342354892176876134925539286714142759863915428637623571498487963251
070000006600000000300560000820607010006005200534200097060800009090000008100000032,971324856658719324342568971829637415716945283534281697267853149493172568185496732
000005400601400095400000016080104673000086204000352089200507000074000500000001000,937615428621478395458923716582194673319786254746352189293547861174869532865231947
090402607000090500000815900000009800203540009079120360008000290006000030100003480,895432617431697528762815943614379852283546179579128364358764291946281735127953486
600000004000030090000040000300050007400302010500704200105076002800000170720010000,658291734241537698937648521382159467476382915519764283195876342863425179724913856
502360471100200080400700000013080260000030058000610309020006000050004006000503000,592368471137249685468751923913485267246937158785612349829176534351824796674593812
010000903254830061937600020000005087002970005000008002000080230708000050043000070,816752943254839761937641528169425387482973615375168492691587234728394156543216879
090627030000030009070000042060040178001070005287501090000010007706904010039700400,894627531512438769673195842965243178341879625287561394428316957756984213139752486
005003010000000000001007000608072300040309805503800107376005090100000000000000501,825963714739481256461257983618572349247319865593846127376125498154798632982634571
690012000800000007001085000040008020260070890058090730000620070012040050006150082,697312548835964217421785369749538621263471895158296734584629173312847956976153482
040000097200009004000000006400650009087020300530000200102400000000790002700200050,843562197276189534915347826421653789687921345539874261152436978368795412794218653
400050008000000910803000562080010000010207090709080000005300620000162000000740080,421659378657823914893471562286914753514237896739586241145398627978162435362745189
840296030070100089000007650000080060000020048684300000000000006000008020000000000,845296731276153489193847652352984167917625348684371295439512876561738924728469513
800001000000008400010532600640000300130054700700000506400800100000005060500000900,867941253352768419914532678645287391139654782728319546496873125273195864581426937
800794005571000049400005807008200960090070000005000002007060000900100006056409070,823794615571826349469315827718253964294678153635941782387562491942187536156439278
090006500050000004042000300000382410400501097060074053200800630600100040900045082,798436521356218974142759368579382416423561897861974253214897635685123749937645182
000700400000200008096003200600010902019072080004930060085009000960300000430060029,523781496147296358896453271678514932319672584254938167785129643962347815431865729
000000109000000080000090507410000050000000000700012000906175420007604895034000070,873256149695741382241893567412369758369587214758412936986175423127634895534928671
072006509000000000004900020007509000001000008000004700608102907900700000000093080,172386549396425871584971623867539214451267398239814765648152937923748156715693482
000006891004308007000050000000003000025804009783000045200000050670000002308920764,537246891964318527812759436496573218125864379783192645249687153671435982358921764
400000578803200160650070000700000005000000040580400003068720390900080026007900800,429631578873254169651879432714362985392518647586497213168725394945183726237946851
053010920090320010170040030004802100010037860008069000007000001049080050081000400,853716924496325718172948635364852179915437862728169543537694281649281357281573496
008300000007582900050100800571000490900000018000000570025000001100600250006000000,298347165617582934453169827571836492964725318832914576725493681149678253386251749
800090050000516030000003040000680000763045980000030600200900060000000000100002807,832794156947516238615823749521689374763145982489237615278951463396478521154362897
807000000500400000360207000000000700070009000205070093032000107000001039000030640,827513964519468372364297518698324751173859426245176893932645187456781239781932645
071060000000000030050009000004050082100090605000400309080710200015020867790608450,871563924249187536653249178964351782137892645528476319486715293315924867792638451
000000006096000000501230480600070000000924007000603000000090102000042000200060005,432189756896457213571236489649578321153924867728613594367895142915342678284761935
060000005050803200010074380000000710106000043035700000680420030090007028020000050,368192475457863291912574386849356712176289543235741869681425937594637128723918654
654702000000089600030400070029043016460500028010000003001000060040000000000904000,654712389172389654938456271729843516463591728815627943391278465246135897587964132
047060803509003207000000000600100050900000004400208376700380090080000721000007630,247965813569813247813742569638174952972536184451298376726381495384659721195427638
300000900006809400010500268720000040100006070640003000500301004001080000009000003,387642951256819437914537268723158649198426375645793182562371894431985726879264513
008060005500000020071045000084000000706013200152094063007050001800100900000030070,438762195569381427271945638384276519796513284152894763927658341843127956615439872
702001003009050000008020046201000900360095004490002000503000000004003000900504070,752641893649358127138729546281476935367195284495832761523967418874213659916584372
035400080008030000000580030004090107076300900900670803080000601160000090000004000,235416789648739512791582436354298167876341925912675843487923651163857294529164378
063058190080030504000010000970301000648795000010060000006000409020080000800003652,463258197781639524259417368975321846648795231312864975136572489524986713897143652
700860090095401672000000840900000300000796010570180924008200000020300400010005000,743862195895431672162957843981524367234796518576183924458219736629378451317645289
040000200080900000010200054908000040450890160261070300006700400090020000807006931,345617289782945613619238754978361542453892167261574398136789425594123876827456931
008000003602901005000800260000000001800100390410093002000400000701008030260300058,948625713672931845135874269329586471857142396416793582583469127791258634264317958
006079000700000861045000079007004006054000000060580000470000915528090000000040080,186379452739452861245618379817934526354267198962581734473826915528193647691745283
600002000009810000100407206001200008000380010000079000790500000060091825010000007,657932481249816573183457296971264358426385719835179642798523164364791825512648937
000008201000000400080620037068030100000007020004000076071040053400700900092150784,346578291257319468189624537768235149913467825524891376871942653435786912692153784
176940823902000000300000496805029070460007050721000008090060005000000009013000080,176945823942638517358712496835129674469387251721456938297863145584271369613594782
700098460089002300600700892070400001008000000060000000806005009007029080000874106,721398465489562317635741892973486251258917643164253978846135729317629584592874136
307060080000000000408300095000006001009074350000010000580642019204000008600705020,357961284962458137418327695735296841129874356846513972583642719274139568691785423
025010000008070000900604120000500301601000280853900076006100050500040000010060800,425318967168279543937654128742586391691437285853921476386192754579843612214765839
590040000300000000204000006730800014026700005010003782040097000000000007900405801,597346128361582479284971536735829614826714395419653782648197253153268947972435861
000000500070640080000308000090000430081200650004000000000480300923006800600020915,836971524579642183412358796295167438781234659364895271157489362923516847648723915
000000000058420070300070005200000000000008257005000000070905004063017590091046000,647589312158423976329671485216754839934168257785392641872935164463217598591846723
002000100005400000006050400870000000000800074090010360420100030000500700017000849,742389156935461287186257493873946512651832974294715368429178635368594721517623849
080105000000700310741008020000050480000000000068000901000300000000000060830410275,683125794592764318741938526917653482254891637368247951125376849479582163836419275
200130400000000008000600003900300060107564009060890030795000040000410005410000090,279138456346925718851647923982371564137564289564892137795283641628419375413756892
000056280060081704008000090000009003600000000095002007006023008273000000000605400,437956281962381754158247396784519623621738549395462817546123978273894165819675432
040086590006930100000072460600000005504060070009207340973000012000000000000000030,742186593856934127391572468637491285524368971189257346973645812418723659265819734
600000007290000081000060000005700020000000710016205840581006300000500108003000000,638419257294357681157862439845731926329684715716295843581926374462573198973148562
008000000000000019901030050800607001609040000047001290032000004090018000704000005,458179632273856419961234857825697341619342578347581296132765984596418723784923165
000500039000130000300987146004000052007300000038401097002865003090000200000203500,861542739749136825325987146914678352657329481238451697472865913593714268186293574
000026587009500000000100002000005671060002045000000020300010004600350010008700053,143926587289547136576183492892435671761892345435671829357218964624359718918764253
000600000048000050010000708794530200620000400500006000002095034400003800039002507,275689341348271659916354728794538216623917485581426973862795134457163892139842567
060500003070360025003704080097625410000900062206008097000000000042003859009000000,961582743874361925523794681397625418418937562256418397785249136642173859139856274
000005000009007400403600005005000009640900300090008600800000506000103807000000042,168495723259837461473621985785364219641952378392718654814279536526143897937586142
400001030305000700000700010500000890000002050702003106000076480670000020154200000,427681935315429768896735214563147892941862357782953146239576481678314529154298673
305928000000500000400000200150096408000000520020054913801060300064310702000800000,315928647296547831487631295153296478749183526628754913871462359964315782532879164
000031070050408000306007104000049800830760000004015230048500601070000080502080043,429631578157498362386257194265349817831762459794815236948573621673124985512986743
009037000000080100400090087020000001000170603010009020961000000070000009302008050,189437562237586194456291387623845971895172643714369825961754238578623419342918756
801006400073000906006100000529070004038054160000003500007030641605700000000060700,891326475273845916456197328529671834738954162164283597987532641645719283312468759
000806702100700649276000030000000096064100300037200400000627100750008200620010070,495836712183752649276941835812473596564189327937265481349627158751398264628514973
000059000309087000758000010072001803493600100001300070080030001034006000000010000,246159738319287456758463219572941863493678125861325974987532641134796582625814397
530780000000002070007500800050400030000070000769005184605000400900006000400050020,536784219148692375297513846852461937314879562769235184675328491923146758481957623
030175062000000000000060000058020390903500020060039001500217009300850000000003250,439175862625948173871362945158726394943581726267439581586217439392854617714693258
800527000060180732004000008000000004050040809000700020040906080080402007607030240,813527496569184732724369158976258314251643879438791625142976583385412967697835241
092470806000000094000900072005000010009000008038000005003100507081009200570820000,392471856817265394456938172245387619769512438138694725923146587681759243574823961
916804720784003000300670080040080300590007000130500070000020000200700040000000000,916854723784293615325671489647982351598317264132546978869425137251739846473168592
000567040000091700756000910008200000603400571000030682840003000060000030000000020,931567248284391756756842913518276394623489571497135682845723169162954837379618425
070000080000709654060010320000061005010070000908000010004050961000100040090240000,475623189123789654869514327347861295612975438958432716284357961736198542591246873
050342900003000005012097400047008000001005700200000531008700009104650000900200100,756342918493861275812597463547138692361925784289476531628714359134659827975283146
708050000000400000200370000000200500050100020020805070000600003340789000000004002,738956214516428937294371856687293541459167328123845679875612493342789165961534782
004080100072519040010607092090000210005001904401090005006004050509100026000006400,954382167672519843318647592793465218865721934421893675286934751549178326137256489
500017403000008500601000000265000300003842150800563709000000800000000000950080602,582917463349628571671435298265791384793842156814563729436259817128376945957184632
000580903005010260870306100901000407032108600600003010000032000500001709020059000,216584973345917268879326154981265437432178695657493812798632541563841729124759386
073005800605438002980600100050000018701000040008010000006070000892560437000080500,273195864615438792984627153359742618761853249428916375536274981892561437147389526
002000619080700005640092080800000000100030850005610904500106300206405100008029007,752843619983761425641592783864957231179234856325618974597186342236475198418329567
100700000304000007000000009000100078500800000807390125071500000000000001090210006,159728364384965217762431589923154678516872493847396125671549832235687941498213756
000008602070162005063059004107004000800930400504000720602070100005800000009000560,951348672478162395263759814137524986826937451594681723682475139315896247749213568
000600584000800179007000000200300007094000205300000010730009001001000000000008003,129673584463852179587491362216385497894716235375924816738549621641237958952168743
600007004009854001400000050761000009032010000000602308320700985590080140100900003,615327894279854631483196752761438529832519467954672318326741985597283146148965273
623180970510004200000300100000608590056270081300000006000000019100007050002051040,623185974519764238478392165247618593956273481381549726735426819194837652862951347
206015080580060000001027000400000000000000206960040100004003098029000405835006000,246315987587964312391827564452631879173589246968742153714253698629178435835496721
850003200003000900700002040009700500000129008102530009008210054416090800205000000,854963271623471985791852346349786512567129438182534769938217654416395827275648193
000000090000405200300607000502009008090802005000000000054001000106073500209000000,465128793971435286328697451542719368693842175817356942754261839186973524239584617
000070810000003000403000670710030000249000030030000020084600001000300700007005384,692574813871263549453981672718432965249856137536719428384697251125348796967125384
000000060000086500670000000000008000968472000010093080050000710700000040380004925,834257169129386574675941832543618297968472351217593486456829713792135648381764925
568102000090040600417000080100380700009005012030401098080004106000008000970000800,568132947293847651417956283125389764849765312736421598382594176651278439974613825
209000004531020760740005020167000095000010600020906407014600500000041000308000046,289167354531824769746395821167483295495712683823956417914638572672541938358279146
000620000030087400000000070006050100503008000000060000000030601014270950680015307,745621839932587416861943572496752183523198764178364295257839641314276958689415327
000920700016008250000015000000080001670000008000206907890100300060850100100009000,458923716316478259927615843239587461674391528581246937895164372763852194142739685
604900020000000000980521000000100004708005060000060980400009002002006003100052698,674983125521647839983521476269178354748395261315264987456839712892716543137452698
200400609000000000904000000060004007031907426700020350005600000000003060090000000,253418679687239514914765283562384197831957426749126358375691842428573961196842735
000000008000040070080000000300094001021300000640107000000020000006435092200010004,562973148193842675784561923375294861921386457648157239439728516816435792257619384
300070200710030408200000600601000003479580106500006700003800000960005800042090060,386479251715632498294158637621947583479583126538216749153864972967325814842791365
000100080019008270020300190156004830000000040090030010000705000000003050000640000,437192586519468273628357194156274839783519642294836715942785361861923457375641928
000009030003700000005368002020003100000004503000050600690500201800100000751000006,286419735413725869975368412529683174168274593347951628694537281832146957751892346
200000030000028000000700092000200000000483200402071903800605000000040001000007500,256194837749328156138756492315269748697483215482571963824615379573942681961837524
046120008200403007308500002085000000032000690907005800009056140014030070000000500,746129358251483967398567412185692734432871695967345821879256143514938276623714589
270060458000000072004302006032000060000020800007000241006500020705009604028000010,273961458691485372584372196132854967469127835857693241946518723715239684328746519
978001020000000000000000080000030600601098030009607150896004013000000009050000000,978461325132985476465273981587132694641598732329647158896754213713826549254319867
850060192300000000906810000073000020000030600190620380730040060085070000000301004,857463192312957846946812573673198425528734619194625387731549268485276931269381754
245390008038056000000007500000800006003600007659000000564008000300070080000560309,245391768738256194916487523471825936823619457659743812564938271392174685187562349
020038059900206800000000406000720000004193500750000910208600105007300000061082307,126438759945276831873519426319725684684193572752864913238647195497351268561982347
001830009057009003090607500000000000000081290902004000000903400003450980000020075,261835749857249613394617528716592834435781296982364157528973461173456982649128375
015480000000150000040000008900020400004090001801007006086000500003000000002008070,215489367738156924649732158967821435324695781851347296186973542573264819492518673
703000004290080706604009003000000081000040020000000007310460970405930100006057000,753621894291384756684579213542793681137846529869215347318462975475938162926157438
409381620061420080080000000010698230000000000890013060100800002000000400076042810,459381627361427589287965341715698234632754198894213765143876952528139476976542813
840705009670013500000406817010308402004001983080000061000000000000000305000007000,841725639679813524325496817917368452564271983283549761138954276796182345452637198
109420000000008003023067001010306049090040360436709000000630100300000020007900600,159423786674198253823567491712386549598241367436759812985632174361874925247915638
009000200040000009006020030005400720702000040003000090000031964001000087004000000,539847216248316579176925438965483721782159643413672895827531964651294387394768152
000000500007501000600270000800000400950006371400005006700050194100400000000000700,219364587387591642645278913861732459952846371473915826728653194196487235534129768
072801009060250070000473020000046580645008090001020740008600200200380900000510000,572861439463259871189473625927146583645738192831925746358697214216384957794512368
017000004200070083050009760020000090006080005705010040400308050300095406560027000,617853924294671583853249761128534697946782135735916842471368259382195476569427318
009604000408007090003000004840020769201076040000905200680050030130069005004000000,519634827428517396763298154845123769291876543376945218687452931132769485954381672
100350000400020517000000000900075040307100009201934000000640020810002070000003004,172359486493826517586417932968275341347168259251934768739641825814592673625783194
240906000930000046685010070020000690000049500000008300500800403000600050006000089,247986135931572846685413972724351698863249517159768324512897463398624751476135289
460290078000500090900460005090005700850700002000000000020080300304000006670004000,465293178238571694917468235192645783853719462746832951529186347384927516671354829
000009080000000403008040190003002000402907000059061802100006358000000004000004060,347129586591678423268543197613852749482937615759461832124796358836215974975384261
000007000000460200000510000002108000000623017000700000000206150305001602006340790,421837965537469281698512374742198536859623417163754829974286153385971642216345798
001009007070800105023100000002050830000912000000004000010048003007030002050000700,581469327476823195923175468142657839638912574795384216219748653867531942354296781
000000090200000000090000200906008000050016070000500008740009850080140000623007000,368275491274981365195364287936728514852416973417593628741639852589142736623857149
000000080682970000010864000000300070800007000347080000108000050000000368000000010,974123685682975143513864927256319874891457236347286591168732459729541368435698712
120830500080060000304020801030001200205000007001400089000015006000000050750300098,129837564587164932364529871938671245245983617671452389893715426416298753752346198
964000008070900040230100090000000003000002800000000900021046009086000005790000000,964257138178963542235184697852691473319472856647835921521746389486329715793518264
900800500000006080600000000040300000009100840000740009000900000192408000480020005,923817564574236981618594732241389657759162843836745219365971428192458376487623195
100060700702000000040000000200006000503000002000320981004671000000548060000290007,135862794792154836648937215289716453513489672476325981954671328327548169861293547
900008106057000208310020004000004620060000050295000000006802310732009040189030000,924358176657941238318726594873594621461283957295617483546872319732169845189435762
056003001000500600009106000500700000070089000010300702930860257020000100000001000,756493821142578639389126475594712368273689514618345792931864257825937146467251983
030000095048005100000200000000003008200457030500000000400070080006324007097000204,632148795948735162175296843714963528289457631563812479421579386856324917397681254
100000723060000005750000000000700009620000300500038160080000200200001034003006000,198645723362187495754329681831762549629514378547938162985473216276851934413296857
080000600001360000020085400000500091097400305003920000000004930000000000002000040,385742619741369258926185473264538791897416325153927864518674932479253186632891547
800000050601007000700000000000700080084061902076280000150830600000000035090600000,829316457631457829745928163512794386384561972976283541157832694468179235293645718
000023000015800207000007009230010070600378920091050300120740000000081743007006050,976523418315894267482167539238419675654378921791652384123745896569281743847936152
030200800008705100950840060060000004000000002000000009000050001197000500540301970,734216895628795143951843267265139784819674352473582619386957421197428536542361978
000037060034009102270000305100073000097042000000008000000080400060001009080090000,518237964634859172279164385156973248897642513342518697925786431763421859481395726
009500600000003080080207004097800030400750060060104070006400050000390216023005000,749581623652943781381267594197826435438759162265134978816472359574398216923615847
090006480000001300104500062000003098008910000905080103006852930200000000783009040,597326481862741359134598762641273598328915674975684123416852937259437816783169245
000000400000007000700002600020001587000824060000700204000000003341079000000130000,612385479839467152754912638423691587597824361168753294985246713341579826276138945
289000060003006520006400000801090040000000006070000000000000002328000950090004108,289573461743816529156429387861397245435182796972645813514938672328761954697254138
300000642074002050620001700000020030030005900009713000007050068040000000060097025,315978642974632851628541793186429537732865914459713286297354168541286379863197425
821900005040016000790005804007020503000000900209050000000002001002000000010704300,821947635543816279796235814167429583354178962289653147978362451432581796615794328
910000087000000000000017403100070034400150670600400159000200391090300040300090800,914623587723548916568917423159876234432159678687432159875264391296381745341795862
052014300100003000000058009018420905945000003200000000500102000721040000039567201,852914367194673852673258419318426975945781623267395148586132794721849536439567281
000000010003001490000800073205300000608000000700085000057030009001009040964000700,476953218583271496192846573215397684638124957749685321857432169321769845964518732
006409081910720050000000009000000030009302010000041005800003002001060800302080067,236459781914728356785136429178695234549372618623841975867913542451267893392584167
008001900000083050053420800080705104502010000007260509800006005009300460600800000,268571943491683752753429816986735124542918637317264589834196275179352468625847391
095000000040600000070250000980000100000104000416000000860407001100906080000000900,695743218241689375378251649982375164537164892416892753869437521153926487724518936
900000000170950000002000005600000800009406010000700000310269007794000600000300000,985647231173952468462813975637125894859436712241798356318269547794581623526374189
090510200530207008020090000000300020000972500052000000005038062600729001089000030,896513274531247698427896315974385126168972543352164789715438962643729851289651437
026000054078000090090000800002000000950000002000400589030100968009065300007000000,326918754578642193491357826862539471954781632713426589235174968189265347647893215
000802006080000000400057020003708004800010000521006080309000005058004002004530000,715892436982463571436157928693728154847915263521346789379281645158674392264539817
003400009000080054960050003008001060600000020400025000000090105700000006830000000,583476219172389654964152783328941567659738421417625398246897135795213846831564972
003670004060000305000000009006748500020100000180500790002057000040902000098000200,853679124269481375471235689936748512725196438184523796612857943347962851598314267
904020617270000090000089540300068054000000760106057023500070080060090035020005000,984523617275416398613789542397268154852341769146957823539172486761894235428635971
390021008006900357700003900000010090000300040900000005400006000500080602069070034,395721468216948357748653921674815293152397846983264175421536789537489612869172534
001050049002390086980040001020610030000035200000000960007160403104000008000400090,761852349542391786983746521429617835876935214315284967297168453134529678658473192
000000003040000000003002104000100000000420905902057438004000581000004000200015040,726941853541873692893562174458139267637428915912657438374296581165784329289315746
000300070530067002006010038000030006003070050070600040960083010000009000300040000,248395671531867492796214538485931726623478159179652843964783215857129364312546987
024385009590060000308001007003640080807139620602070000000007090206003000000456000,724385169591764238368921457913642785857139624642578913435217896276893541189456372
026840700071600030059320400685000074000500028010408600500200060004705009000100500,326841795471659832859327416685932174743516928912478653597284361134765289268193547
002800905010005874800904201001069500003580097050040026004000780080000000006000012,642871935319625874875934261721369548463582197958147326194256783287413659536798412
053020001000050060700030200472800610190002700085601000007964000001083540004000000,653429871219758364748136259472895613196342785385671492537964128961283547824517936
930800000007409003600032000092040500060000090000090000009370020003100945000005007,935817462827469153614532879792648531368251794541793286159374628273186945486925317
950000008000000001240030097000380104000000023830000005410203700000604002309000000,953721648768549231241836597695382174174965823832417965416253789587694312329178456
003000040710493002400000000060205017020000000901806300002759036500080200000002050,293567148718493562456128793864235917325971684971846325182759436539684271647312859
020000608000000000000102709800006007060801000702050000090300001200500090030008506,124793658973685142658142739845236917369871425712459863597364281286517394431928576
030600052280530000060002908000008070004006083300050090070190000042875310000000007,439681752287539164561742938196328475754916283328457691873194526642875319915263847
200060000010302700370040900481200603000000008062403105600001020500800009000004000,249768531815392764376145982481259673953617248762483195698531427524876319137924856
000000010040600238009800400091060004076000080400900703008240000020080600000100000,687432915145679238239851476891367524376524189452918763918246357524783691763195842
000610920009000804720009130281006000367204001504000000400067005900001000176000000,843615927619372854725489136281756349367294581594138762438967215952841673176523498
200380005000060009000010806016002000090001000000673951000030600000500030603700502,264389175185467329739215846516942783397851264428673951852134697971526438643798512
017000006300012070280056400632048007040097002008000300000000763700000004100070800,417839256365412978289756431632548197541397682978261345894125763726983514153674829
200084005570026300040070010005290038000400070790008001000800100000709006000600890,239184765571926384648573219415297638386451972792368541967842153853719426124635897
890000000700003080056082100000600090005820001269000045900170408040038020000000610,894751236712963584356482179187645392435829761269317845923176458641538927578294613
080005600020010000005002419000040930704900062000030740000080301140509000056000004,481395627629417583375862419512746938734958162968231745297684351143529876856173294
000300000000040090090100205800900506000000920009002000070000639240000710008703400,512397864786245391394186275827931546651874923439652187175428639243569718968713452
002000100000020600190006280008300060006209003039000000000000040900600308000041006,862974135375128694194536287528317469416289573739465821651893742947652318283741956
000000109000031208001000005027403956608207014040006800000060002000000481000000603,276845139459731268381629745127483956698257314543916827934168572765392481812574693
000000601290000000000020000060000158000008090008130240000014760000900430024060800,485793621296841573731526984369472158142658397578139246853214769617985432924367815
020100004040000870380000260210900006000000100907800400000010040002050007500094000,726183954149526873385479261218945736654732198937861425863217549492658317571394682
000030050030000000050718000000802000700094010020070080000107006806403000040900030,184236957637549821952718463413852679768394512529671384395187246876423195241965738
000020030009000046060749100792800010600400000104057000940000000830004020200000000,417625839529318746368749152792863415653491278184257963945132687836974521271586394
100002090000003070670980205200800500000005007000619008020076100016028000030090602,148752396592463871673981245269847513481235967357619428824576139916328754735194682
009010000020004600106837000600000300000300000030060920010000003902003168000000000,859216734723954681146837259685492317291375846437168925518629473972543168364781592
007000300000203000003006005000004020000030950200007800300015680010008000800009001,987541362165273498423986175658194723741832956239657814392415687514768239876329541
001020000700005000030016000610398000327501006059207014000000700000000800000604200,581429637746835129932716458614398572327541986859267314265983741493172865178654293
040059800003180600020307504000400000210030006000000001781506300602900050405023160,146259873573184692829367514968412735214735986357698241781546329632971458495823167
000000000421060000009107485008040019010009040504002003180000000050004701000030050,875493162421568937639127485768345219213679548594812673187956324356284791942731856
000400106500100804140000000000800460804020001029014308060900500971060203480030010,798452136536179824142683975317895462854326791629714358263941587971568243485237619
000370000009000007070026000006180402002000700080230000201000005000018003030000001,825374619469851327173926584956187432312469758784235196241793865597618243638542971
079001386080000790620000100900050007000014000005060008090000623310090000050080040,579421386481536792623879154962358417738214569145967238897145623314692875256783941
063001590000008040000600000000000056079000000000900000050300870000506400340000265,763241598215798643984653127428137956179465382536982714652314879897526431341879265
062003008008000000170086309600000000000065001015007206000000800400000095090804072,562493718938721564174586329629318457743265981815947236256179843487632195391854672
084001390091403000023000014200900000000024900908000650850340000009010000002075089,684251397791483526523796814275968143316524978948137652857349261469812735132675489
017000000000709004032400006000060002506020003200308060003001000059800001100602007,417236589865719324932485176394567812586124793271398465723941658659873241148652937
050008000600054079000100080810009040090002800000001005709620008400010050160403000,951378624683254179247196583816539247594762831372841965739625418428917356165483792
390001080050030096061000000000048007080000900006050010847095620609007800500820000,392761584758234196461589372935148267184672935276953418847395621629417853513826749
072405010005670048000302070500000082080027000060854000006240093800000000300501867,972485316135679248648312975597136482483927651261854739716248593859763124324591867
000010000890000000140000900080000000000682009020395000900100000700046590002800400,253918647897564123146723958389471265475682319621395784964157832738246591512839476
000030000003016005600008090000000920080000050402500803000000100009000507000675230,528439671973216485614758392735184926186392754492567813257943168369821547841675239
027000306605000004001062075300275000060000020502609030093800400000020103000704090,927548316635197284481362975318275649769483521542619738293851467874926153156734892
250700036000000259600050800007080000020107000500200000000030120130020090000870000,251798436873614259649352871317985642924167583568243917786539124135426798492871365
400005083003978010800400000900000860608002100000080000300700050100004076700056030,469215783253978614871463529942137865638542197517689342396721458185394276724856931
400532000090068700308971050000010600900040015000290000170603500800000060000000000,417532896295468731368971452724315689936847215581296347179683524842759163653124978
040030000060040037703809045508000002076900180100028756029087560400000300080000000,845732619962145837713869245538671492276954183194328756329487561451296378687513924
000000720790002060004000090002007800040000900010040600000081030000630200450020080,635894721791352468284176395362917854847563912519248673926481537178635249453729186
006000020038070054005060890389040076000000008100008009900000067800000000640017082,496853721238971654715264893389145276527396418164728539951482367872639145643517982
019035080000007009573000000130000600004703921000508003000450807000000000690000000,419635782286147539573289164137924658854763921962518473321456897745892316698371245
032746080050309000000200000400600050005000016003050000000800590000000020000520700,132746985758319462649285137471638259825974316963152874214867593587493621396521748
027910006400000000000007500018402060200500804000000090080000007001009082700086900,827915436435628719196347528918472365263591874574863291689234157341759682752186943
001000009054089000009572104175306000003018056800040000006800401000000000300000090,781634529254189763639572184175326948493718256862945317526893471918457632347261895
090768000000200065300000800040870020000300007782510600000090051034080000901600700,295768413478231965316945872143876529659324187782519634867492351534187296921653748
050000900100000000040008670005027000000051000200060000301470096574093082029005400,857216943136749258942538671415327869768951324293864715381472596574693182629185437
006000050014090000080004010060508040000010060150240078200060030030452807805000000,326781459714695283589324716962578341478913562153246978247869135631452897895137624
810600000006100002230070006000060700000490520000000600009257008020006000708000005,814632957976185432235974816192563784687491523453728691369257148521846379748319265
730092000860750000200060100300040900600230000050600201080000400006000009923007050,735192684861754392294863175312548967679231548458679231587926413146385729923417856
800050049004819500510300080025100370760095400100000000450900231080000000001000000,832657149674819523519324687925148376763295418148763952457986231286531794391472865
504000030107004005893160000300790004902000000746000200600080023030000000008000000,564278931127934865893165742385792614912546387746813259679481523231657498458329176
006094300308621000240030089704150006050000000800079000405906807000700100000002000,576894312398621745241537689724158936159263478863479251435916827982745163617382594
031040000000000312050630009005020000000009000060000003390782000000090738000100200,931248567486975312257631849845326971723419685169857423394782156612594738578163294
005600100341007890007009450400090028100500670000406000500903200003800040000105063,925684137341257896867319452456791328139528674782436519574963281613872945298145763
609120408008009205120000907002040090016000304040906050000001509500000040060590000,679125438438679215125384967852743691916258374347916852783461529591832746264597183
050067890000852000280090567400005000005601200002400051100940705098000006000008000,354167892769852143281394567416235978975681234832479651123946785598723416647518329
002003150640000000500790804000060308080200000060809000200176900094000620300004705,872643159649581237531792864927465318185237496463819572258176943794358621316924785
000000420027004603640030800008000001130006045000000300250087006001049578780000034,913568427827194653645732819598423761132876945476951382254387196361249578789615234
023640000000501208084002000210800000306900082000006700400000837030400060068310029,123648975697531248584792316219873654376954182845126793451269837932487561768315429
003000000100064200740020008500000700000400000000010300902800000004000832070032900,253178496189564273746329518521983764368457129497216385932841657614795832875632941
500008000410000780700142050008000000000004800070800060000095028805203000000400000,569738214412956783783142659658379142321564897974821365137695428845213976296487531
005300204206518070090604000070090000932700086000000007089000050020000700760040000,815379264246518379397624518674892135932751486158463927489137652521986743763245891
008300270400050016200700804020013900007020400030604100306907020002030000501400700,158346279479258316263791854824513967617829435935674182346987521792135648581462793
015000003000504860402300000000000002000030000040050018960070004058600930100003580,615789243739524861482316795891467352526138479347952618963875124258641937174293586
030000009900030080185409076000100060546980021018070900000007034000315000000040100,432768519967531482185429376729154863546983721318672945651897234274315698893246157
300600500008001000600002070030200094000000305000030001100400806980003102200810030,329647518748351269615982473831265794467198325592734681173429856986573142254816937
940006000600000700000102043000904010004007009000010004080320056300000000490000002,943876125621453798758192643536984217214637589879215364187329456362548971495761832
007090160650008072902000004079803040000004710040001809000002400060500001008436090,437295168651348972982617534179823645825964713346751829793182456264579381518436297
000083007000519042800000901000000000040008306508000004000000028020800090105090460,419283657376519842852647931763421589241958376598376214934165728627834195185792463
100200308058630002002518060569000200000900075001025090000090500600802700005000080,196274358758639412432518967569187234284963175371425896847396521613852749925741683
300600400000005000060000070020008304050970200000320001012000000030002100800003600,385697412471235968269841573627518394153974286948326751712469835536782149894153627
075981302300760891000234000000000620000120053008000017020090104087000000400650080,675981342342765891891234765154379628769128453238546917526893174987412536413657289
609750000400010070001000090070001000102049650000000820000007002000000080900000504,629754318458913276731682495576821943182349657394576821865497132243165789917238564
000070346700506019009040250002084000603710090451000760000100000006407000000000600,125879346734526819869341257972684531683715492451932768347168925296457183518293674
200046000070300200000700069700084600008090040043507800050800403097031026010602900,235946781976318254481725369729184635568293147143567892652879413897431526314652978
800004093090500208002080700000800004980000007000700001506000000130007000708300010,865274193397561248412983756271835964983416527654792831526148379139627485748359612
804010036031060000000000080400782600170046005002000009000800572250670090740025000,824517936931268457567439281495782613173946825682351749316894572258673194749125368
050820000007019005020600090690400507300700000100008300000100050000080004006000100,953824671467319825821675493698432517342751968175968342284193756719586234536247189
060009400902080007057360900000200003009104002001638040034800000008070030705003006,863729451912485367457361928546297813389154672271638549634812795198576234725943186
600001000942086301000000900000000000070043000090002030029060013000008000001059084,635971842942586371187324965413795628276843159598612437829467513754138296361259784
080000030000007049005320817000030901070000400500084000708003000009000006000900020,687149235132857649945326817864532971273691458591784362718263594329475186456918723
063080009720600001009057300074006000500008920000000070090000400000302695050849200,463281759725693841189457362974526138536718924218934576392165487841372695657849213
673190000020600130004003806000030008031060794058900000900006002306204000040009060,673198245825647139194523876769432518231865794458971623917356482386214957542789361
380010506001075300400300901010000600706800005923061000000040053200700000000100000,382914576691275348457386921518437692746829135923561784179648253264753819835192467
067100800000084309380702050620000000100040000405060000003020900002000563740009000,967135824251684379384792156628973415179548632435261798513826947892417563746359281
000120890906450700870390050760910030124083000390000201600040000001079000000000010,543127896916458723872396154765912438124783569398564271659241387231879645487635912
000524000000930274000078509507000306020000000380750100264090810800207400701800000,973524681658931274412678539547182396129463758386759142264395817895217463731846925
260100050908300271000800360000079005006010900000050400701000000604081793000030000,263197854958364271417825369182479635546213987379658412731946528624581793895732146
000503000809010050100804900480930005005478106900050004290000310600000508000000000,742593681869712453153864972486931725325478196971256834298645317637129548514387269
000005900001073540500092080000000005050738460200950700400067008000001059310509074,836415927921873546547692183673124895159738462284956731495267318768341259312589674
400007615100005000036000002004000100620940000700600040060000027005008030907030501,489327615172865394536194872894752163621943758753681249368519427215478936947236581
086500400004000030010000005000090100140008290608000003057000024000000581001050060,386527419574189632219364875732695148145738296698241753857916324963472581421853967
005046023408010600960582700001000000802069350600000000046850900080320060007090500,715946823428713695963582741391475286872169354654238179146857932589321467237694518
027000000000030100800710400000407200346000071209100804080000703050020010600378502,127849365964235187835716429518497236346582971279163854482651793753924618691378542
045070080079240000001500000108000007402700000907000806200600508003002400000900703,345176982879243615621589374168395247432768159957421836214637598793852461586914723
000000809070080240900040000001020000400090080309000002100900000897200013600870020,234157869576389241918642537781526394425793186369418752152934678897265413643871925
000089000203046000608130000000610004000090050006000180701800090000000020380950000,457289613213546978698137542829615734134798256576324189741862395965473821382951467
006090030030000000097080561009000000000006050004009008000000095970000080485067013,546291837138675429297384561759832146813746952624159378362418795971523684485967213
035060020007009360090203100000002709071000005940708013000000031000000000000000400,435167928127589364698243157356412789871936245942758613789624531214375896563891472
000060295001000080009000134000000000700408026000706400300000009000050871000900300,873164295451239687629587134264395718735418926198726453317842569942653871586971342
903250006208400005001600032086010009104000003000060008000006500000100020030740000,973258146268431795541697832386514279194872653725963418419326587657189324832745961
062000370080600020004030008400005000030020000050003000000350090790040000005009043,562184379381697425974532618417865932836921754259473186148356297793248561625719843
000000640070800000580000071000070006057260080030108050005000802001002507000680410,123957648674821935589346271918574326457263189236198754345719862861432597792685413
002500000068037000030002000000000000070000068083000104821706000307009006000003702,412598637968437251735162489254681973179324568683975124821746395347259816596813742
086051000010834600320060008860000000000000040200000050002006000059300007070902365,986251734715834692324769518861495273597623841243187956432576189659318427178942365
008420065002000003005900008690700500000054000041000802710340250350297000820010090,938421765472865913165973428693782541287154639541639872719348256356297184824516397
760009230023704080800235000000046102000803000000001800059008006030600508087000091,765189234123764985894235617378946152512873469946521873459318726231697548687452391
104869750056473010830000009001005000000000000705300820600204000009600100000910604,124869753956473218837521469281795346463182597795346821618234975349657182572918634
703601000004000000600200009800000500000070420000002800096000004500000610030006970,753691248924738156681254739872149563369875421415362897196527384547983612238416975
051003000600000000090100000325076000907081260160009004006940010010837000009000000,851763429673294581294158637325476198947581263168329754786945312512837946439612875
600009001450000002008105030800002000026010000705000016930407008087690300000038095,673829541451376982298145637819562473326714859745983216932457168587691324164238795
530907021024050000106000735040000580000008206000009173005010300403000602210070800,538967421724351968196284735341726589957138246682549173865412397473895612219673854
000300000067500013300001700006003800030795261000000000005412070004800090000050000,581374629267589413349261758956123847438795261712648935895412376174836592623957184
000000010001028060000149208000800003083060070040950100039216045004300620052700800,528637914491528367376149258165872493983461572247953186839216745714385629652794831
001000000000004003003000080000900810008053204640021000006418009010006000000030020,851362947792184563463579182325947816178653294649821375236418759517296438984735621
906280000540039008800060900008006700070000000060000000700600000300501070694070010,936284157541739628827165943258416739473958261169327584715643892382591476694872315
008710065000826000706000080000000403000180006060000000050000000007090604002640000,248713965915826347736954182879562413423189756561437829654371298187295634392648571
900002070800000050002070489040000010000000000080051600000314005100000004490800760,934582176817946352562173489246739518751268943389451627678314295125697834493825761
002007900018009240090000007800040009100096005000058164201004506400025001580100000,652437918718569243394812657865241379143796825927358164271984536439625781586173492
050004000103006400090070058060080000500000200921005840200067080784009560035040000,856924137173856429492173658367482915548691273921735846219567384784319562635248791
605091240420300018019700603008020035060900000002000006046000301000510000001030560,635891247427365918819742653798624135164953782352178496546289371973516824281437569
397000006000010074000050090050170000020000030800000052030060485070021009900035000,397284516586913274241657893653172948724598631819346752132769485475821369968435127
270086000000073201030020700100734859000000100040059023090010430010600902020097000,271586394589473261634921785162734859953268147847159623795812436318645972426397518
036002980428003000009000103000035000900001608003860500090100000310050000067000002,136572984428913765759684123681735249975241638243869571894127356312456897567398412
000000001000017800007000230240080300580002900700001000600070400002600708070003005,395248671426317859817965234249586317581732946763491582658179423132654798974823165
002104006045000003608005104003001000850000300010600092501400000060000000429500000,932184756145267983678395124293751648856942371714638592581473269367829415429516837
243700089705200300000053040130082000502000831000007000068420000001000654007106020,243761589785249316619853742136582497572694831894317265968425173321978654457136928
400068031070090600000317000900050104002000000000039006000743902760000418004106000,429568731371294685685317249936852174542671893817439526158743962763925418294186357
001000000350000060090300100039005782000930000000708091100000006504000938986000007,861597243357124869492386175639415782718932654245768391173849526524671938986253417
000000000000600001006010800007000035403970208002040906074060103508030090000080000,741258369825693741936714852697821435453976218182345976274569183518432697369187524
000085020000640005806002700000406000068000300003200900080000037600023000000000086,714985623932647815856312749295436178468791352173258964589164237647823591321579486
800502300007090528050718690080409000000007450560030079005006000021300700000000030,896542317147693528352718694783459162219867453564231879435976281921385746678124935
014000300000000005900050241090207003002000410400000000000000000060008102000965030,514629378283714965976853241691247583752386419438591627849132756365478192127965834
365090071000006005000050006000300000000500042000001060008045007200108004050000000,365892471789416325142753986827364159613589742594271863938645217276138594451927638
300001560100400090769030001508000000000059782200000050000000000940003008670000020,384291567125476893769835241598627314416359782237148956851762439942513678673984125
084005003390000000271800006000307040000010070740050000017506800000009700032001560,684175293395642187271893456128367945569214378743958612417536829856429731932781564
002510400000000050509402006000050000050090000020000705045967100000000000601004000,362519478714638952589472316137256849458793261926841735245967183873125694691384527
620870000080529603070100000040000835850400000000008014005007389010004500092080000,629873451184529673573146298941762835857431926236958714465217389718394562392685147
760500000030760040000200005050000002070830516000000798007600100000000027080007300,762514983835769241914283675158976432479832516623145798397628154546391827281457369
507084600019000002648000000000000000100370004000000030800400500930060020001507008,527984613319756842648231759253849176196375284784612935872493561935168427461527398
000000570000050021270001640000005130700100400000890760001000000000010084000000010,816924573493657821275381649629475138758136492134892765981743256567219384342568917
420631080608057002010204000050006790000500000090043600004000873000460200105002400,429631587638957142517284936351826794746519328892743615264195873973468251185372469
000630004004790010007010900000906041900500000070001090080040000001800403005103000,159632784324798615867415932538976241912584376476321598683249157291857463745163829
904000000600820030030540029060010080100080092200050100000300801418070060076000204,924736518651829437837541629769412385145683792283957146592364871418275963376198254
260905401501600800000028506100302045000000268000060000620001080810030604000080050,268975431571643892934128576186392745397514268452867319623451987815739624749286153
063500002000830710000940030006000008000600020000400060090080051184000209057200080,863517942249836715715942836426173598971658423538429167692784351184365279357291684
006900040200870000090024000000460309600000180080000405030607000060001894000500603,176953248254876931893124756517468329642395187389712465938647512765231894421589673
010007004900850010370000500709080005000070800000200070000300100001705900000600000,512967384946853217378412596729184635134576829865239471657398142281745963493621758
000270000070105240090068500039806070160347802080000006020080061010729000900000000,541273689678195243392468517239816475165347892487952136723584961816729354954631728
609200847040060300000000000034096070508020100070000900000070400002080700000000009,659231847841765392327948516134896275598427163276153984915672438462389751783514629
100700530704050016000630709003020000600017900001060200200008390000090008380076425,196784532734259816528631749843925167652417983971863254267548391415392678389176425
030089000009200004000003029900700001000004000004800902590007006203060705870090100,432689517789251364615473829958726431327914658164835972591347286243168795876592143
000700000900000045000000000100000053580000700024050000208500006001600032060020518,815742369972863145643195827197486253586231794324957681238519476451678932769324518
020004050030027084057030200302000008000090000010860090001000000000700006000259001,826914753139527684457638219392475168568192347714863592971346825245781936683259471
800000320200000974000041000002000030300716402000020050000600040020070000070438010,864597321215863974937241865642985137358716492791324658189652743423179586576438219
310002650000100007570900010060000123100306075035080406000010000681050940003000760,318472659294165387576938214869547123142396875735281496927614538681753942453829761
030000002002050904894000000020000706500632000180040000000420000247590031000000009,735984162612357984894261357423815796579632418186749523961423875247598631358176249
830006000172490863000080100010800047000049000069071005520000400000950720000100500,834716259172495863956382174215863947387549612469271385521637498643958721798124536
500218704070060208000007000005000080410080000030029401050900000640800070090000000,569218734174563298382497165925174386416385927837629451753946812641832579298751643
004090003000436000390507100020060008943000000607305910078021530200003491100000000,854192763712436859396587124521769348943218675687345912478921536265873491139654287
000510000070009650950007813708060030060050020005000406010040007080005040000690381,832516794471389652956427813798264135364751928125938476219843567683175249547692381
010090385573000000009203001020000009705149623300000007007000030900020056001305208,412796385573814962869253471126537849785149623394682517257968134938421756641375298
825400910000000760010329008092000600400000080560000204054000800630904120009250000,825476913943518762716329458392845671471632589568791234254163897637984125189257346
300000040000000080010008790457090000090520400000040859000605004500100900000030500,386957241975412683214368795457896132891523467632741859729685314563174928148239576
005760200681400700024001000009005002000324070000000065560040020000270051302000900,935768214681452793724931586879615432156324879243897165567149328498273651312586947
300000090040300008008000405009008000060015000800460109601000080000006017000000900,356824791947351268128679435519738642462915873873462159631297584294586317785143926
905000000643500000000040630000921068069875010012064000000450073007203000536007000,975638241643512789128749635754921368369875412812364597281456973497283156536197824
000000300020763005010598004009300400270006513003100700000009001800600940092001007,785214369924763185316598274169375428278946513543182796457829631831657942692431857
207003049649800310000000000000700500810040002005000004004008906300960201006230408,287153649649827315531496827462719583813645792975382164124578936358964271796231458
006043907574010000302006418901008070003000000058302006000000080009600540015000703,186243957574819632392756418921468375763195824458372196647531289839627541215984763
000730180800100007000020600008070000190800000000000008500002009976350000280090000,649735182852164397713928645328579461195846273467213958534682719976351824281497536
370001000124085900000300002000000571613000000000010043001400000009008310040000090,378921465124685937956347182492836571613574829587219643831492756269758314745163298
030000209000309107000000008083000920000800710076013005592000070000500090061900582,738641259254389167619725438183457926425896713976213845592168374847532691361974582
950000000046501928100090000073000065000000000019036000030050806201300009800067200,958624731346571928127893654473982165682415397519736482734259816261348579895167243
050700200000020045020800710005300600000200900000000804000000467000570009000400030,654731298817629345329845716945387621186254973273196854538912467462573189791468532
430087095000000040120000000004005830010030020683000000000040600740650009002000450,436287195975163248128594763294715836517836924683429517859341672741652389362978451
051000020497000006000143700700000000005002000800370000084506107206700009000819060,351697824497258316628143795742981653135462978869375241984526137216734589573819462
001000020402800009803750000008600204020000006000000380007040910385100400009000000,671934825452861739893752641738615294924387156516429387267543918385196472149278563
000003000070009316002004090017200000008000104000000080500307060720400031000000000,195673248874529316362814597417238659938765124256941783541387962729456831683192475
005620080942700006000005324520000000000340600006051003009403007000000030300279460,135624789942738516687195324523967148871342695496851273269413857714586932358279461
400098010059071000080060900010500000000084000740009000620943100000000468000000092,462398517359271684187465923816537249293184756745629831628943175931752468574816392
000000532240105000700002409008000203030501090000308070002400068354006021070210005,961874532243195687785632419418769253637521894529348176192457368354986721876213945
010000400200040089000200761000000000050032090960050000000570038000020000605010200,813967452276145389549283761738691524451732896962854173124579638387426915695318247
206800009700000560000060208007690140091400780540000006000001000000002630085706002,216854379738219564954367218827693145691425783543178926362941857479582631185736492
840060230095003406000009005930850000018300900020017503002600000463000050089001002,841765239295183476376429815937856124518342967624917583152674398463298751789531642
006380000000090728008750000000008056000000000600020407004500072002000000067040900,276381594315694728498752361749138256523476189681925437134569872952817643867243915
001000783000800002900200000402000000010000060000087200130740000008109600095030100,621495783573816492984273516452361879817924365369587241136742958248159637795638124
406090300009460502000000946200380001308009050000040730030057029070004100000906400,426598317719463582853271946247385691368719254591642738634157829972834165185926473
451800000007000000300170000000004000000000000704005003270003008106508097040000050,451839672967452831328176549683794125592381764714625983275963418136548297849217356
700030006000000723613070005200500017570001000301002009409000850100090004807014390,725439186948156723613278945296583417574961238381742569469327851132895674857614392
051040008720000010009001000000180053000007000000000000040910006107008000600205109,351742968724896315869351724476189253583627491912534687245913876197468532638275149
920000004130009050040370910001027590200090000009000001570900283003000000400500600,925186734137249856648375912361427598254891367789653421576914283893762145412538679
300098046640020000000650000201540070000209403498000620504000090070000080000015762,352798146647321859819654237231546978765289413498173625524867391176932584983415762
004000000003084000060005008000801020000700800408900050000020940540600000032018000,854169237793284516261375498675841329319752864428936751186527943547693182932418675
030020687000803090900600043005000400017000050400506019000002100201050030500100000,134925687726843591958617243395281476617394852482576319879432165261758934543169728
740000000020010407000020305480000500000002008002000900000403000000901003501060849,746539182325618497819724365487396521953142678162875934298453716674981253531267849
018039004603000009040176302700401000004000051001000900000600093000300000000900400,218539764673824519945176382729451638864793251531268947457682193196347825382915476
004008700002400080080003000240500178703040090800721006405080901028004300000900802,634258719192467583587193624246539178713846295859721436475382961928614357361975842
006000902005030710000000608750000329920000046008320070000800007817065000640000500,386147952295638714174952638751486329923571846468329175539814267817265493642793581
800940000000007000010208400900000008004000059208000700096500804002800000087006010,823945167465317982719268435931754628674182359258639741196523874342871596587496213
048000000260000400070094300301000904087430051059002706510000000000021000734906010,948763125263518479175294368321675984687439251459182736512847693896321547734956812
070800009008000007350410000924003500800749030700051800607000020003160000000000900,271836459468925317359417682924683571815749236736251894647598123593162748182374965
009030000600790004130600000010900000000000950005000000080019047000020095490000080,759134826628795314134682579213957468867243951945861732586319247371428695492576183
004072000578000030090001067407005090806190740900400000000000200600000370002010089,164372958578649132293851467417285693826193745935467821789534216651928374342716589
012405000090008603807030051530000002020800700700020106000000010903100268000086000,312465987495718623867239451534671892126893745789524136678342519943157268251986374
450900080908010730000804905092008000601000008704000150079050043015000090206080500,453976281968512734127834965592148376631795428784623159879251643315467892246389517
000002100000050304003170500510700020982500000007921080150046800000090000064007200,695432178721658394843179562516784923982563741437921685159246837278395416364817259
000032578003400100700060320000006000308000002004701000400600750610000090000005000,146932578823457169759168324591326847378549612264781935482693751615874293937215486
074200069052480100910056002000805900280000000009372850520090000006040200700000001,874231569652489137913756482437815926285964713169372854521697348396148275748523691
000035007000002500503009601000000390608900000000703000070000008006000750400000036,841635927967182543523479681754861392638924175192753864275396418316248759489517236
659000300302900800000302007000008076900000080008000030796040208000020469400680703,659874321372961845184352697231498576967235184548716932796143258813527469425689713
030049700906830010000056080300601800200070040605000200000503970800710500000000000,538149726926837415147256389394621857281975643675384291412563978869712534753498162
100600903642079100003040000807000094010000800050008010461000050300107409789560000,178652943642379185593841672837216594916435827254798316461923758325187469789564231
000400000400806003207009860890040200070201600150000300063015002540328090008000000,685432971419876523237159864896543217374281659152967348963715482541328796728694135
000102504000005030002090706090001040205000000160450270000000400008507100954010020,679132584481675932532894716897261345245783691163459278716928453328547169954316827
000000906000780002024035007057000001000000000198300620240000000001860005000000000,875214936913786542624935817457629381362148759198357624246593178731862495589471263
300105987000864000000090002000000000000001000000078090000056000800002069620003700,346125987972864135581397642768549213495231876213678594137956428854712369629483751
040000100009015400571084000005000300306001970100000500800009000062457000000023005,648932157239715486571684239495278361326541978187396542853169724962457813714823695
000001200000002006002064031826000910000106780003089000080000170000900360007010000,468351297315792846792864531826473915549126783173589624984635172251947368637218459
470020100910006002852000700560000000304090016020004935000010600098300000045008007,476523189913876542852941763569132874384795216721684935237419658698357421145268397
001000000050070020894000075710500900000700006005009300030006008900020030080000200,271954863653178429894632175718563942329741586465289317132496758947825631586317294
000315694500070200004006100475008300000143000000000000000069001049000503710530400,827315694561974238934826157475298316682143975193657842358469721249781563716532489
000193850051080006930000070060031209000600000013800060320910740100002038080000601,647193852251784396938256174765431289892675413413829567326918745174562938589347621
001600040526034700004008000840201006063000070007003000402780000700002004000009000,981627345526134798374958162849271536263495871157863429412786953795312684638549217
042000000000300800001702004050900006019076000800420005100000040000000700007108009,342869157576314892981752364754983216219576483863421975135297648498635721627148539
297030010300080067080100049079000100002000750506001904000510072100009035700200000,297634518341985267685127349479352186812496753536871924964513872128769435753248691
740230800000704000002800740910400067600087900503900400009670051067009080030000070,741235896856794132392861745918423567624587913573916428489672351167359284235148679
400059061500007000000600830020506000653000000010020500300718609278064000100230470,482359761536187294791642835824596317653871942917423586345718629278964153169235478
009008703000005000003791050070080100000510200000300600300050061000000070051067342,569248713714635928283791456672984135438516297195372684327459861846123579951867342
003100004217000693006000017000000478071000026002040100020013705050000301004750900,983176254217485693546392817395261478471839526862547139628913745759624381134758962
905070024031080570007251000003004050008510000700938000070000400004000009009140007,985376124231489576647251983193624758468517392752938641376892415814765239529143867
098070040006040003000000000167050000000000781800007569000060970080100006020700300,398576142276941853541238697167859234954623781832417569415362978783195426629784315
049000000300000000080006904270010400050080700401760000000000006820640095000000070,749235618316498257582176934278513469653984721491762583935827146827641395164359872
020300906035009072100067050000620000409703120000000700006075001057030040000806597,724358916635419872198267453571624389469783125382591764846975231957132648213846597
750603000006000000000000510060000000040307002980501730500000600001495307470000090,754613829216859473839274516367942158145387962982561734593728641621495387478136295
003600005004000000506300010030560000000901500000003000002107050010006379300009000,793612485124785936586394217231568794478921563659473821942137658815246379367859142
050960030008000500200150064020000683480200000090080000000001009000000400049005000,154967238968432571237158964721594683483216795596783142872641359315879426649325817
950000000200000000704020006409803100300500089805000200100056700037084502000000060,953617428216438975784925316429863157371542689865791234198256743637184592542379861
017003002000002001005100706370000010052007960691804537020409600000035000509000003,817963452946752381235148796378596214452317968691824537123489675784635129569271843
030005002006200000100003000000467021070020000601500700060102394013000206094306180,738695412956214837142783569385467921479821653621539748867152394513948276294376185
001078923000030806080600001206504390003000000709021085407006102000003070008000000,561478923974132856382695741216584397853769214749321685497856132625913478138247569
080100003000300700000207000008051200070930000009600008001020000803510020000009315,782196543196345782345287196638451279274938651519672438951723864863514927427869315
108056030042900601093010000000700060000000907000039005200000050780040190400097000,178256439542973681693814572914725368325168947867439215239681754786542193451397826
020005010000200709000000208704003000360009075009540002100000080035960100008750900,926875314483216759571394268754623891362189475819547632197432586235968147648751923
000000400050060108703400060001000839040600015908030046600807020004000080089342607,896125473452763198713498562561274839347689215928531746635817924274956381189342657
000402000004500083090030500000003104036090020400200806000700058005940300907300000,351482679764519283298637541572863194836194725419275836143726958625948317987351462
402000308070089040008000010800100009004090007207004851000001900040038070300056100,462517398173689542958243716836175429514892637297364851785421963641938275329756184
040006003106005800050730009400000070005300000790600080360008000070400000500960030,947816253136295847258734169421589376685327914793641582369178425872453691514962738
005000000060300709700000000300000607000609302602003040000000100843016000000092000,195267438268345719734981526389124657451679382672853941926538174843716295517492863
000000006003056471000800092002000917005209003000603250108005000000700008700390100,579142386283956471641837592362584917415279863897613254138465729954721638726398145
000030005005074000000805000040900000750640000190700030014507006070020041000000002,981236475365174928427895163842913657753648219196752834214587396678329541539461782
000900060010000004006840002001420300003100000000730120008004651040500000005008479,854912763712653894396847512561429387273185946489736125928374651647591238135268479
000000302050800000002530008930000007010000240020005000801900020000008000005004839,689741352357829614142536978936412587518697243724385196871963425493258761265174839
207600000506200708008040200004509800052008007009102054000013680000004009900806000,237685941546291738198347265314579826652438197789162354475913682863724519921856473
820000009000460010306900504000000000000010340040003000098030701700005000001000006,824351679579468213316927584135642897682719345947583162498236751763195428251874936
070002080000407006000903004000500203634021090000000100000040070807000039302806400,479162385183457926256983714718594263634721598925638147561349872847215639392876451
620000100005029348003000690007030000254700000000000760008075000700001059530000010,629843175175629348483157692867934521254716983391582764918475236742361859536298417
000860000048090050070041000000058020890024507000070041000000230004000106000030490,925863714148792653673541982467158329891324567352679841789416235234985176516237498
080000573001090004200500000000700000125080700900000801400905306000000002003408910,689241573351897624274536198836719245125384769947652831412975386798163452563428917
304000001050430708000002004500103007708000002003000009000010000900040000800090400,384679521256431798197582634549123867718964352623857149435218976961745283872396415
700003405003200000000000000385020900009000506064007813002030750837100609050009031,721963485643285197598714362385621974179348526264597813912436758837152649456879231
050030719341570006006000000000000005000908000000045320790020004000090070024000031,258436719341579286976182453487213695532968147169745328795321864613894572824657931
000600070000010520000840006000268000000003001000091003040106800000002040000500317,381625479476319528952847136713268954894753261265491783547136892138972645629584317
437600150600705000000400678043006900709300004000040006070860000004007060000900020,437682159618795342925413678243176985769358214851249736372864591194527863586931427
000703605007100040930000018080070090600019000000000002000900280000000301020000459,418793625257186943936425718183672594642519837795834162374951286569248371821367459
104002008803100002000045030500620803000900060080000900900010200400009000700000109,154372698873196452296845731549627813312984567687531924968413275421759386735268149
400900000562480700109000040600800000000000030000604901004008075005007400700200000,478936152562481793139752846697813524841529637253674981914368275325197468786245319
210035400038027000007010000000100000020000030701063000070000005005080003860000240,216935487938427561547618392389142756624579138751863924472396815195284673863751249
009360008400010693000090100050601000040000531700000080508940010120000000000100000,219364758485217693673598142352681974846729531791435286568942317127853469934176825
003000000060300004000604000000508916120000000680030040000945028058010009007000031,493281675862357194571694382734528916129476853685139247316945728258713469947862531
008700000000000000000509000010400028200900000000206490847690050005000080000050049,158734962496128735732569814619475328284913576573286491847691253965342187321857649
000020800024003000000049300489360000207000000000080230000276000190000507700900600,913527846624813975875649312489362751237195468561784239358276194196438527742951683
000003090053010000009508400000941020490326000002000049386090154000080900040605082,874263591653419278219578436738941625495326817162857349386792154527184963941635782
000050000010843000235010800600000020390587600401030907070000000508300700120900008,849652173716843259235719846687491325392587614451236987974168532568324791123975468
475300000069050000021009050006923000500647090002018000080090400090000086104806009,475381962369752148821469357746923815518647293932518674687295431293174586154836729
300000060206700000070610900002000050008560002040000000060980203800006091004132870,319258764286794315475613928632847159798561432541329687167985243823476591954132876
503260980602910500000400070700002000014600007200005040030024000020006010450790003,543267981672918534189453672795142368314689257268375149831524796927836415456791823
007830000809000010001004086090100004000086079068000000076000308004010600000673000,627831495849265713351794286593127864412386579768459132176942358934518627285673941
050068001170493526002017000280709034045030902000000000500000000904005067007000009,453268791178493526692517348281759634745836912369142875516974283924385167837621459
370026000040018030000007250026001400000760010810400320000000000000000103000103500,371526948245918637689347251526831479493762815817495326132659784958274163764183592
005370290074500080006842000008400000609083000000060000500708300020090040007134800,185376294274519683396842715738451926659283471412967538541728369823695147967134852
001000007060500903075036000750308400090005280000009000680050000509680170000207560,931842657862571943475936821756328419394715286218469735687154392529683174143297568
906070480340805709782940000804030056023700000000002008000000030000500000060000097,956271483341865729782943615874139256523786941619452378197628534438597162265314897
306000000009056387000034500040002008103080200000069005600020904200040700570090000,356978421419256387782134596945712638163485279827369145631827954298541763574693812
000006000080902000020740080070005360405090000200107050000034700046000030097610000,159386472784952613623741589971425368465893127238167954812534796546279831397618245
005630210030040000800502400900060000080005000351020000020070000068050020000080053,745638219239741685816592437972863541684915372351427968523174896168359724497286153
000000006000605908906204750001002000237546809658090000000900407000000500800050691,572839146143675928986214753491782365237546819658193274365921487719468532824357691
200000000004003020806259000060002003080300070007000200070100050001000002020500400,235487619794613825816259347169742583482395176357861294673124958541938762928576431
000900075069405800005008300900200503500000000000000089643080902807350004050649030,218936475369475821475128396986217543524893167731564289643781952897352614152649738
007006004000070091010030020300002080068000975749000030602487000804009003005603700,927816354483275691516934827351792486268341975749568132632487519874159263195623748
610037094000050000000400310000514003070200001300000852000000640803000029050000137,615837294432159786798462315286514973579283461341976852127395648863741529954628137
049000070501034000008000900003000604004003059052060000030000006480020500000000000,649582371571934862328671945713259684864713259952468137235897416487126593196345728
000020408000908005500000200006014000080300004140009073000081907050090000000000000,769125438214938765538746291376214859985367124142859673623581947857492316491673582
000058000000006000900240000705080092020069007306020840030000900000900200100830560,263758419451396728987241356715483692824569137396127845532674981648915273179832564
192063048000000906040200003459020871210040009600001000000602107000000200900100004,192763548735814926846295713459326871218547639673981452584632197361479285927158364
007360008203078506006005010020400380300180002000600100000006000060514000050000070,547361928213978546986245713621459387395187462874623195438796251762514839159832674
000018000040060000000704000582040000100820004000000800768000040200001608001086500,625318497847269315913754286582147963196823754374695821768532149259471638431986572
802075400600000528000060000100600000200430000060019800000006080080000263900080000,832975416697341528415862739148657392259438671763219854374126985581794263926583147
094080030000000004003406080005207100002500090108900020006009000007054219009000046,694781532821395674753426981935247168462518793178963425246139857387654219519872346
006413900090006410410890030027500390000200000005000000009100603004000020030602000,876413952593726418412895736127568394348279561965341287259184673684937125731652849
080400001940081560100002080304100008000908000008600907030510070709000026000209040,283465791947381562165792483394127658671958234528634917432516879759843126816279345
080406000000000840090000350026047000870032060000001207032000080018005470009000002,385416729267359841194728356926547138871932564543681297732164985618295473459873612
001009002000040068000070095000190000040000600208604907050903270000400003002005010,381569742795342168426871395563197824947238651218654937854913276179426583632785419
100290800000007931004108600012009576900010480050080000001900000000053004008620709,136295847285467931794138625812349576967512483453786192521974368679853214348621759
000000000068003020043028000070409600609810070050000089080001260200000030000287091,592176348168943725743528916871439652629815473354762189987351264215694837436287591
500400000003000102004000000060039000001000437030100000140000705000500006095601000,519427683873956142624813579468739251951268437732145968146382795287594316395671824
000000234014032500005009071100540007080271000000690082000000000276004010003000700,968715234714832569325469871132548697689271453547693182851327946276954318493186725
400096280560002700000503000000060300900300000000251000010000070098000052750000030,437196285569842713281573964125769348976384521843251697314925876698437152752618439
000007906601290000900036020020501004000080209304009000702914000100008002480000091,238147956671295348945836127829561734567483219314729865752914683196358472483672591
060090004000000006500000010000036087300009400007200100053902000192043050070615000,268591374731428596549367812425136987316879425987254163653982741192743658874615239
002300000050080764007000000200730001490008000000020690000846150080000420574010986,642397518359182764817654239265739841491568372738421695923846157186975423574213986
763004000800906470024708305000100007006002003002300840000000000600400080050000030,763524198815936472924718365348159627176842953592367841487293516631475289259681734
000785000293010070005290640001006002000302007032000400028000000100007900047020060,614785239293614875875293641481976352569342187732851496328569714156437928947128563
080007160230100007000090082000000508048050006025000700509040800400900000000500900,984237165236185497751496382197362548348759216625814739579643821412978653863521974
060032070020607000300950400040006027003820006210003800600075000000001000037280000,465132978829647531371958462948516327753824196216793845684375219592461783137289654
030000008060300001248000000000600000000410000304009006051760002000000014080100900,135246798769358241248971635812637459596412873374589126951764382627893514483125967
000508002500000896000000001050006020000050417001873000080700009740060083200000674,164598732573421896892637541957146328638259417421873965386714259745962183219385674
702500080008700500145930020204010000300009800097602030000070090000090000870265000,762541389938726541145938627284317956316459872597682134653174298421893765879265413
075690802030000560090508710900400086000000900500000270009000007000000000001005698,175694832438721569296538714912457386763182945584963271829346157657819423341275698
705012000000790004000456027030060702000004630200003000000005000000000900876000000,745312896623798514981456327439561782518274639267983145192635478354827961876149253
010002009000365000000180003006500000035000760002400005500090100029600008001204090,613742589978365241254189673496517832135928764782436915547893126329671458861254397
173600000000200700280700503010000005000000907700096208090053006001002000300901004,173685492456239781289714563918327645562148937734596218897453126641872359325961874
005000000003670020000000670028007041050000000001092000000000087000704209507020006,675241893893675124214389675328567941459813762761492538932156487186734259547928316
000560300576000810100798000042800090700009020000000083300200168000000005451000000,829561374576324819134798256642813597783459621915672483397245168268137945451986732
790800000500006938000000000078045020204008056056700100000507060000200000605390000,791823645542176938863459217178645329234918756956732184319587462487261593625394871
106030090200080000040015260007000000905020040080000000790500420500000006000000005,156237894279684531843915267327846159915723648684159372791568423538472916462391785
402000009306000000100500400003100004900004030000920000000800000897410000020700080,482371569356249178179568423263157894915684237748923615631895742897412356524736981
500090104900040002082030700057180406060005000009400020048700010700304058305008007,576892134913647582482531769257183496864925371139476825648759213721364958395218647
160004720008007100930800500072000005090070004450000007010003402523046000000029630,165394728248657193937812546372468915891275364456931287619783452523146879784529631
058000400000080000904070080000500000000001805591000300009007500105000000460350109,258693417716482953934175286873529641642731895591864372389217564125946738467358129
020001700600070000170680309000040000040103900590007160030006598700298000008500027,329451786684379215175682349261945873847163952593827164432716598756298431918534627
000000005000506900015024670057200000190007002000035700204750008580010407730000506,946371285372586914815924673457298361193467852628135749264759138589613427731842596
001047080000500090600000000000000406000950023000003070004300000500710209009485007,931247685827561394645839712392178456176954823458623971714392568583716249269485137
600000405010600209209040007700094000000080004000000003004006032800200006000453008,673928415415637289289541367762394851391785624548162793954876132837219546126453978
060000900095000000080009010670000000058000604000064835040005200006400059030000000,261857943495631728783249516674583192358912674912764835847395261126478359539126487
000400010060008032901300080010562007006004291304000050000003005130600029040200060,283475916465918732971326584819562347756834291324791658692143875138657429547289163
470003201000510090291006000700054080809007000530098007007000036020640000906035000,475983261683512794291476358762354189819267543534198627157829436328641975946735812
070001295951002840300095006000006030000034000430100000000000504019460780248007300,876341295951672843324895176195286437682734951437159628763928514519463782248517369
000000500039804216850002730003007000100000003400003000000300091697041080010000470,261739548739854216854162739983627154176485923425913867542378691697241385318596472
514009000800213409023000001751000060090120703030000000009001005006000094005002000,514789236867213459923564871751438962698125743432976518379841625286357194145692387
062003800050249760090005040030072000040500000000860370003007006000008004000090580,462713859851249763397685241635972418748531692219864375983457126576128934124396587
480000070000400000703180004050000100030000752000000006000070005000908020079210480,485692371612437598793185264856723149134869752927541836268374915341958627579216483
000070602000800000900100503004085700570064008060003090709600300205307000031000000,318579642456832179927146583194285736573964218862713495789621354245397861631458927
002700380000310000000000060040100020700008904200490001010270509000040270407950013,192764385865312497374589162549137628731628954286495731618273549953841276427956813
900007200000500900001008000509701804080005100600280503730050000100040735400903000,965317248873524916241698357529731864387465192614289573736152489192846735458973621
000804250600590004000063001900480310076000020100257000500000003060000972007620145,739814256618592734254763891925486317476139528183257469542971683861345972397628145
010340502050080460080006379860700000901000000302400610008004057000100890000200006,619347582753982461284516379865721934941863725372459618138694257426175893597238146
600730004780690100000000070030000009076005041000000000010009030007000200005003800,651732984783694152429851673138247569276985341594316728812579436347168295965423817
900271600010490000602008000000610740001000000004905200000000300050000806000000010,935271684817496532642538179598612743261347958374985261486159327153724896729863415
008000000259010700000000004960040800805000400020760105180009040000200080500100000,748325619259416738631897254967541823815932467324768195183679542476253981592184376
000007001081060900003140000250000000007850120104030000300000060406503209000000000,642397851781265943593148672258671394937854126164932785325719468476583219819426537
087920103000800000050000780500300079002509060008200500803602400095400000064050908,687925143421837695359146782546381279132579864978264531813692457795418326264753918
000603000300008020826004000400007000070040019000059700700061050640035000130972060,957623841314798625826514397491287536578346219263159784782461953649835172135972468
607000004820704060100600700000000510081000692500070000010397806900800050038000971,657923184829714365143658729394286517781435692562179438215397846976841253438562971
050004000043000000071005000006002004020048000000000200190006005000507900705000480,259364178643871529871295346916732854527148693384659217198426735432587961765913482
270006031084020000006000402000005310010000900507010000000800000002000708708000060,275946831984123675136578492429785316813264957567319284641897523392651748758432169
000673002500801300300000000000020097700100083602700010900000000000010025000000701,189673452526841379374592168831425697745169283692738514917254836468317925253986741
000005681000040000000017250000070520000459000059002007003100002080000000071020800,794235681215846973836917254348671529627459138159382467563198742982764315471523896
075008000000004002000007095903700000000800070087901026020089304104000000008020017,675298431839514762241367895963752148512846973487931526726189354154673289398425617
023008000008092000000000090500000700000840000300025000405070000730000000091034506,923658147148792635657413298589361724216847953374925861465179382732586419891234576
004060000700009300002000006000000000007095600809030517970010060200700100050900000,594361782786529341312847956125678493437195628869234517973412865248756139651983274
130295006000000090000010000300020050500300000020000318000000009006900000090130027,137295846658473291942618735389721654561384972724569318213847569476952183895136427
400000000010040007050701200001060503000085692000002001900608035138000000500090000,472859316319246857856731249281964573743185692695372481924618735138527964567493128
085003160400820000000400380530004098040080030006005070000098520051000800000500006,285973164413826759679451382532714698147689235896235471764198523951362847328547916
005410900040007300000500014890000130003090607200350090080040003002780501051000000,365418972148927356729563814894672135513894627276351498987145263632789541451236789
000005807002000361000700450030042508400601720015000040060820105001060000700004206,146235897572489361893716452637942518489651723215378649964823175321567984758194236
000900050002100000000005006009003070030804000060097180090560000000000700020001930,316948257542176398978325416289613574137854629465297183793562841851439762624781935
023000501495200007008000000509004000340000905817000020080001000701060080006040012,623487591495216837178935246569324178342178965817659324284791653731562489956843712
086050007050000000741000000510600700009010300030000201070840010890000406120060000,986253147352471689741986523518632794269714358437598261673845912895127436124369875
009380600608200040705600009376020594050900002000003010490800107007000020100060005,249387651618295743735614289376128594851946372924573816493852167567431928182769435
030060701020000609060598003850000000000600090000003000006030200000806900093000000,938264751425317689167598423859142376341675892672983145586739214214856937793421568
720000563500003002030020700000090800800000150003000000010000200004000305380052006,728149563541673982639528741156297834872364159493815627915436278264781395387952416
000930006009754810031060095506009200010006908004123007050002000000010000000000100,785931426629754813431268795576849231213576948894123657157692384948317562362485179
400800700063010894800459020026000000108900003307286000010020040200097600005000030,492863715563712894871459326926135478158974263347286159619328547234597681785641932
006830001321004000000010000003040600000000000000000010200000036100423500930600800,456837921321594768789216453873142695512769384694385217247958136168423579935671842
002000037480000000500200000008420705620785001350000080200076000030901200000350100,912564837486137529573298614198423765624785391357619482241876953835941276769352148
203049000010080000908003500601000080050000012007000400100000008000230190000918075,273549861514786923968123547641352789859467312327891456195674238786235194432918675
095700000738200690040000000800000009001906000509800060000002000300400000000090306,695783421738241695142659738863517249421936857579824163917362584386475912254198376
000500007570000000009001000307019460000405702008070000865090000000000006000060009,132548697574936821689721354357219468916485732248673915865197243493852176721364589
000200001000000402600010000090370800340050900000006000087523600003100700400000000,934287561718635492652419387296371854341852976875946213187523649563194728429768135
009005180520100067310009020980320070705800040040650009050070030090402000007010006,679245183524183967318769524981324675765891342243657819852976431196432758437518296
000010060000346172061582930000900000070403050000075040000090080050600491910000700,324719865589346172761582934435968217178423659296175348647291583852637491913854726
000320000709504328020018070590031082600700501000000930062080050173000090005000200,854327169719564328326918475597431682638792541241856937962183754173245896485679213
000406009060000430000730068607040900103000006000000072000071600730000814000000000,371486259865129437492735168627543981183297546954618372248371695736952814519864723
080000000030704060062015008006000300004000250000007000610270400200000670075600820,587326149139784562462915738856492317794831256321567984613278495248159673975643821
005000004602000000308704206000318609000240510401007080200470003000630005003980401,975826134642153978318794256527318649836249517491567382259471863184632795763985421
040630009603000040980425000204506901076040000190002400009800006000060300507000094,742638159653791248981425673234576981876149532195382467319854726428967315567213894
200000080007600003000200000008104507056972038000086004040000070763400000802050641,234715986517698423689243715928134567456972138371586294145869372763421859892357641
001905000090000700804010250000060102400207500926080300000604000189000004600008000,761925438592843761834716259357469182418237596926581347273694815189352674645178923
000560480020040090090007003000450016500970804000186000100000038002000601460020059,731569482625348197894217563378452916516973824249186375157694238982735641463821759
000600000006000287004008006600400709900873040427005001002197008060080000000206003,875621394316549287294738516683412759951873642427965831532197468769384125148256973
593080000067000028002615000200450000905000084004869200001000042039000100008000060,593782416167934528842615793286457931975123684314869275751396842639248157428571369
000406507000000000026050010000900000001070906000063701080000100000081400004300600,318426597759138264426759318647915823831274956295863741582647139963581472174392685
075106090020034070401205860040700000000002010050461000086000009700600081000043007,375186492628934175491275863143798256867352914952461738286517349734629581519843627
010937608000805214065040097000000486000204000040300701000508000083000000000003000,214937658937865214865142397392751486176284935548396721429578163783619542651423879
070120400154700000600450000000000005007034920502091840010000002700000000206987510,379128456154769238628453179491872365867534921532691847915346782783215694246987513
000750000004000295050002807001000020600090004020604010100907003000500006590000000,862759431714386295359142867471835629638291754925674318186927543247513986593468172
609000570000001000340000000200700000890204306100000207900020010000800000402109005,619432578728591463345678921253786149897214356164953287986325714531847692472169835
907008400000000000208003900680009100049030060300050749500007094100300050000005010,917628435453791286268543971685479123749132568321856749536217894192384657874965312
102073486003200070075490000500940008008600007020800000000004063384160090200000000,192573486643218579875496231516947328438652917729831654951724863384165792267389145
307916000001050680600430910510804006000500091000000025074000000000701009005000300,387916542941257683652438917519824736426573891738169425274395168863741259195682374
400270800000000900500000000645090301390050000027003500000000193006000400000920080,419275836732186954568349217645897321391452768827613549254768193986531472173924685
500008000000000050127400000000000030000123000073900021090080016001069003006201000,569718342384692157127435698912876534458123769673954821295387416741569283836241975
008090065500001000003080000040006900000940500000200006002570000080109050600400800,128794365569321784473685192245816937316947528897253416932578641784169253651432879
700001000539080200000005498000130950600000810013020060300060000100857040004913000,748291635539684271261375498487136952652749813913528764395462187126857349874913526
706000200040000010000000694060002805320800060000006000600500000030269401090700000,716493258942658317583127694169372845327845169458916723674531982835269471291784536
003540102100670000200309005000005000820407500000981020082750604300090208000804300,693548172158672943247319865416235789829467531735981426982753614374196258561824397
000000000006480910000610004007008041600390208280000060060039050792000100000800000,148952736326487915579613824937268541614395278285174369861739452792546183453821697
006001042100000008000000100039518604584690213007002000900420000001700025000003400,856971342173254968492836157239518674584697213617342589968425731341769825725183496
185600700700520100009081600000030280040000503000000961000000010018367000060810090,185643729736529148429781635697135284841296573253478961372954816918367452564812397
000040062600002000010090300000200470020000006460085000000104009206070000000600708,395847162674312985812596347583269471927431856461785293758124639236978514149653728
900004200000000060060297048500000400000010006016459007000008030000003000400000682,958364271247581963163297548572836419394712856816459327729648135685123794431975682
004120650000485009091003000005000100040008005010004030400000900030000060070000003,384129657627485319591763842765392184243618795918574236456231978832957461179846523
000600009009100000008009600060001930923800701004000000200917000500386092000042806,172634589659178423438259617765421938923865741814793265286917354547386192391542876
005610004430050100000000000000000020941060037020005609780100003000527000500980700,275618394438259176169734285657391428941862537823475619782146953394527861516983742
000009000750600098004000007008027009045800000009000020400200971000714000500960480,683179245751642398924385617368427159245891736179536824436258971892714563517963482
000003500004050008070020040100004256007209034400506000053960010040102005200045000,681493527324751968975628341198374256567289134432516789853967412746132895219845673
207100503103004000080602007608400070350060004700800050000000700076005000002087640,247198563163574982589632417628451379351769824794823156435216798876945231912387645
400008201006400078000000060204701003978620150000000007009040700000000040000290000,497568231516432978382179465254781693978623154631954827169345782723816549845297316
030006540000000000020070030300208000047000805000000000073090100004010287100004693,738926541491835762625471938316258479247369815589147326873692154964513287152784693
920060000001004900086270030302057018607148200800003007000000000508000301073010000,925361784731584926486279135392657418657148293814923567149736852568492371273815649
000006005000000790906100020000503401050000000000000003432000600065300800090001030,327946185514832796986175324279583461653214978841697253432758619165329847798461532
000080460000050000700003592000008700000000900800030104609300005010006000003890010,395782461142659378768143592921468753534217986876935124689371245417526839253894617
000008700080000000462001000000000010804060000910207600098050000020706000000802360,359628741781349256462571839276984513834165927915237684698453172523716498147892365
060083010900460000102005480300010070006300900008000000894026030000090000501800600,467283519985461327132975486349612875716358942258749163894526731673194258521837694
706000920000000810100095070004000050067000082000910046600304000000000267800000400,746138925593762814128495673314286759967543182285917346671324598439851267852679431
450900102600000090000200500900823410820000009043000280006580900000147306004069800,457938162682415793139276548965823417821754639743691285316582974598147326274369851
006250008207090000001000000864000702315020800092084006120379004040102007600000000,436251978257698413981437625864913752315726849792584136128379564549162387673845291
050000900002190003160203000040000308300000104090000027004030206086000000230000000,453876912872195643169243875741952368325768194698314527914537286586429731237681459
460000001001400000000090030000680502900000040080340000010063724003000010600800900,469537281371428695528196437134689572956271348782345169815963724293754816647812953
005000001702001065400006000000000020000010904940060000308000050570000019120600003,695783241732941865481526397813479526256318974947265138368197452574832619129654783
168004072025010804903000000000940000000700000450001030090070003030000907074059000,168594372725613894943287651387945126219736485456821739891472563532168947674359218
536000000087452639000068100000800720008000000002000860613009074000200510000010300,536971482187452639249368157461893725358627941972145863613589274794236518825714396
005003600631080040240700300068310500000600004002000000983200100004976003720030490,875493612631582749249761358468319527197625834352847961983254176514976283726138495
800000940007005003650109200502001036003004050470050009005000690300020001009000300,831267945297845163654139287582791436913684752476352819125473698348926571769518324
800130640060090000903060000670000000501806700280070300050000400000000005002650003,827135649465297831913468257674329518531846792289571364358912476146783925792654183
300007040027004003100326975036905000000062300251700009012000004040001000009040086,365197842927854613184326975436915728798462351251738469812679534643581297579243186
060900000580034100009600470000050600003000000610420900350801000000000010901500008,764912853582734169139685472498357621273169584615428937357841296846293715921576348
308012006002300170190000400007500001800176054010000300000008700780645200004001809,378412596462359178195867432947583621823176954516294387631928745789645213254731869
060004302030906045070020800813040000040600203002830710001050960000100020900008001,169584372238976145574321896813742659745619283692835714321457968486193527957268431
610028000070005290052703000000004023005162004700300000008007010260841300001050702,619428537473615298852793641186574923935162874724389165598237416267841359341956782
006000078370500004090000603250190000600008000007050349710000002903200500860735490,526314978378569124491827653254193786639478215187652349715946832943281567862735491
640030100509061004000049030006000080203008706084673500090006058820000000360902000,648537192539261874712849635176425389253198746984673521497316258821754963365982417
620814000000000600000300000190208070000197000070000109000600017000000500000500942,629814753347925681851376294193268475564197328278453169935642817412789536786531942
000470100060020048004006000000003000000007000000010070080000060507060391000734500,825479136763521948194386257276853419951647823438912675382195764547268391619734582
000069580040057600001080007890000036500000400023001050009005761100790008080000095,372169584948257613651483927897524136516938472423671859239845761165792348784316295
500006170070008632000010004000030460907800015050000000090070040005000020040000000,539246178174958632826713954218537469967824315453169287692375841385491726741682593
010009200400080196000701030670005901040200360000100042700000009080076024000800600,318649257427583196596721438672435981841297365935168742764352819183976524259814673
701008059050040000000065000900000508007000904100894367073000000690000083218009005,761328459352941876489765132946273518837516924125894367573482691694157283218639745
039620000000000600062000073000003000057049820090702050000200068080090200200500000,739625184514378692862914573621853947357149826498762351945231768186497235273586419
200800004050293006380400027060089000000001400000750010640002001003170042007000060,219867354754293186386415927461389275875621439932754618648532791593176842127948563
610040503009000071072190000080000902293070010106200708000020040050080020020001009,618742593439865271572193684785614932293578416146239758361927845954386127827451369
000916348086200005040587206001070400890000030500000001000300060003000502010400973,725916348186243795349587216631872459892154637574639821957328164463791582218465973
400050860080091540500020030000002000170409200020106400602900000000203600910005328,491357862283691547567824139346582971175439286829176453632948715758213694914765328
009000000302800594004003607290700000400008009000000000006000983000009071907080056,679542318312867594584193627291736845453218769768954132126475983835629471947381256
093000000000300100054090803807000030310072504540163000401507060030000400000000005,193284756278356149654791823827945631316872594549163287481537962735629418962418375
000200007004000210000409030010000000407930528839000701700392406000806170028000003,396215847584763219172489635215678394467931528839524761751392486943856172628147953
050000309020050000900830500400003091009045870000010005010094000000000000200180903,651427389823659147947831562485763291139245876762918435316594728598372614274186953
000000007570128640080050000800201070000085009000000005005009002000002000300010500,231946857579128643486357921853291476762485139194763285645879312918532764327614598
012000600000004090800000000003000080000000470000809001780000063906481520001000809,312798654567214398849536712423167985198325476675849231784952163936481527251673849
800000000020006000000020000002009318008002070700018060305000700089070130206080504,857491623921536847643827951562749318138652479794318265315964782489275136276183594
000300402200000005010000790300000900905020000001000824100000000096078300004050209,657319482239784615418562793382641957945827136761935824123496578596278341874153269
300750260270000095009200340700100059590078001086900000965012004000000016000060002,341759268278643195659281347724136859593478621186925473965312784432897516817564932
000070200700000000004050007005709040002501700471000903040803000000005020053207419,518976234726384591934152867685739142392541786471628953249813675167495328853267419
060000400305000090248000076006204709402080103000300624000002007020008960004007002,967823415315746298248591376536214789472689153189375624651932847723458961894167532
800026405020000190400001700004010570230000000000803201350200900040000350090005000,817926435523478196469351728984612573231547869675893241358264917146789352792135684
008006000001002647520003908200000080090024700100000005000637800050201074307500160,748916523931852647526473918263795481895124736174368295412637859659281374387549162
000000005010000000000807006960250000350070000000630000002000067478065090000700010,286349175713526984549817326967254831351978642824631759192483567478165293635792418
000400001000027080600009203500102004000004610000050308004238067010700800700001009,825463791139527486647819253563182974298374615471956328954238167316795842782641539
408000020300000000017000006100007092000000040700950600090520400000100000870090531,458369127326781954917245386165437892239816745784952613691523478543178269872694531
091000000060090047073205000038000400000050000200400000725100000314670200900000031,591764823862391547473285196138927465647853912259416378725139684314678259986542731
600000109040000500050189000195064003304010697006203400000001040000900730400807010,638475129941632578257189364195764283324518697786293451579321846812946735463857912
900025800000000270000000900106300400003000090000000010659237100007140500014008000,971425863465893271328761945196372458583614792742589316659237184837146529214958637
070300060360009705059000012705864029000700004084902006900070000510000600006103000,271345968368219745459687312735864129692751834184932576943576281517428693826193457
000010573730000840005780060000000406500000700000100000800000307360495008002008600,689214573731569842245783169193857426528946731476132985854621397367495218912378654
000710900000000000061905002350076041600890300008000000020007009010052000500109020,285714963793628514461935782359276841642891375178543296824367159917452638536189427
000807104020300000071000026035010400000600300000000000043200700008493000096078043,569827134824361975371945826635712489417689352982534617143256798758493261296178543
000719000609054007140002008056000002400060003000040900900425761501070409000100300,825719634639854217147632598756983142492561873318247956983425761561378429274196385
008700010076000008203160500001307000467809001350000780609400170000000003024001800,548793216176542938293168547981357624467829351352614789639485172815276493724931865
070206190213705000649018070021870000700050029090000000964002000057000206002000004,875246193213795468649318572421879635736451829598623741964582317157934286382167954
008002060160708000070304200003009670000800320000001000000020050500406002080050136,348512967162798543975364218853249671416875329729631485697123854531486792284957136
903001020768004910001700030025009040017400000690020000000000000070000480482070061,943581726768234915251796834325819647817465392694327158536148279179652483482973561
070092005030000009050004070025013940300600820401008030000000000002039604540060008,178392465234576189659184273825713946397645821461928537986457312712839654543261798
906007035070903600035006000210605470000000901040700000803004050004061820000508046,986147235472953618135826794219685473657432981348719562863274159594361827721598346
060002130020700580005080720001638000600090000030207650890100000042300060000850002,768542139329761584415983726251638947687495213934217658896124375542379861173856492
300740008800000004007825000900030560030106007008500092100000200703900100500000879,356741928821369754497825613974238561235196487618574392149687235783952146562413879
208009000395007600060300001500100209001090084040000710430900800900046132000503090,218469573395217648764358921573184269621795384849632715432971856957846132186523497
700000100005027800208000000800100634030600000000003017000200006580000720640000000,793568142415327869268914375827195634134672598956843217371289456589436721642751983
000746002678320510009108700090000008000960470701000006207090030004600000980000607,315746892678329514429158763596471328832965471741283956267894135154637289983512647
007000149500000028430802705000403012040010087000506493000020900304008250000300800,287635149569741328431892765795483612643219587128576493856127934374968251912354876
470000050000450720509060000000000501000000040007500000100700005700600002090030087,476213859381459726529867314843926571965371248217548963134782695758694132692135487
470003591000090008059041006040008000003020000005036174502480000900007682080000009,478263591136795248259841736641578923793124865825936174562489317914357682387612459
007050098009060000480200000703906480140500000600000000000040000021600807030000000,267354198319768254485291736753926481142587963698413572976842315521639847834175629
060087050500010006780405029008000000090804030300002000000600090600000508000008000,263987154549213876781465329478536912192874635356192487824651793617329548935748261
094000300020000000530000001300000000000800010402905800003527068180000009200080030,894712356621358497537496281368271945759834612412965873943527168185643729276189534
030000940017004005020067183508030092300070816001000030700600000000108000102040650,836512947917384265425967183568431792349275816271896534784659321653128479192743658
007051000000006039000030005000018607000300590025740003000070368780600050500004900,397851246851426739246937815934518627178362594625749183419275368782693451563184972
000001700750008000900076000400000000800000000205904000000087001108023475070040000,326451798754298613981376524417862359839715246265934187642587931198623475573149862
000001700103000000400002103800000000061049800540600010000000930090006000680090000,928531764173964528456872193839157642261349857547628319712485936394716285685293471
200080000508000400900400810370259048000000201602301000700000100100597000000010050,214983576538176429967425813371259648495768231682341795759832164146597382823614957
630080000020600008048002007200090000300045700004003189500000891090006003871050200,637981452125674938948532617216798345389145726754263189563427891492816573871359264
090700000080000020013028070001800000300200985029000700040000057000000390000509002,295746831687135429413928576571894263364217985829653714942381657156472398738569142
000501700000000905560200008317020680050009000000007504600000093080700050100038060,238591746741863925569274318317425689456389271892617534674152893983746152125938467
080900070000002000607810300006500090000190030018306057000008003003000500090600000,184963275539472861627815349346587192752194638918326457461758923873249516295631784
000600900072004000950000720040950370300006000000000000000020000020060190060830200,183672945672594831954318726846951372397286514215743689539127468728465193461839257
008006000000031004002098070007000046000000090000000037005104308800000051034085069,548726913769531284312498675287953146453617892691842537975164328826379451134285769
020000904000090000950004302090780240082049700760050000000000508010438600009501420,128375964437692851956814372391786245582149736764253189643927518215438697879561423
301900040080200001000001000012060080060300074743085260800010002004009037209046008,321958746687234951495671823912467385568392174743185269876513492154829637239746518
000180025300020008006009001004600080100070000508090000830900200002830010600000030,749186325315724968286359741974613582123578496568492173837961254452837619691245837
493200100050008004000094230000706500020040008016000000000000326008620009002070850,493267185257138964861594237384716592725349618916852473579481326138625749642973851
005830000030010005000000000050000000080205073000180040596021407300000200240658001,975832614834916725621547938153794862489265173762183549596321487318479256247658391
900436010716000000003100602000005809000308071800610003290060700007000026001200905,928436517716952348453187692134725869562398471879614253295861734387549126641273985
050700000400690000009580004000000000000100000000075241124809060003264908068007050,352741689487693125619582374791428536245136897836975241124859763573264918968317452
607002010040000026000106008508000900109570000000208050400020000900000062002060809,697832415841759326235146798528614973169573284374298651486921537953487162712365849
065004001400630005000780002002000050046050020001300000004000000058410300013000006,865924731427631895139785462382167954746859123591342687674293518258416379913578246
080030000400520080070040000020103500060005900059060703002054000390002050040080130,985637214431529687276841395724193568863475921159268743612354879398712456547986132
420000860701500300009024010007000003000672100012000007150000006300000072200056080,425713869781569324639824715567148293943672158812935647158297436396481572274356981
000059280000800700000300940182040600000003000000098004730080400860470302000000067,416759283923864715578312946182547639694123578357698124735286491869471352241935867
000900000698000000537200006000000059369010004450700860000501640100070205005400003,214936578698157432537248196781624359369815724452793861923581647146379285875462913
800000461791000000500000080073001204008400500400007000010000640000100905240008000,832975461791684352564312789673851294128469573459237816915723648387146925246598137
100050400900132760020004000600000000500640307073985010805006070210000050040010023,168759432954132768327864195681273549592641387473985216835426971216397854749518623
800050016050901820000000000904087000160300000083002094270100009040000000000809007,892453716457961823316278945924687351165394278783512694278146539649735182531829467
010000579000869001004000000067020050031008002000000000000280007020010430059000608,816342579275869341394751286967124853431598762582673194643285917728916435159437628
605000249090005007208090000080000000000602750000908060000000000007020081800000400,615783249394265817278194635586471392941632758732958164169847523457326981823519476
050000000000609500106005009014060098065892003000417200001040000000006000638920400,359184672827639514146275839214563798765892143983417265591748326472356981638921457
096000040405000000000000601000005200060000008002070063604010000073086120008000000,296351847415867392837249651789635214361924578542178963624513789973486125158792436
060900501040030900000005040004050000800306000150400007401073000006009034903000600,368942571245731986719865243634257198897316425152498367421673859586129734973584612
405063097900250040000074013170000300520107080060002000006700030000000000000006150,415863297937251648682974513174689325523147986869532471296715834351428769748396152
000007000206819430030060020000000008980000204000901603028600700040120000095000100,814237596256819437739564821563742918981356274472981653128693745647125389395478162
004000300093000016027690508000400000009130000308070401080027004000000000270040800,654281379893754216127693548512468937749132685368579421986327154435816792271945863
065000003040201060290500080080000054000000000120300000510000246070010008600000001,865794123743281965291563487987126354354978612126345879519837246472619538638452791
001007005720500018000610000000006000468000170200801006000100800502709001000000450,941387265726594318853612794197426583468953172235871946374165829582749631619238457
006900000201000948070002010040009103000310000103000009020630401900270030034100700,486951327251763948379482615847529163592316874163847259725638491918274536634195782
000003709002600183080970006070306004000050000000700092000009000030000000100030048,645813729792645183381972456278396514469251837513784692857429361934168275126537948
000210000060000782002000000000400031103060540500000009000108306030029054400603070,895217463361594782742386915926475831183962547574831629257148396638729154419653278
050200109001570002200140003015702006800005000600300005040907300300001620500000041,754238169931576482286149573415792836823615794679384215142967358398451627567823941
035000000600020903200100000009017008000050300740000152480700006016090807907800030,135976284674528913298143765529317648861254379743689152482731596316495827957862431
302809000570000039690000025086005092000004076039000504027540900060098000053100000,342859761578261439691473825486735192215984376739612584827546913164398257953127648
002006405908000021060902783056009042000068000700005000080000974000090010210000006,172836495938754621564912783856379142491268537723145869385621974647593218219487356
060304058000000037000580290387002000021005370400036001074000005000050043000000680,962374158158629437743581296387142569621895374495736821874263915216958743539417682
301700985258900401000000260007305840000010002530020000900000100600270000400009000,361742985258963471794581263127395846849617532536824719983456127615278394472139658
600048050800000009100000040004000602030074090700192003080406000072081930000709800,623948157845317269197265348914853672238674591756192483389426715472581936561739824
023587000000430801708900000030095000916020000050040039300070002070000006000000390,123587964695432871748961523234795618916328745857146239381679452479253186562814397
000090028900800050080000003017900000009007406000000000000069207790400000600008940,564793128973821654281645793417986532859237416326514879145369287798452361632178945
060001500000004000000520900190000000600107049734050010900000030000070108802000000,269731584571894623483526971198342765625187349734659812957418236346275198812963457
090400370150200090064398010000803005300905087000600004000004029500000800600082000,298451376153276498764398512417823965326945187985617234871534629532769841649182753
670403890004208600809050012080500023060000049041709560100902084000080000000000001,672413895514298637839657412987546123365821749241739568156972384423185976798364251
000000740001024060400000000100000600000010084040908000004000906012000003000075018,629183745871524369435796821158347692397612584246958137584231976712869453963475218
304900000000048739100700004800070010500004000000060408400090103900030000063080907,374956281652148739198723654846379512529814376731265498485697123917432865263581947
006078045002061390000304100601052000000000002020040051000090010204000000007083600,136978245742561398958324176671852934485139762329647851863295417294716583517483629
000000009905020170080009005000407050000960438020000010019006024070291560602000791,267145389945823176183679245398417652751962438426358917519736824874291563632584791
008000000001804000020000408000600050200140980100000064004269000860431700000700000,748952316631874592925316478493628157256147983187593264574269831869431725312785649
270000006080700205000502000010830740090006003508004100921358600300690500006400030,275183496483769215169542387612835749794216853538974162921358674347691528856427931
800090652020860000000050000070900300503000060210030400000009507052687941100405830,831794652725863194964251783678942315543178269219536478486319527352687941197425836
500700041094300802000690073401089000035410020020000410307800000200007100600005080,563728941794351862182694573471289356835416729926573418317842695258967134649135287
040630008080002009000407500219340006000701200000268000302070000000050002000000000,745639128683512749921487563219345876836791254574268931392176485167854392458923617
079408600000956003000017008010620500020000700056701234200800000604090000705304010,179438625842956173563217948417623589328549761956781234231875496684192357795364812
421050078060008001308000000050700130000002000090105006000000000007040900000819040,421953678569478321378261594856794132143682759792135486914327865287546913635819247
600400000000900802500000040701203080000104020045000000000000200060030501900508000,689425317314976852572381946791263485836154729245897163153649278468732591927518634
060037000030000000007801400006780000008003060070156020089005310705000000000060000,264537189831694275957821436196782543528943761473156928689275314745318692312469857
006000700780030654905406802000683200000005003000000000000367908008000300040000000,426158739781239654935476812174683295269745183853921476512367948698514327347892561
008690000000730009006081005010402600000003091003050724000510006000040052851906307,478695213125734869396281475519472638742863591683159724234517986967348152851926347
000007900800060200093001000001074030530082140004000890015200408278000059400000321,152847963847369215693521784981674532536982147724135896315296478278413659469758321
500000070089000350700500002300000907051793604900000030670100009094000060800000000,512439876489276351736518492348652917251793684967841235673184529194325768825967143
050600407064000010820000095300000702008230040000006080000010000002000000100362800,951628437764593218823471695349185762618237549275946381586714923432859176197362854
800500000000420000090000020003080490068174200010090070300902007000801360051000900,842516739637429518195738624723685491968174253514293876386952147279841365451367982
080050000050070409679002000930004601200010008001860723016038004005000010320000076,483951267152376489679482135938724651267513948541869723716238594895647312324195876
000000306000030000683004200050640070000009080169008005000001700005067004002090103,597182346421736598683954217258643971734519682169278435346821759915367824872495163
080000000040815000700690000152008070090520060408000052014000290030004000000000000,681247539943815627725693841152468973397521468468739152814376295239154786576982314
000508000070060025300007006620000001700600040018200063502000609060950080900006000,296518437874369125351427896629834751735691248418275963582143679167952384943786512
040006920010009005000378140490700000200003000000000600004007001030041000002905364,347516928618429735529378146491762583286153479753894612964237851835641297172985364
007000801910700002060000970092400008750002000601000400100020000829060703503100200,237695841915748632468231975392476158754812369681359427176923584829564713543187296
045901006800000000700020081070860900008000050300007000009210000100000004600000190,245981736816734529793625481574863912968142357321597648459216873187359264632478195
800704000000000005024060080010409630000630000000010050000500874058002000060000000,891754263376928145524361789215489637789635421643217958132596874458172396967843512
002001700090020003000050000940080000008000000175036089819374000004500000003800000,532691748491728563687453291946187352328945176175236489819374625264519837753862914
200390104000260000008170650080000000000853947050010000800040090060009021007500003,276395184145268379398174652483927516621853947759416238832641795564739821917582463
073904280050037010609100000935000000040080009780095403000429050000500092002010007,173964285458237916629158734935742168246381579781695423867429351314576892592813647
026318750000700800100542009780000000600275438005000006400020000061053097000007000,926318754354769821178542369783694512619275438245831976437926185861453297592187643
000000902000100000800032100002000030170300000003007016600000003904081057700000401,315846972247159368869732145592618734176324589483597216621475893934281657758963421
000378000200060083308002670906523708000090000000001000000150060000000800002080000,691378524274965183358412679916523748547896231823741956489157362165234897732689415
300900000000000001072000400000600100130000067406790320801000504500000080003509206,318947652954236871672815439297653148135428967486791325861372594529164783743589216
270000050000060100009070264925000000063000705001050000000300576050100802002500000,276419358384265197519873264925738641863941725741652983198324576457196832632587419
007408051130060000502039000000870000019650008300902100900084500800507092070000010,697428351134765289582139746426871935719653428358942167961284573843517692275396814
000500608000100090004007201080000027100700306600035109000000060501000004000070005,312594678758126493964387251483619527195742386627835149839451762571268934246973815
270100594196004830000000010080570003000000200007000000738410029000200475004960000,273186594196754832845329716482571963961843257357692148738415629619238475524967381
000802045800060100026001000000000700700000008000005900008050402640100509072000360,931872645857964123426531897365289714719346258284715936198653472643127589572498361
070360005000004003000000800706500009020007000300000070000045206090130050000070931,279368145851794623463251897786523419925417368314689572137945286698132754542876931
002870000170049230030000500017482053050000002420000701761008020900210600000600010,592873146176549238834126597617482953359761482428395761761958324983214675245637819
109400000000003000060809012000000031000647800500931604000000100000790000030500000,159462378284173965763859412946285731312647859578931624495326187621798543837514296
000006938005003701009000050540070803007401002103008000006005209000390006900700385,274156938865943721319287654542679813687431592193528467736815249458392176921764385
307020094481007305009143706200300600000810009010902050000005970000000508053080000,367528194481697325529143786298354617735816249614972853846235971172469538953781462
490068000000040900600072000100030060070100300304000179265004031900080005007005604,493568217752341986618972453189437562576129348324856179265794831941683725837215694
000006000080450000040090000004089000013020879900305040000000000200510734000903200,152836497389457621647291583724189356513624879968375142831742965296518734475963218
087060000500000000900000000004026000056093040008450000005300906030609004049000030,487961352523748169961532487314826795756193248298457613175384926832619574649275831
423000000851300000907501000000000095000095068090804000310002640000038052000000980,423786519851349726967521834186273495734195268295864371318952647679438152542617983
030000207000000651050010008800020490700000080369850000043085009070000065000001324,138596247492738651657412938815327496724169583369854712243685179971243865586971324
004768000000352000000001608000005207750000301002817006013000005005100009270086413,134768952986352174527491638641935287758624391392817546813249765465173829279586413
000000200000006000500120000940000710000072900020410000058000463004300800302004000,469735281281946537573128694946583712135672948827419356758291463614357829392864175
267950040058200000001030800015400000093080010400010500080000000500070090700105430,267958341358241679941736825815423967693587214472619583184392756536874192729165438
000400103000030870800000006040850000150700200900203504000067001003000080010000652,675498123294631875831572496342856719156749238987213564528967341463125987719384652
034028690670400200000000070140070325002001000006040007020010008800052000967304150,534728691671495283298163574149876325782531469356249817425617938813952746967384152
800003950060000002000000048000724060270086090480950200090835000500009000000000080,842173956769548312135692748953724861271386495486951237697835124528419673314267589
415007006308000004000030080000000468500000790002760513000000000070600040000070009,415897236368512974729436185137925468546381792982764513691248357273659841854173629
003400070704901830100000042005000600006509007010070408002000001000015000001006020,953428176724961835168753942275184693846539217319672458692347581487215369531896724
090087000015406020040000060400050080900000050000070240000000090050810030000309070,296587413815436729347291865462153987978624351531978246623745198759812634184369572
082400000007300600060050029025900000700005302300200150000002030030800005070030000,982476513517329684463158729625913847741685392398247156854762931136894275279531468
600310000037080104020000030901008040040000607700000090000070012005036008200091400,694317825537982164128645739951768243342159687786423591869574312415236978273891456
600000010100000400050010800000000701002900000300600208005008070021000500709004100,674289315198356427253417869946832751582971634317645298465128973821793546739564182
004901800069000071200000005900160000480000019126093500000624193600010700300700000,534971826869542371217836945975168432483257619126493587758624193642319758391785264
000009006080460000000000000005900000090000805040058309050000024070094580403080901,217839456589461237364527198835916742791342865642758319958173624176294583423685971
090368701800500094750040036900000308100006000078000000200010000000032009006704000,492368751863571294751249836924157368135486927678923145289615473547832619316794582
092100003076003000038000076000400925040600007907030040001300702309700004054009000,592176483476283519138954276863417925245698137917532648681345792329761854754829361
002000035054000000010539640000364000400905010290807000600703508540200070800100320,962481735354672981718539642187364259436925817295817463621743598543298176879156324
000273000327108004000050237004800906500700080068930405800000000670000040940017600,495273861327168594186459237734825916519746382268931475851694723673582149942317658
245000080070008015098000204010000400000000000050804009907006040020030000030000090,245691783376248915198375264812963457469527138753814629987156342521439876634782591
600302500027400008001780004200009050789000000400000789090240070072130040030907005,648392517927451638351786294263879451789514362415623789896245173572138946134967825
007000012240000000008040600900002850021080307000100096005300004009016000102450080,397568412246791538518243679974632851621985347853174296785329164439816725162457983
090060000000000975000000040000002037208007409470080500701000300609075124000300006,597463281364218975182759643916542837258137469473986512721694358639875124845321796
500093000002706010070000006000008040700000100000000230020070000410000025607401900,546193872982756314173284596235918647794362158861547239329875461418639725657421983
700200009010694027008007630052079300000000002000100900006902003000701400901005200,764238159315694827298517634652879341189453762437126985876942513523781496941365278
000000075096001380030000920802009130000003090370160008000900007000025060084000019,128394675796251384435786921842579136651843792379162548263918457917425863584637219
008230900210090387050040200100009002300160500047000039501400000800510020400020801,768231945214695387953748216185379462392164578647852139521487693839516724476923851
050400970370900001080000640030100050000030168000000400090003206000000500120050094,256481973374965821981327645638149752749532168512876439495713286863294517127658394
400000062260000300038600507712006000300900005009100700000009000900800050600015003,497351862265798341138642597712586439346927185859134726523479618971863254684215973
603950400020000060504087002106093000290000300300400090000009003000200040900840510,673952481829314765514687932146793258298165374357428196481579623765231849932846517
300010060000672000006035080000069040000200300010007098201706059090000706007490023,325814967948672135176935284783169542659248371412357698231786459894523716567491823
000070000471065200509000376100050800054206937700900000007098500000540703000700028,362879451471365289589124376193457862854216937726983145237698514618542793945731628
000241000060003080200650940021730069300106000700000003002300600400500038007089200,985241376164973582273658941521734869398126457746895123852317694419562738637489215
002000390000300200001600857050876412010000000000109700205908600009060103000203080,642785391578391246391624857953876412716452938824139765235918674489567123167243589
375900048006270000000008000608007900104003000700890603040500709000000005007009400,375916248486275391921438576638157924194623857752894613243581769869742135517369482
028409000104000000367020495009071500000080000401900200800090021050312004000840050,528439716194567382367128495239671548675284139481953267843795621956312874712846953
050800000090017020010020090000690000670058000089700036038075060060000000000936050,452869317896317524317524698124693785673258149589741236238475961965182473741936852
000000400009207106634000050067000801050001007801600300000065000900000008300900000,712536489589247136634189752267354891453891267891672345128465973945723618376918524
004086000026000004008000060007809305000320001230000000000000000509407002702000000,954786213126593784378142569467819325895324671231675498613258947589467132742931856
000000203079030000008000907700000420406503708000000030003010800087000009541098370,154967283679832514328145967735689421416523798892471635963714852287356149541298376
010005000004120000063890120300007091100300500007050030000000008030010900800002600,219765384584123769763894125356287491128349576947651832471936258632518947895472613
800070000010030568050000040000000000037000080260009000000083200020400800000106970,842675193719234568356891742495318627137562489268749351674983215921457836583126974
539010600060305007000068350073001000008900063190000008000200805080000020040009036,539712684864395217721468359673851942458927163192634578317246895986573421245189736
060705000050003206030000900200001004000009800490380610000960703020100040000502008,862795431954813276137426985278651394613249857495387612581964723726138549349572168
426005008700080000081420070000040100000150000010700060039560002075000600000000751,426375918753981426981426573397642185264158397518739264139567842875214639642893751
080060490097000000060900500000103200210000000030070041100000000903005000046001800,381567492597412386462938517679143258214856739835279641158624973923785164746391825
000000700007050060090860300900000240000040000080720005008530000039070020070600000,864193752317254869295867314956381247721945683483726195148532976639478521572619438
000000250004200000007009061300004000010650400000012000650008000971020080008006000,193867254564231798287549361325784916819653427746912835652378149971425683438196572
400097025000080000002000000004900037010570000700038010030009000240050700080600150,468197325379285461152364879824916537613572984795438216531729648246851793987643152
008130279900000000000000010705000000000000780000072435060013900400005008300000020,548136279913257846276849513725384691634591782189672435862413957491725368357968124
400000009030020040600000150104700000008012934009048500000000800000000390080000000,471356289835129746692487153154793628768512934329648517546931872217864395983275461
000009800060021500001008007834000002000403150000062703080906401000100300047000006,723659814468721539951348267834517692276493158519862743385976421692184375147235986
000009071600000040001830900093125400007040005504370092100502704000080000080763500,348659271659217348721834956893125467217946835564378192136592784975481623482763519
000506800301070209008020671009103020000048900002060080000700068013080590000401730,927516843361874259458329671879153426536248917142967385294735168713682594685491732
045009706000814000009000120021703805900400000008002907802900500000000400594001000,145329786276814359389576124621793845937458612458162937812947563763285491594631278
000000200040020010005080070010070060204630000090400002060097400051000007487001590,738156249649723815125984376513872964274639158896415732362597481951348627487261593
007000002100002900500390000070000100800000000309800000000510290690070804001680570,937158642168742935542396781274935168816427359359861427783514296695273814421689573
400300008709040000300010000500906401000500000000007309030070090090853217107600000,425369178719248635386715924572936481943581762861427359238174596694853217157692843
010003054700000608000000030970062001021900300008000090040000000052009060007054000,619823754734195628285476139973562841521948376468731592346217985152389467897654213
060000300103692000009700860200307000070005203035000086850013070300000008000820005,467158329183692457529734861218367594674985213935241786856413972392576148741829635
008000003795310080003007002070480090961003805580000000037090000006000209059600708,428956173795312486613847952372485691961723845584169327837291564146578239259634718
800710000050800017097500004000030860005000030900000000720000000000902400684000003,846713925352849617197526384471235869265498731938671542729364158513982476684157293
060200001400008030128007004005100002800500710006700045000090070074060000031000000,367254891459618237128937564795143682843526719216789345582391476974865123631472958
000000000000400900000080000020840030000000700010300680900701523002004006307000401,875192364231476958694583217726845139583619742419327685948761523152934876367258491
078000200090400000060000910000904500901036708405000090346090002850000000710000400,578169234193452687264378915637984521921536748485217396346791852852643179719825463
000400020074002506000000407000003000500610700000500080000060000000080059600357201,916475328374892516825136497281743965549618732763529184152964873437281659698357241
100005029080009000300702800000500180070000000200000000604081900018900642000670000,147865329582439761369712854496527183871346295235198476654281937718953642923674518
738162490006800000205090000069000000070080600040006000083000951100000800950000700,738162495496835217215497386369241578571983642842576139683724951127359864954618723
100895060060370000007604000000009000548007096703500021070260000650700289080050000,134895762865372914927614853216439578548127396793586421479268135651743289382951647
506000098000008507007460123030500600001000800200907304000019040009804200124030900,516372498342198567987465123438521679791643852265987314853219746679854231124736985
050079308701520900040000000000090200080002400209043500004080000020004037500601042,652479318731528964948316725473195286185762493269843571314287659826954137597631842
080073051051004379000100400005300004706000905000010080900060002060080700048000506,284973651651824379379156428825397164716248935493615287937561842562489713148732596
945000628000850070720600305400000030070230896890100007007000000054000000209486050,945317628136852974728649315462978531571234896893165247387591462654723189219486753
903000070007090310000370002600037008780042003000060297000000060000010039406000020,923681574847295316561374982652937148789142653314568297198423765275816439436759821
010000000903010026000600005000057009750020600009000057000002068000501090560908000,615274983943815726287693145426357819758129634139486257391742568874561392562938471
030006007008052094096000038005900001200700080000210006900507002050600073600030009,432896517178352694596471238765984321241763985389215746913547862854629173627138459
900800350000971000000043000300000240094085006007400000459030062870050401000700090,941826357538971624762543918385617249294385176617492583459138762876259431123764895
000703600000941007008562090900137246000800975627400000092000000370000000560000700,419783652256941837738562194985137246143826975627459381892675413371294568564318729
010002300200000089030000000080004000040020090060059008400760001006200000000013020,618942375257631489934587216389174562541826793762359148423768951176295834895413627
000008907800307000710005000080000059001050340005432000000000092907200004000000108,543128967826397415719645823384716259271859346695432781138574692967281534452963178
000005000570000081000080002600792000007010009008403000800300000000960308731008900,182645793576239481493187652615792834347816529928453167869374215254961378731528946
000000000000009024060040009008400006913000000706003251080300700075604900324007010,492138567837569124561742839258471396913256478746983251689315742175624983324897615
200000507600009082700102640006014070370060200042800965091420000000093000003001400,214386597635749182789152643956214378378965214142837965591428736467593821823671459
500006084400002000000004000340709020005020371008060009000830740804600003010205000,592376184486912537137584692341759826965428371278163459629831745854697213713245968
800900000007140620400006037608000704200067593000401080180000000020608371070500800,862973145397145628415286937658329714241867593739451286186732459524698371973514862
080005610000600900046008705435007160000000070000003400003000240970300801000001396,389725614751634982246918735435297168192846573867153429613589247974362851528471396
073048000000230680820000000469020700000300000030076000140083975900002010057419800,673948521594231687821567349469125738718394256235876194142683975986752413357419862
000170004590000070000090080030008607058010092700000000007500009020743100400000023,283175964596834271174296385932458617658317492741962538367521849829743156415689723
000041007400070080617090450009000548000039006000600000030000800040063710091080004,983541627425376189617892453369127548158439276274658931536714892842963715791285364
386400050021600030000300000173096020042500006065000001200053068500000000607000003,386419752421675839759382614173896425842531976965247381294753168538164297617928543
001370006039105000400098130900001000600009004208040001000006050160000408394080010,521374896839165742476298135947851263613729584258643971782416359165937428394582617
001004000740002010592000000007040200000308000060700009006000105000219070009060004,631974582748652913592183746987546231215398467364721859826437195453219678179865324
039850102020000000000900058080000900500000086000000000000503809108460237000001000,739854162825316794641972358286145973513297486974638521467523819158469237392781645
000060730007400000001800460030000200040000006090000504008000140260050879400300005,924561738687432951351879462135648297842795316796213584578926143263154879419387625
068502000400030060001000429000000040700060910040008076690003100000026000200409000,968542731427931865531687429186795243752364918349218576694873152875126394213459687
826010095004600000100205000542080000001900084080007000005000201713020000290341600,826714395954638712137295468542183976371962584689457123465879231713526849298341657
000000000000087000003142006039000070000004000000075000380409200042060500005020400,298536741614987325753142986539218674867394152421675839386459217142763598975821463
002410075170500200000076000700624001400030800000001643503860000010000006020100000,692418375174593268385276194738624951461935827259781643543869712917342586826157439
429800070508000402107200090893400250050972000070000009000000030380000700045068000,429831576538697412167245893893416257651972384274583169912754638386129745745368921
601003050720000014904100008000000030000902000210000500542700890106038027008090000,681473259725689314934125678457816932863952741219347586542761893196538427378294165
074809000005400008001057064007003000000080007000045680006300805000006023003020000,674839251295461378831257964587693412469182537312745689126374895948516723753928146
007200900000000063016000000080040000000000356703020004052018630000405000601000540,347256981529871463816394725185643297294187356763529814452718639938465172671932548
900002000500063908002090071050087100100356007000410005003000002401000700090030006,916872354547163928832594671354287169129356847678419235783641592461925783295738416
050062000310409062602080001000850020000020003046000050000000005000090706005200380,754162938318479562692583471139857624587624193246931857963748215821395746475216389
897005001104000006005008970010200000902050063503089000000000620061000090000306100,897465231134972586625138974716243859982751463543689712379514628461827395258396147
402100000000000000306480000000040001938020005000090708620800009800010600001000000,482157936719236854356489172275648391938721465164395728623874519897512643541963287
070000090400890000006700004050000080600450700001000000060000000087004020309080105,872145396413896257596732814754329681628451739931678542265913478187564923349287165
000000067640025003903406000030082700400160002206540001100030500008050600002694000,825319467647825913913476285531982746479163852286547391164738529398251674752694138
468075000379000001000000000702000408900501760006080000000703009000402000601000000,468175923379624581215938674752396418983541762146287395824763159597412836631859247
004080619006040005172060000013620907000000000205809040040007200000000174721008506,354782619986341725172965438813624957497153862265879341649517283538296174721438596
000096047607000000000040500100080000000000009090002070715020080000758010800600700,352896147647135298981247536176983452528471369493562871715329684264758913839614725
005000004000034700834000600083070029400380000000000308050000800640000900000060040,725698134916534782834721695583176429469382517172459368251943876648217953397865241
000100000053042000020006009009804016600901000500007094004600952006005070005009400,467198235953742681821536749379824516648951327512367894784613952296485173135279468
318500200094600030007309000001003020060002008020080371100000800000201607076030402,318574269294618735657329184481753926763192548529486371142967853835241697976835412
200710000715000200040000000080600020090040300020090000058001070000800052300400010,239716584715384296846925731184673925597142368623598147958261473471839652362457819
040170030187000000000908010090300170564700290713260050900000501000017000300090780,649172835187635924235948617892354176564781293713269458976823541428517369351496782
000064001000809070100020000000201507500608900010000062060080009070050000000096054,798564321623819475154327698986231547542678913317945862465182739279453186831796254
000040090054280163000001245000700000010500009070900000000800012001400030000030000,132645798754289163986371245495763821618524379273918654347856912821497536569132487
053760900060058230000030600600890001390007000720000080000009005037080000002470000,253764918164958237879132654645893721398217546721546389486329175537681492912475863
850000003900530002103006000000180309400300258000720601000000020069002034204010000,852471963976538412143296587625184379417369258398725641581943726769852134234617895
050627803703508000000000070020000100030279080478030502041763028800000000000080001,954627813713548269286391475629854137135279684478136592541763928897412356362985741
200078400050009607000000018500021000800030109100000002080400070903100000700600080,261378495458219637379546218596821743824735169137964852685492371943187526712653984
000400701000076080080901400000800000851049000009003150000030012008002000014080003,963458721142376985785921436376815249851249367429763158697534812538192674214687593
000000006100065380006000004060417295500002000490006700000000000000000052080020931,258943176147265389936178524863417295571392468492856713329581647714639852685724931
060409000000675000500000006320500080000780301000304005700000000010053840004010000,168429573943675218572138496327561984495782361681394725739846152216953847854217639
009068300800012000006005700080900040005600079602000105000284690000070400000000500,179468352853712964246395781387951246415623879692847135531284697928576413764139528
900700400050000070071009502600071000149500007000000090004300705510400000290158046,982735461356214978471689532638971254149523687725846193864392715513467829297158346
460805200200961000050024006004600000000000590000258000386512000000006005005080603,469835271237961854851724936524679318678143592193258467386512749742396185915487623
109000082050020900320001400006800000000010690003260048078000060001000824200008170,169354782854726931327981456946835217582417693713269548478192365691573824235648179
210009070094362050350700006900600241082013060000000000000000015000020603060007002,216589374794362158358741926935678241482913567671254839823496715147825693569137482
001006000930400760007000000000027314000050097709640205000300821200109050000060070,481796532932415768567238149856927314324851697719643285695374821273189456148562973
000583671030607280678000390000000520085019000000058000000902000003005040000060030,294583671531697284678124395719346528485219763362758419846932157123875946957461832
090200600700030005004800020600195400005743006000602500006019000000578000078006050,891254637762931845534867921623195478985743216147682593356419782219578364478326159
800400300410000872030008604100300500375680000620541080000010958901036000000000100,892467315416953872537128694184372569375689421629541783763214958951836247248795136
350190070910020080200005001000000040009400000035080007703510004062840005000630010,356198472917324586284765391671253948829476153435981627793512864162849735548637219
034270000008093100092608300053000000800500002400081003001300000009100006000869210,134275689568493127792618345953724861817536492426981753641352978289147536375869214
983000002000305000506090074105720809200500000007180005304018000050004287000607000,983471562742365198516892374135726849268549713497183625374218956651934287829657431
700006025960000000040081006000247053001060007004108090003600080009700200607000009,718496325965372418342581976896247153231965847574138692453629781189753264627814539
000009057060040000000007080800004076395000800000001005040008030000060009001002060,184639257267845193953127684812354976395276841476981325649718532528463719731592468
000000030000004000409006501000518000805007012700090865900000056040020900030009000,671985234352174698489236571263518749895467312714392865927843156546721983138659427
050108270080075003300600500020000000000000000800000600100300745008520000060940830,956138274281475963347692518623759481519864327874213659192386745438527196765941832
000209650000406300000700490000000000029000000806050204695000803487000100000508009,743289651958416372261735498514623987329847516876951234695174823487392165132568749
904000070010200046670305010030600209400000103180000060300060000890031004050079608,924186375513297846678345912735614289469728153182953467347862591896531724251479638
060038001000000030009060500390204060087000020004001093850300010046000008070015000,265938471718452639439167582391284765687593124524671893852346917146729358973815246
205004700109037500070950000000000056000000138803010000020741000000000004500000809,285164793169837542374952681712389456496275138853416927928741365631598274547623819
040008000000060400000049000000003800000000100930620004016002050490700001085006003,341258697829367415657149382174593826562874139938621574716432958493785261285916743
090602000000000200000070000008250700001907600004000905720400810306528000809060500,197682354463195278582374169938256741251947683674813925725439816316528497849761532
001070000000080070270030001003009408805064012010050300069000087340008596002000000,931476825456281973278935641623719458895364712714852369169543287347128596582697134
902450006000900428470018009000000900609072000020389600390700000700000003005000190,982453716531967428476218539853146972649572381127389654394721865718695243265834197
020000041080200060000000230000425980650008374008360102001903600004700000030000000,529836741783214569146579238317425986652198374498367152871943625264751893935682417
000086905010050006050940010437591000100000093900030000004060001070000000000027309,742186935319752846856943217437591628128674593965238174294365781673819452581427369
000002850000004060308007000901530040004000510000200070000000000410009705000410600,149362857257894361368157429971536248624978513835241976596723184412689735783415692
900001050006000000003005400360000100000000387000300265001000020030028791280050634,947261853856473912123895476365782149492516387718349265671934528534628791289157634
189503602000290501700008300010370425003004090000800000000035016030082950450000000,189543672346297581725618349918376425263154897574829163897435216631782954452961738
005080000000420700320005800000700030000002090003560028057030000100240000036050071,765981342891423756324675819612798435548312697973564128257136984189247563436859271
706100000000700600003050079000003090904260307005000082000041035000300901401020000,796132854518794623243856179127483596984265317365917482879641235652378941431529768
000310700300970452057000000013020047029041060000030000190803570045090020030050000,264315789381976452957482136513628947829741365476539218192863574645197823738254691
600000073800000960310000028200400850087005390000000600060001500900850030030970014,629584173874123965315769428296437851487615392153298647762341589941852736538976214
000100963090080500001690708009008450300000000052070800900516300010800074003000090,824157963796283541531694728169328457378465219452971836947516382215839674683742195
000000000005000001620108400000059024000800609001600000060000000000986750093007016,419265378385794261627138495876359124254871639931642587768513942142986753593427816
400000006700005000200006070302008490000020700075900102104002050527800310006100000,489217536763495821251386974312678495948521763675943182194732658527864319836159247
000092700050010080001030000000000007000005800872000040008003001700108300010006008,683592714957614283421837659546289137139475826872361945298743561764158392315926478
920756008860040000400000670596000000030000090000000006000000007005670009000004080,923756148867241953451893672596138724238467591714529836149385267385672419672914385
000700083000001600006000900200000790104070006900802000600200501420180069300059008,512796483893421657746538912268314795134975826957862134689243571425187369371659248
010000030090453107000600028402317059000090000907000300079000042641028000020000701,716289435298453167534671928462317859183596274957842316879135642641728593325964781
010590436000670900600403280400009010000300062007000309000060120930040078000830000,712598436348672951695413287463729815189354762527186349874965123936241578251837694
004062005100745006000039240009080100207093058008201600800000000400300009000000300,934162875182745936675839241369584127217693458548271693823917564456328719791456382
000380000605400002000726800040078000070214030020050080004002507930560000052849000,217385469685491372493726851346978125578214936129653784864132597931567248752849613
016700000003600070072010960700000000100806090000900004040297000080300049009084000,916758423453629871872413965798542316124836597365971284541297638287365149639184752
490062007300900006106003000072006915630150080010020000040087000050000000000315200,495862137327941856186573429872436915634159782519728643943287561251694378768315294
000004000004000600126000400040000009002009000090046000060402050200805000009063207,935684172784921635126357498641738529372519846598246713867492351213875964459163287
480500370900087016762130000000000080609000150010003600200900008000860000108300064,481526379935487216762139845523691487679248153814753692246915738397864521158372964
000260070000000030407530020078006050003005007500000180001602090020300006030150040,389261475652487931417539628278916354193845267564723189841672593725394816936158742
009006400004000050050400607000005002098007030027090061900070000371600095080951003,739516428164782359852439617413865972698127534527394861945273186371648295286951743
560040700007001000410800200000000503080006000034702060800000300040308000000405000,568243791927561834413897256296184573785936412134752968851629347649378125372415689
200000008000020500000000002793010000840370901010040300100700800028000700000800405,276495138381627594459183672793518246842376951615249387134752869528964713967831425
306250008780300096095670030001002360240005010060000000030000000007530000000910620,316259478782341596495678231971482365243765819568193742639824157127536984854917623
020000309094003000000060000201306000038004000460080001000500090000000510000430200,526841379194753862873962154251396748938174625467285931382517496749628513615439287
090800021000130040102506000000070096068905410350000270021003780430000060080000050,593847621876132945142596837214378596768925413359614278621453789435789162987261354
602037001000104000500900070005490038000000029000763010000000290200009100951000063,692537841738124956514986372175492638463815729829763514387641295246359187951278463
050200000007000025940000700170009080280040000090086000800003451500902800000850092,658297143317468925942531768176329584283745619495186237829673451534912876761854392
024080000810000000000040700030094806500270009970000000050000000081020000000900082,724389561815762493693145728132594876548276319976831254259418637381627945467953182
245680000000059020010000000567900000000306070120805060600003918090001030300208700,245687391736159824918432657567914283489326175123875469672543918894761532351298746
002948010190067008084052960230000009908005070050600030021090000600000000003000200,362948517195367428784152963236874159918235674457619832821796345649523781573481296
007020463051000290023900005000000000000670350000005002800010020070000001006059800,987521463451736298623948175365192784218674359794385612839417526572863941146259837
005000031000500800308710005030008600800056000000147008483961500167800090000000180,925684731716539824348712965534298617871356249692147358483961572167825493259473186
084705961600894530000000824020409100109000470000070000060038009538040000090060000,384725961612894537975316824726459183159283476843671295261538749538947612497162358
103000900704300006820400000308000000260900004000000063601890200070020080000105600,153267948794381526826459317318546792267938154945712863631894275579623481482175639
500060008000080900083400700050000020068500040000040500704000800030000200020004103,597261438142783956683495712459837621268519347371642589714326895936158274825974163
050802000874519000900007010090000302005028190000300600267003400000750020500200006,351862974874519263926437518698175342435628197712394685267983451143756829589241736
004000090000008300072009650701030904420007100380451000200000509640000008000002000,134765892965128347872349651751236984426987135389451726213874569647593218598612473
000000000007035060300746000004000029209000000103000640000200496936000002000070800,865921734497835261321746985654187329289364157173592648718253496936418572542679813
000050021000700000062903087000572800000300105000840273000000000020037408008060032,879654321351728964462913587134572896287396145695841273743285619926137458518469732
120003090794010500003947000001000050062080010000561084600430002205108060000000000,126853497794612538853947621481329756562784913937561284619435872245178369378296145
502010060094730000000002194040000206208105003709003001000000600000000702000000000,582419367194736528637582194341897256268145973759263841475321689816954732923678415
000010000105003060600005000071039000438060009006480000500000830000090000800054000,792618543145723968683945217271539486438162759956487321519276834324891675867354192
950012400061000000007090020600208709790000003080750000300170650006000000070060032,958312476261487395437596821645238719792641583183759264329174658516823947874965132
016000000970000062000007540708056900005000027000000000469820300100970000807041200,516294738974538162283167549728456913645319827391782456469825371152973684837641295
000000609000753028000900000060508000070094803000000000008637291900800400007009000,135482679694753128782916345263578914571294863849361752458637291916825437327149586
520007100000008065710060040000006024080079506000020070000600417400580693900703008,526437189349218765718965342197356824284179536653824971835692417472581693961743258
930004702400300000560000304806207009210000430009410000080000970000040026003170040,931564782478392651562781394846237519217956438359418267184625973795843126623179845
783020901460000200005186000030801000070200000149060005000500010000040509054010070,783425961461739258925186743236851497578294136149367825692578314317642589854913672
000060000000900005043000096705000960016700000000002004201400657907000000000000009,598364721672918345143275896725841963416793582839652174281439657957126438364587219
701009036000000010080400702030140000102000360400920000004000000050000000000604007,721589436349267815586431792837146259192758364465923178674815923958372641213694587
000067300060002080020890000087050201105020894200001003600200000070609000000008000,548167329769342185321895647487953261135726894296481753653274918874619532912538476
090000063080030070000000510600070000900018020702463980007005091060090000109600000,491857263586132479273946518658279134934518726712463985847325691365791842129684357
400000806000060902096203104000000001000012060000000700930000000008006097000908410,421579836873164952596283174385697241749812365162435789934751628218346597657928413
403000621000000080000006070005048190800030006049200300056080410001064005900100067,493875621567421983128396574735648192812539746649217358356782419271964835984153267
080140200240050108130820600800400500970000400064001080010030805090005001050002030,789146253246359178135827694821473569973568412564291387617934825392685741458712936
086300100000000000300600082008090000603070825700000900804000050005768040002045300,286354197517982463349617582428593716693471825751826934874239651135768249962145378
000560000715000906000700050400000060570000040020050018100074003002890070000013000,284569137715348926693721854431982765578136249926457318169274583342895671857613492
410368500007000000008790000070020045100000700064500000940000350050010874080400010,412368597697152438538794621879623145125849763364571289941287356253916874786435912
008450062700908300030007008002895000009301200000000000057209106000780009090006400,918453762765928314234167958372895641689341275541672893457239186126784539893516427
504006000000000040730800090000143000005762910100980004208000060010009820903028400,594316287681297345732854196869143572345762918127985634258431769416579823973628451
900120040000004010048900302817000500092008000050297481001040057700001006500070030,975123648263784915148965372817436529492518763356297481631849257724351896589672134
020000000900005307100003002050600720402000186070000003200500008040201679010000030,523764891984125367167983542351698724492357186678412953239576418845231679716849235
070093006003076200100504907001000003000010009030825000000702090240000060390000002,874293516953176284162584937721469853586317429439825671618742395245931768397658142
035900070100026090000780030802060013700030002053007809000000000901000020520100980,235941678178326495496785231842569713719438562653217849367892154981654327524173986
070000900400000000206900740050007200780602100062153000007000302003260000000030400,578426931419375628236981745351847269784692153962153874647519382893264517125738496
438020050020000003001430029090040000080000000074280000300000500000003000000152907,438629751927518643561437829293746185685391274174285396319874562752963418846152937
009060500000420600020759380090070060000900000007005900000040010052000400061300000,179863524385421679624759381593274168216938745847615932938547216752186493461392857
090000000002000600056309702504003901007408200023017040000890000700000020000734000,891276453372145689456389712584623971917458236623917548145892367739561824268734195
796000002020090600480026000030060018000930000000000403500009000000000305000015800,796543182321897654485126937937462518854931726612758493568379241179284365243615879
108097500000000009009100603500700490010039000900000000030002060691000250840000907,168397542374265819259148673583726491416839725927514386735982164691473258842651937
030006750627030000050204608700080000000527900090640000000009040173000000000300810,438196752627835194951274638765981423314527986892643571286719345173458269549362817
003040095002007034050390006007500861000009007006100349000700910000000070309002600,813246795692857134754391286937524861148639527526178349485763912261985473379412658
008090030205000070003820006300709005050208017000004002107005800000973050000082000,468597231215346978973821546342719685659238417781654392197465823826973154534182769
900030002005090034040001000030009000801300290459016000003000500506002703720003600,917634852265798134348521967632879415871345296459216378183467529596182743724953681
004000528700300406200040000059400671000500942040090003530010000081050360000800005,314679528795328416268145739859432671673581942142796853536917284981254367427863195
010050000000130240400000500800000030300582000729010000900260000100075800502300907,218654793695137248473829516854796132361582479729413685947268351136975824582341967
400000000703000020001000000917020008800007002000400001006890205300700016040006700,429678153783951624561234987917325468854167392632489571176893245395742816248516739
064300900002000340537290060780001000000059003005036008000000700078002130201900084,164387925892165347537294861783421596416859273925736418349618752678542139251973684
520000000090000000000031009000089147009153800060000503000798000007500018000000070,521967384893425761746831259352689147479153826168274593214798635637542918985316472
000709000703005080009000724106073098805690200390400001234050000600900800908060000,412789563763245189589316724126573498845691237397428651234857916671932845958164372
920034700400006001803079000004000008070000000001000070000090003700200069009000100,926134785457826931813579246394762518278351694561948372182697453745213869639485127
890040700005000240214305000420731009050060800009520130002607000080000406000083900,896142753735896241214375698428731569153964872679528134942617385387259416561483927
000000064002609000060080002036400200005000000000000050000346500540897106608005070,857132964412679835369584712136458297925761348784923651271346589543897126698215473
000005040104093000050040800300400520540020039702000084000002900020000000807100000,986215347174893265253746891319478526548621739762359184431562978625987413897134652
804060207005020908900000304002000000700200095000057100358070640040039080297000000,834965217175423968926781354512694873763218495489357126358172649641539782297846531
000001204190000700204736510000080000500020607300000100400910056001060070950200430,763591284195842763284736519649187325518329647372654198427913856831465972956278431
030001400780046910001000800158000000600087091070100006300000000000053000004000723,935871462782346915461925837158269374643587291279134586397412658826753149514698723
800905674600024800304000050000070010000008923030010407400006792100080040050090100,821935674695724831374861259946372518517648923238519467483156792169287345752493186
600800740090000000080490000904001370003074000007063400010000904006040000240008000,631825749492317658785496132924581376163974825857263491318752964576149283249638517
000782395200000084085000010004000000000500008030047060053400801040001950020650000,461782395297315684385964217514896732976523148832147569653479821748231956129658473
020000100600001008000070000190720800000010007038954600007200006002100750305087000,523869174679541328841372569196723845254618937738954612917235486482196753365487291
000000004000000003346970105090400250005000040270090006009600401000200900030700002,917583624582146793346972185893461257165327849274895316729658431651234978438719562
050403000406050010007000204005931007914000002000000100070060301041027006030014705,152483679496752813387196254825931467914678532763245198278569341541327986639814725
430000710000000003002005400000001000020900007070200100009010000000892300200563001,435628719687149523912375468593781246126954837874236195359417682761892354248563971
040001000900000210000003000600025000005160002020037000201500430000000900004000120,743251689956748213182693745619825374375164892428937561261589437837412956594376128
002000800370040000050800000000050000007068000000070506080090214009700608600080397,962517843378942165451836972896354721517268439234179586783695214149723658625481397
000000000603000800102098604060027000395080067728000000239000000010000000000060013,984316725673542891152798634461927358395184267728653149239471586516839472847265913
000000009900000020200070350040002910000600043009300007700000600002003004401000090,376521489954836721218479356643782915127695843589314267795148632862953174431267598
001420009006010000870900041000500010547000080008000050620304000105600000700002098,351427869496815723872963541263598417547231986918746352629384175185679234734152698
000000000007090001090100000125009400040510020000000050000080040584700912000204830,316428795457693281298175364125869473843517629769342158632981547584736912971254836
056000700000000604003006008302000000090080000000500080420000100678901000031000006,856349712219857634743216958382164597594783261167592483425638179678921345931475826
100000790200000030900805012069000140000000050000000000092040081800000074040000009,135264798286197435974835612569382147428671953713459826692743581851926374347518269
001000900030000502004070010000054800000090000020000030000031280070000409902007003,751382946638149572294576318367254891815793624429618735546931287173825469982467153
760085000000032004020000108106203080000060001008010026007501603002090000050008017,764185932981632754523479168176253489295864371438917526847521693312796845659348217
003870510604210003010930040000001050509080030000090800400723001006000005120609300,293874516684215973715936248872361459569482137341597862458723691936148725127659384
270016098510000700003204000100087000000020879607009024908000400400038006000040000,274516398516893742893274561129487635345621879687359124938162457452738916761945283
000839007839007005000100003900000000000671004000490000503000062400080000096000000,615839427839247615247165983964528371358671294172493856583914762421786539796352148
780010030006000054052400006060200000200058109503007040000800025001940307005602490,784516932916723854352489716168294573247358169593167248479831625621945387835672491
036007090524309160007050830009000000641002000382060549000000004000600010008000000,836127495524389167197456832759834621641592783382761549265918374973645218418273956
000290000890400207010806403000904600000605000936010000000000178060082350050307000,674293815893451267215876493527934681481625739936718542342569178769182354158347926
070360000620008000800501700000000007032070041764103000307000004006400078490800500,175362489629748315843591726918254637532976841764183952387615294256439178491827563
040060270507102008029070065250090006078200003031800050306004029700000100010000080,843569271567132948129478365254397816678251493931846752386714529792685134415923687
406000000000103024000900008901006702260019083007300006083090201000400007104030805,456278139798163524312954678931846752265719483847325916683597241529481367174632895
100309720900080500008000930802007000090831004030096005004003607700900400300004182,145369728973182546628745931812457369596831274437296815284513697761928453359674182
609210000010000000502068000068000005291000000300000209400820501080007403120400008,649215837817943652532768914768392145291574386354681279473829561986157423125436798
001007000607304080008026071090641000000000094070250013000000000789402030000000000,351987426627314589948526371293641758165873294874259613432195867789462135516738942
