puzzle,solution
083007060910002740207100000100000030602800070004000500001006007840700300729000006,483957261915362748267184953198475632652893174374621589531246897846719325729538416
940168000050230069200000000010700000300490500804356000000000100090010000070009600,943168257751234869286975413519782346367491528824356971635827194492613785178549632
700205916008106700100030000806050201005007000204018503000940002092000157000002009,743285916528196734169734825836459271915327468274618593657941382492863157381572649
090800000640172039700090000000000000800009640500704002100008076970201304200000108,391846527645172839782395461429613785817529643563784912134958276978261354256437198
067000900002040010050709004905080020600000005000006100006008000500104800000567091,467813952392645718158729364935481627681972435274356189716298543529134876843567291
000240063008096400040807000050010237000430080600970041002003090400009050000000300,795241863128396475346857129954618237271435986683972541812563794437189652569724318
006800002980000305003095008007040506050070009094000007065000871100064000200780650,546813792981627345723495168817249536652378419394156287465932871178564923239781654
003040016000000000000000008004650020050321000000000300902100037007030590015470000,593842716178596243246713958834657129759321684621984375982165437467238591315479862
000005000010000000000762150780623010603100000001000000100907680067000004390806701,278315946516489237439762158784623519653198472921574863142937685867251394395846721
105492600670830109090700200000500081509080400013900502200000090000000814000609020,135492678672835149498716253724563981569281437813974562247158396956327814381649725
000400200098100704240003160810000500005008900960005003020900380479030015003061000,156497238398126754247583169812379546735648921964215873621954387479832615583761492
000201000000070000823040000000007000948002600675039120000590210400308759050000800,794281365516973482823645971231467598948152637675839124387594216462318759159726843
600008000807000009930000600206800000003009060059007020060000001590070840070086002,641598273827463519935712684216854937783129465459637128368245791592371846174986352
004000000800950040000003700030084020127035800008000500400007000960500372000000010,394871256876952143215463789539784621127635894648219537483127965961548372752396418
035000192964300000210500046100900004000670900690000805000800000000000407420700680,735486192964312578218597346182935764543678921697124835376841259859263417421759683
059006003300000620006070508000395080003000052508720900600400090080000017970100000,859246173347851629126973548412395786793618452568724931631487295284569317975132864
700005001006400805100906000000073000002059700060004003603700009000000300800001020,749825631236417895158936274514673982382159746967284513623748159471592368895361427
930280714580300000000609005000000607015004000000060059000006000761028003003001000,936285714584317926172649835398152647615974382427863159859436271761528493243791568
005200100002408037080000000200040003001002000090503000004005006500760048076020001,745236189612498537983157624257649813361872495498513762124385976539761248876924351
000061804060508000001003000586000200700010063100600008308000000900000300002000400,275961834463578912891243657586397241729814563134652798358429176947186325612735489
006075084001000000000080070462018090800926105100030026200000608000001700008002009,326175984781294563954683271462518397873926145195437826247359618639841752518762439
700900206090420000300170000048000000201049008079060000080000005950007403007010090,714935286895426137326178954648351729231749568579862341183294675952687413467513892
900000000030900700500000030025096000060700020000003000680574000200010564000009100,942637815136985742578142639825496371364751928719823456681574293297318564453269187
060000000002401005000008623001700508509000402000150030020830100000000004000294080,967523841382461975154978623231749568579386412648152739426835197893617254715294386
600000340070300659300800001000039000000068910900040203000500000000000800086000000,652917348178324659394856721815239476243768915967145283439582167521673894786491532
067300410091007000000142970750000600384000000000034080000871000070023000120690047,267389415491567823835142976752918634384256791619734582543871269976423158128695347
800000094000290030000300000062405070508070000074000650400800020730500009001740005,823167594615294837947358216162485973598673142374921658459836721736512489281749365
700100005056002807480000902200000000000001200501000793800700120004800006002310584,729138465156492837483657912248973651397561248561284793835746129914825376672319584
000218600120070000700000201200000000000900000690400002800140700010060000000380004,439218675126574983785693241241836597358927416697451832863145729914762358572389164
857100904190700000040300007000094206260003408085021000310005600020030800000006025,857162934193748562642359187731894256269573418485621793314285679526937841978416325
250001809430000120910820057000280931800500400600000085300060000060008000040070698,257631849438759126916824357574286931893517462621943785389162574765498213142375698
160000038075093020003500009000000063310900052600300071030701600080025007000039004,169247538475893126823516749592178463317964852648352971234781695986425317751639284
000307009005002340010509060000000705070195400004000000000004000000630080049200001,428367159965812347317549268231486795876195423594723816183954672752631984649278531
500000009000200406000108070130900000605000000004030962001800000007415803400372090,513647289879253416246198375132986754695724138784531962321869547967415823458372691
020300000040000532007409000063580004000004803000200006096153000205000001030000000,628315749149678532357429168963587214712964853584231976896153427275846391431792685
490380006010025003003006701001902504000548000045007000208600410030000800100070000,497381256816725943523496781781932564362548197945167328278653419634219875159874632
000804000100000034000000982400070020003502870070000450968003005000065008000000000,529834617186927534734156982495678123613542879872391456968713245341265798257489361
900100200000003000080000300200000007057800062000002180045018000360509700001007405,973185246126473859584926371218694537457831962639752184745218693362549718891367425
001000060070030214000600000006100002320706001008920400000000008087092005000000007,831245769675839214942671583796184352324756891518923476463517928187492635259368147
460092570320010040897006103050000000070820000200600007930100000006030000718000000,461392578325718649897456123654971382179823456283645917932184765546237891718569234
026098004080000903905070008001657000400000017000000000010000205000005031003710009,726398154184562973935471628391657842468239517572184396817943265649825731253716489
390000008208000104460819035000105000900070561170030000020700000040001002010602900,391524678258367194467819235682195743934278561175436829829753416746981352513642987
005008060900514032803700540000050003008000100537600000300000008780000056400025000,145238769976514832823769541214957683698342175537681924359476218782193456461825397
000000000008000001090000037802304000100009000409070080905003000080017006601540000,314796852728435691596281437852364719137859264469172385945623178283917546671548923
900736010700200090060900037080610000590020040010007002001009005009000000006100000,925736418743281596168945237382614759597328641614597382231479865459862173876153924
940652380030109000000700924080000000700010649000204130095000010000400802010006003,947652381832149567561738924184963275723815649659274138295387416376491852418526793
506008030007006100000000000351000940008400300200000007004080001000129003000700060,526918734497236158813574296351867942768492315249351687974683521685129473132745869
300407918000600700000800430800140007100000000070300100000582070007014020520736809,356427918418693752792851436835149267164278593279365184943582671687914325521736849
001009005080006000000020600027008009093207850150090260806005000500901406000002510,261849375384756921975123648427568139693217854158394267816435792532971486749682513
210780049000056003600000000000030700090170500087905000864000975030507080700800360,215783649978456213643219857521638794496172538387945126864321975139567482752894361
600000030500240789700003060080000006000800591965100840106000000000000400002970000,624789135513246789798513264281495376437862591965137842146328957379651428852974613
700009004052040610900000000100070000009006000000000000500931800390004070640002003,713869254852347619964215387136478925489526731275193468527931846391684572648752193
002000000000204900000670051300060000070000043250001708607100802020009004000720000,562918437713254986984673251341867529876592143259431768637145892125389674498726315
130470902000326000020900035080000090000100040049263107007032000003000001002000070,138475962795326418624981735381754296276198543549263187417832659963547821852619374
030000087287003005156208000060107030700000001003000479001030040090000703008000910,439561287287493165156278394965147832742389651813625479671932548594816723328754916
000007400009100006006080500400002000000400051070000002100020060068000105027001890,253697418849153276716284539435912687982476351671835942194528763368749125527361894
500062300007400520029050000093010000200000000000690000030100709000000062000500030,548762391317489526629351847793215684265874913184693275436128759851937462972546138
004000300300702590000930000029003060080006030001050407200010000090000804000300610,974561328318742596562938741729483165485176239631259487246815973193627854857394612
000008090400020086370940005147000839000473100000009000000000001700004000000000600,216358794495721386378946215147265839859473162632189547583692471761534928924817653
000010060000000000580060312900000000078240090100009700620073081019002450034000620,293715864461328579587964312956137248378246195142859736625473981719682453834591627
304087001800000300762000005013000500008100000009300600000000050900500006405073008,354287961891465372762931845213746589648159723579328614136892457987514236425673198
400900000085000010700421085500000003078006001000030040020000100050200064000000008,461958732285673419793421685546192873378546921912837546629384157857219364134765298
100600809400050000760001403018007030074000186000008700090816000000700010000500007,132674859489352671765981423618497235974235186523168794397816542256743918841529367
409000100008100004002490780000020000301064570900000000700000008800047016094010050,479386125538172964162495783647529831321864579985731642716253498853947216294618357
000600370086000509130459000000800930608034020720500010065007003014900200072000000,459628371286713549137459682541872936698134725723596418865247193314985267972361854
001037000000000000402008009809700000000060003103040000006375041340000200000004376,981437562635912487472658139859723614724861953163549728296375841347186295518294376
000743000000100304000069070503000000900310006200007100305008000470000500698031002,852743961769152384134869275513624897987315426246987153325478619471296538698531742
000086050000000090003000000536008049900500300007039000170003980004005107000000000,729186453651374892483952671536218749918547326247639518172463985394825167865791234
078941030100602700205803000050380004010504002080007000000060300560230481000000600,678941235139652748245873196752386914316594872984127563891465327567239481423718659
050000097008000000937010008000006912000008000000000003580300401740800060300700000,154283697628597134937614258873456912215938746469172583582369471741825369396741825
038000470200900060000000582021000047400000058300008691009020836040007905580000004,138562479275984163964731582821659347496173258357248691719425836643817925582396714
070006000820009604010720300048000010001967800060001000300000000100000007280003050,475836129823519674619724385948352716531967842762481593394175268156248937287693451
000507001007001500020000007000380090006400003093010000142065379000004600670000814,938547261467921538521638947754382196216459783893716452142865379389174625675293814
000095000400010020500084000008900004040801002602457000000000410900000580054370209,261795348489613725537284196718932654345861972692457831876529413923146587154378269
100850000035040800480002500500008002003007089009604015000000008058461920900000040,197853264235146897486792531541938672623517489879624315364279158758461923912385746
502100906600203001000000000000009180203840607008002030000001068090350020320070009,532187946647293851189564273754639182213845697968712435475921368891356724326478519
000001000096085001000720940002000009305009100900460250003000006000600002070000593,287941365496385721531726948742158639365279184918463257123594876859637412674812593
000800006000036800060000000070080005005070284080560703048003000030098000000000300,957812436412936857863745921374289615695371284281564793748123569536498172129657348
008000004100040000005360107000070060600000940000980270023090000000000029760004853,978512634136847592245369187892471365617253948354986271523798416481635729769124853
004100000000006000015932000000000000072590046300004090900715460001008972407009500,684157239293486157715932684849671325172593846356824791928715463561348972437269518
530708021820009007497000000000000050900025000200403609043090000059306200600050703,536748921821569437497231586364917852978625314215483679743892165159376248682154793
032700040796040200085100300004007000503006020009003600040030598901000406300004000,132768945796345281485129367624987153573416829819253674247631598951872436368594712
005207601960500803081000000020851900000002308090000500079000260010000005034700109,345287691967514823281396457423851976156972348798463512579138264812649735634725189
609000000804000700300050980000000000130029050906570004091080000008000200700000000,679832541854961732312754986425618379137429658986573124291385467568147293743296815
500002000200051980091080050043097020800006370009835000350008000000500000180320005,538972641276451983491683257643197528815246379729835416352768194967514832184329765
008040602060090507000000049076000000000009060080470020007214000004580900010960204,958741632462398517731625849176852493245139768389476125597214386624583971813967254
709200308412000650000006009073501002621080503000000060006000030040030095008009200,769215348412893657835476129973561482621984573584327961296158734147632895358749216
100003007000481590005079010090718340700000060000004002901807600020040030000002700,169253487273481596485679213692718345734925861518364972951837624827546139346192758
000300000609500314000000090070020140000415700401007000037000050200000800008000000,542391687689572314713684295375926148826415739491837562937268451264159873158743926
080000000001080000000512380006320000029806435003400001300000008060003502015068040,584937216231684957697512384456321879129876435873495621342759168768143592915268743
000675010510040078030081400007120050000736800000050001005390187000000000003000509,894675213512943678736281495347128956951736842628459731465392187189567324273814569
004751800703890020000020009000407952502018000400502001001005297600009308900000000,294751836713896524856324179138467952572918463469532781381645297625179348947283615
984006050000053008003400006000001000607200000010070809002000190560000004009040000,984716352726953418153428976298531647647289531315674829472865193561397284839142765
060001000000400790000000501600309070700002100080000904000000000208560010004090050,467951283815423796923876541651349872749682135382715964596138427278564319134297658
504800000080365000600000200190000800250030070047016009008052013005490000000600502,514829637782365941639147285193574826256938174847216359968752413325491768471683592
900700000003009076000050094005080420600000700400305600054100002006002500000500000,928764153543219876761853294135687429682491735497325618354178962816932547279546381
000030100803000070000960483400378000370501000100000000000004050500700001000603090,647835129893412675251967483469378512372591864185246937938124756526789341714653298
090806000315200000080003090000020004900000000070004000100900062450000080008035000,294856173315297648786413295861329754943571826572684931137948562459162387628735419
040570010730090040080400570100000839009630100308900005000705000450080097810009400,642573918735891246981426573164257839579638124328914765296745381453182697817369452
040005300000070000008000092031297000000510734000004019010000028700001003004300070,146925387295873146378146592431297865962518734587634219613759428729481653854362971
000300060940000800208604057070000600809401003001039085100003026002500018000800509,517328964946157832238694157374285691859461273621739485185943726492576318763812549
004006507005000046070100800050604900281000074000010050500091708000002400097000100,824936517915287346376145892753624981281359674649718253532491768168572439497863125
302400190009030805548091073100300900000000462060200300081000709090000021000000604,372485196619732845548691273124368957835179462967254318481526739796843521253917684
002070190600300000830400072040208016000500087008060305004603720200000408300000060,452876193617329854839451672745238916963514287128967345594683721276195438381742569
694130000082040000100008409000380092000400080000000004013004070570019000048700001,694132758782945136135678429457381692321496587869527314913864275576219843248753961
700040000802650010914807060000065200080000650546900137009000000000093000000078490,765341982832659714914827365193765248287134659546982137429516873678493521351278496
800000600610800007920000308480000000300008045009070000290000564500960781001005003,847513692613829457925647318482356179376198245159274836298731564534962781761485923
008006520030000090950010700000600000200005630064297001000000005003000000020000470,148976523732458196956312784587631942291845637364297851819724365473569218625183479
700000010000200947064090000240080000500900600000000003000020070408300000002104060,729435816835216947164798235243681759581973624697542183356829471418367592972154368
000007219009000430005000678001050000004000021020604500600000004357400100402000053,836547219279861435145932678781259346564783921923614587618325794357498162492176853
000075000641002705070000801000009060509600040700048019004017000000450170000080004,328175496641892735975364821412739568589621347763548219254917683896453172137286954
005403001800700000700600000106000009347100056080006007572060018060085402000070000,625493781893712564714658923156847239347129856289536147572964318961385472438271695
053180000004000006000000000530840027408000050020000004002094000960710002040006790,653187249184239576297465318536841927418972653729653184372594861965718432841326795
000069001000050980040080000000603809000070060460000700006400090010590000094200050,857369241231754986649182537175643829923871465468925713586417392312598674794236158
154003800007158030000600000000805000008730090030090100091040062260000007003260009,154973826627158934389624751976815243418732695532496178891547362265389417743261589
086500000400200136003614000500003800008005020001002007000420083300907000000306000,186539472495278136273614598562793841738145629941862357659421783314987265827356914
273000805008004000000805920030040098420000031089510200007000400952400000800327009,273169845598274316164835927631742598425698731789513264317956482952481673846327159
005000080020680000000020600478935000010000053500160000000000900051007000600004018,365471289724689531189523647478935126916742853532168794243816975851397462697254318
000000000000008000087010000000600250050100649000300010700040092539760001000000300,145239867693478125287516934971684253358127649462395718716843592539762481824951376
518030000600000800000000300300704210400200000000000000009508006705000982002070103,518432697623917845974856321356794218487261539291385764139528476765143982842679153
290000500508040000000180029950410007020000610010603005600800000000760080000930000,291376548578249163364185729956418237823597614417623895649852371135764982782931456
047006001030001090000030700070060080300020000008000200080002457010000060000649010,547896321832471596691235748274963185359128674168754239986312457413587962725649813
000006100500002004800010690038000000000600700000005306100000200002050030005001068,943786125516932874827514693638197542451623789279845316184369257762458931395271468
090000000305409100000020000049156230060000000100000056050310700080905003900080010,298731564375469182416528379849156237567293841123874956654312798781945623932687415
780000006030069700162047503000000650004036020070592000503020008200000900010000432,789351246435269781162847593321478659954136827876592314593624178248713965617985432
000045000005000200820010000000029706050007008760080020006004000930072054004301602,697245183145738269823916547418529736352467918769183425276854391931672854584391672
000069052095400070000007000004608021710032500260000008000000306470010200001250000,847369152695421873123587649354678921718932564269145738582794316476813295931256487
036750080004631507090008000060875020008003056052006800600300000005000300280564000,136759482824631597597428631461875923978243156352916874619387245745192368283564719
370800009521000860000040010090080072487620001000004698000008900018000340000400080,374861259521937864869542713695183472487629531132754698746318925918275346253496187
900470815000059600000061200003600900000500080008913720800035400065240000020000038,936472815182359647754861293273684951619527384548913726891735462365248179427196538
308100070710000050009070000900000000182060034005002060020300640003241800004056321,348125976716493258259678413967534182182967534435812769521389647673241895894756321
050060902200890100000000706070002300049001000300008000005306270700080010000000500,854167932267893154913524786578642391649731825321958647495316278736285419182479563
800004000700900002000702690090130060601248000308000021007060040200000010000021708,829614537764953182513782694492137865651248973378596421187365249245879316936421758
402000950000002000089007000800000302510070840000068000900005600000800230700000000,472186953351492786689357421897514362516273849243968175938725614165849237724631598
200430007700000000504020080027000003400193000930000040800004036042000018000060000,281439657793586124564721389127648593458193762936275841875914236642357918319862475
006000000590004000700609800000000080009000040800563070002045008083970005007100300,246738159598214637731659824675491283319827546824563971962345718183972465457186392
400930005200000068300502900004000000860000023000000600000205096050300017009810002,416938275295147368387562941574623189861459723923781654138275496652394817749816532
537610800001000065040900000003000000460000090000008320010000650070104038002360104,537612849291843765846957213723596481468231597159478326314789652675124938982365174
139600005020190000057000010200856947000000150005000600002071000070560090000000760,139627485428195376657348219213856947946732158785419623862971534371564892594283761
401000008859102000000390405095000600204009000010807009000700050008910263040260097,431576928859142376627398415795431682284659731316827549962783154578914263143265897
001000768065070403000060005000000000000006002608000009500000921820000507017002600,491325768265978413783164295172493856359786142648251379536847921824619537917532684
000000400520076190190004005000081000080409600000732500200010870000040000810560030,738195462524876193196324785457681329382459617961732548245913876673248951819567234
600050090701090000200300008005000089000008145870501600517403900028010304400720000,683152497751894236294367518145236789362978145879541623517483962928615374436729851
000073580002650000005001000000009040008100307704065000001040000000800059000502010,169473582432658971875291436316789245598124367724365198651947823243816759987532614
300108000890000060500009418009280000210000084000401972106004000900000000000605030,364158297891742563572369418749286351213597684658431972136974825925813746487625139
000000309050000080090100600000007063906280000010000000200090500031008090009340070,172864359654739182398125647825417963946283715713956428287691534431578296569342871
000004003000603042006219008003000980200100004810090506960032007740006030050000860,127854693589673142436219758673425981295168374814397526968532417741986235352741869
032000900940006158000000004050862001000009507000750080080000300301680042005203009,832514976947326158516978234753862491168439527429751683284197365391685742675243819
400001760800700001070290803005000009000050000000010050310000080006003294900500037,492831765853764921671295843135628479768459312249317658317942586586173294924586137
090080000001050008070000045000005267002000580705069010000300050000500901400091820,594186732321457698678923145943815267162734589785269314819372456236548971457691823
000901000061200000047300080009030001000659000600108090000017005000403800130000002,583971624961284357247365189859732461314659278672148593426817935795423816138596742
200890500087063029009501480000100090400089070090270300000602900000905008006038010,214897536587463129639521487763154892452389671198276354875612943321945768946738215
900100500410300706000000240007000000246003850183070000000490020024806079009031400,972164538418325796635789241597648312246913857183572964851497623324856179769231485
020374800637000000410000730070006309340050000000002401052003000000025100003090005,925374816637218594418569732271486359349157628586932471152643987894725163763891245
200834000940000720000092300004000080020057900009168230090246800500000060000500102,271834695943615728865792341614923587328457916759168234197246853582371469436589172
000000760300791002704002000000483010040107090102009000900318050000000900061005003,219534768386791542754862139695483217843127695172659384927318456538246971461975823
640000500000001900009000700038009000502470030006003100000000017000018400050600000,641987523275361984389542761438129675512476839796853142864295317923718456157634298
000800200010000008020000000300007002050690000087214300000030700005008603000006050,543879216716452938829361574394587162251693847687214395462935781975148623138726459
000800000080036005000492083130025948008300760000608502700000029000000300025900010,362857194489136275571492683136725948258349761947618532713564829894271356625983417
000300900600000000070089000301690578700540039005000042250960800930024006160030004,412356987689471325573289461341692578726548139895713642254967813938124756167835294
200004600000000074000003928610400000302060040508032000400601000050048210900025407,297814635835296174164753928619487352372569841548132796423671589756948213981325467
100459006040003090000700530007030940403982007002000060000000000670000000000390005,138459726745623891926718534817536942463982157592174368351267489679845213284391675
700006001000125000503904068400000700100048000090607000902410000047000015800059403,724386591689125347513974268436591782175248639298637154952413876347862915861759423
100003050604702800900000003006009748800100000300000090060010005090020000081000020,178493256634752819925681473216539748859147632347268591762314985493825167581976324
825000000000205604000800120400900010008000400270108006000021000300594700701680000,825416973193275684647839125436957812518362497279148536964721358382594761751683249
800090000040620870007800000008000100000000006350100720000017302100500098593008007,836795241945621873217834965768452139421379586359186724684917352172543698593268417
700092400065070920000040100002010650170000000053007804010760009540209000000400006,731592468465178923289643175892314657174856392653927814318765249546239781927481536
810005607600070003005010080000004078000537000460180300203001060046090021970040030,814325697629478513735619482352964178198537246467182359283751964546893721971246835
000409003034076080190300007800200700020000814070000002000001075507642008080000106,758419623234576981196328457841235769325967814679184532463891275517642398982753146
000000100800010356136000049000600024428090060000000000984001600000800002002040500,245936187897214356136785249513678924428193765679452831984521673351867492762349518
000045000005301700094000038000528900000410000000030000510900360000600100000000020,637845291285391746194267538746528913358419672921736854512984367473652189869173425
000460000061000054030800000007092000000008930003675000600000790050009040000006085,985467312761923854234851679847392561526148937193675428612584793358719246479236185
080900000003017806070000003024768000860100030509004000030000204092350080750021300,286943715943517826175682943324768591867195432519234678631879254492356187758421369
040509001000000030953070002500081300710006508300005006030000100001000820027603009,246539781178264935953178642562981374714326598389745216435892167691457823827613459
003560070700301600500020030000290017000010520040000900006105002320000084019802756,183564279792381645564927831658293417937416528241758963876145392325679184419832756
000000070800900306006047801083170060500000002090800040705001600060000000400069038,159638274874912356326547891283174965547396182691825743735481629968253417412769538
000800904000000020834009000200000300080235400060701500908052007000070005705304098,572863914691547823834129756259486371187235469463791582948652137316978245725314698
000200040800900000270000500007125400040379062003000790030701950000092010051008200,369257841815943627274816539697125483548379162123684795432761958786592314951438276
000506800000010509005070014200001000008005240190027300400000005006080420000004000,941536872672418539835972614253841796768395241194627358427163985516789423389254167
000000001001000078002147500060000300023000607008603000080070100000001050000300040,347865291651239478892147563169752384523984617478613925284576139736491852915328746
030006200850040009064009000000291000006000020002000000070000100010007000620013090,937186254851342679264759318583291746796534821142678935479825163315967482628413597
700809063620500490090002000009007102800006040201900076070095028000020300050060700,715849263628531497493672581569487132837216945241953876374195628186724359952368714
068014000007008600003005000210073400000100020070000009002007034700030095000900800,968214573527398641143765982219673458354189726876542319692857134781436295435921867
005008140700020090100005600200407035000080010308000020002864001007012960001000000,625938147784621593193745682216497835579283416348156729952864371837512964461379258
007000000200000040000020060352800000001590304408736000100000000070009000024000890,847365219236971548915428763352814976761592384498736152189247635573689421624153897
809040000004560071005090600010200700048070000702600010000905000006807000000400000,869741532234568971175392648513284769648179325792653814327915486456827193981436257
400100000637000100100300000000000500068050000000070836000016280306000000001009600,482197365637845192159362748743681529968253471215974836594716283376528914821439657
000000509000600002100908730810034090000000015960000000070090051500007006021006070,284173569739645182156928734815234697347869215962751348678392451593417826421586973
014009000000000000780000000020890060000005000000002903360900080000208609800053400,214389756936574812785126394423891567679435128158762943361947285547218639892653471
600704200020003180070001490140000500730065000500409000050008603004006000006002014,691784235425693187873521496149237568732865941568419372957148623214376859386952714
060090100007006950000000030090070800001040520003820009000000008010900000500300400,362594187187236954459718632295173846871649523643825719936451278714982365528367491
000500070002070000003092084096083201005017460104250800018009500060345008000060000,981534672642871935573692184796483251825917463134256897318729546269345718457168329
000730000003940000700000009070602340000000000006307015000004090010069000098003000,924735681163948752785216439571692348839451267246387915652174893317869524498523176
000726000470130000000000030001304000840007000700008040080000025600000000010800769,539726184478135692162489537251394876843267951796518243984671325627953418315842769
500007600000050000004010580000001040090000357200043000000000830102000400005080701,513827694829456173764319582358971246491268357276543918647192835182735469935684721
380401700600000000049000580020000100056178009100042070002700000030900000500004390,385491726671825943249637581827369154456178239193542678912783465734956812568214397
400006500560009070070405100003500000600907084724000900000000000230090045900640700,419276538568139472372485196893514627651927384724863951147358269236791845985642713
500020008002003060904001500000200000209070300600400820320000000000064285460002000,516927438872543169934681572781235694249876351653419827325198746197364285468752913
038010400620000500000605000000000000006000095910003800007300009050090000390040050,538917426629834517471625983743589162286471395915263874167358249854792631392146758
000051700095000000874000090000090000650000032010005000000600370437000080002800000,326951748195748623874362591243196857659487132718235964581624379437519286962873415
000000050005060000000200000900408070000000008810500020009013507001950003058740010,286374951735169482194285736962438175547621398813597624429813567671952843358746219
000005300040000900507090080102907000400600008760000001900030060300070000000860003,829715346641283957537496182182947635493651278765328491978132564316574829254869713
890005006000000900100089023900000600200600001056800042530104000070900230000300000,892735416347216985165489723913542678284673591756891342539124867671958234428367159
001000000020400003000152004170900248000000701042700930600090007708043105000008369,461387592527469813389152674175936248936824751842715936653291487798643125214578369
610204507080000400070800009100500700028060314900000002000420900000000203000608100,619234587385976421472815639134582796528769314967341852751423968896157243243698175
000200089409031070000000010160003000900006107000107030895012040204000960300004000,731265489459831276682749315167423598943586127528197634895612743274358961316974852
000700030904513007030009061675004800000008005008050000140000000053000000090075000,581726934964513287732849561675394812329168475418257396147932658253681749896475123
709860005865007020000305800600049030000201764040000290000100050000006402000000600,739862145865417329214395876682749531953281764147653298426178953571936482398524617
000001400070390012100040089030002145860004200520913068000400001000000900910735000,692851437478396512153247689739682145861574293524913768287469351345128976916735824
000000000200000007769000100900026000382470600000803000097042018800061000040038762,418357926235619487769284135954126873382475691176893254697542318823761549541938762
001034000000029140249000387608940275000070060700200813900000600000503920006000004,861734592573829146249615387638941275125378469794256813952487631417563928386192754
004265000000000000080009000000021009000584600050000000000006100000052370530047200,394265781125478936786319452863721549972584613451693827247836195618952374539147268
000034000000007031100608020060010374030000000000006200316075940020000050700000168,287134596694257831153698427862519374531742689479386215316875942928461753745923168
090007004754000106016050000067000350100600000980005260540000002030006000079501080,298167534754398126316254978467812359125639847983475261541783692832946715679521483
400000000090470002050189060007504090500600008901700500000000871013850000009000000,478362915196475382352189467287534196534691728961728534625943871713856249849217653
004000267008420100007600000086790000003854000000002410040905000000000900001000086,914538267368427195257619843486791352123854679579362418642985731835176924791243586
080001000000500840000000060074000001065320000000100000806010239740000000320000078,483671952617592843592438167274856391165329784938147526856714239749283615321965478
900020806802469030050000000760000000004800600100000002507010004620700093040200060,913527846872469135456183927765932418234851679189674352597316284621748593348295761
100370940300000000000000000502000179000000300000900408703021890984607020200000607,128376945379154286456289713542863179891745362637912458763521894984637521215498637
900000000800510629012800370020608540005400080084053000000706000060000091038921006,976234815843517629512869374321698547695472183784153962159746238267385491438921756
500870003030100090800029000390040000100090000002000680000083000700000030003010060,569874213237156498814329576395648127186792345472531689621983754748265931953417862
503000000100057903629100000700569100015203000008400300046810200000094036007000000,573942681184657923629138574732569148415283769968471352346815297251794836897326415
300050400260348590040100300700019800004000030009703005800960713903005000076000009,391657428267348591548192376735419862184526937629783145852964713913275684476831259
705301080940082036030006009306004000100008300000200060070009400000020097600000008,765391284941782536832546719396154872127968345584237961278619453413825697659473128
000010609300004000600000007000006008200100000005002061400300016700200485060040090,852713649317694852649528137134976528286135974975482361428359716793261485561847293
000860540900023087418795203000014005000080004000030000000000000001300450070000000,723861549956423187418795263897214635135986724642537891589142376261379458374658912
000506142714080305500003980000904006049000003000367800007008630400600050300000401,938576142714289365562413987873954216649821573125367894257148639491632758386795421
070340000864172000300806000610000000000060400058031002000007040501000020700000100,175349268864172539392856714619428375237965481458731692926517843541683927783294156
000600301000085920000031000700000095030050002495100680300017000006000010000090000,847629351163785924529431876782364195631958742495172683358217469976543218214896537
032047008800000000059036271095081007103500020000020080500000800308002954900000700,632147598817295346459836271295681437183574629746329185574963812368712954921458763
000000010030000706000006900850040070000701080000800209000109465002600100010000092,426597318935418726178236954853942671249761583761853249387129465592684137614375892
004070000070000060360200758040080000020060084006000037090830001000000002005740000,954678213278513469361294758749381625523967184186425937492836571637159842815742396
075002030021850000069000020500070003097008054600040102000000000000905040000000590,875692431321854769469713825542176983197238654683549172954367218216985347738421596
000000023503702000609004000052000000010037052897005030000000098270008300008400207,741589623583762149629314875352941786416837952897625431164273598275198364938456217
000002000500780009007560008070040000000300700105000403008050600600004800004006921,869412357541783269327569148273148596486395712195627483938251674612974835754836921
500006000208005700960800500800300010710000320320080057470500100003100075100000403,541796832238415796967823541895372614716954328324681957472538169683149275159267483
002037500000400002076900048005000100860000000010000000020500001000010000051600270,142837596398465712576921348235784169869153427714296835423579681687312954951648273
006000005020008003830690402600401020003900560207063000001830200000700030008006050,176324985924158673835697412659471328413982567287563194761835249542719836398246751
607000851204801600000095742000029010029008004008500000000086400000047000070000080,697432851254871693381695742746329518529718364138564279915286437863147925472953186
100908000783000051002003000600801000001000300000000007068012000090000142010090000,156978423783624951942153786675831294821749365439265817368412579597386142214597638
700305100304000072500402039000000000007006900000024067000900010469001000183507090,726395148394618572518472639632759481847136925951824367275963814469281753183547296
860400000007050020050912000006500000001200700000070206010020900004000000020080004,862437591197856423453912867276548319941263785538179246315624978784391652629785134
028001460000300000913647058596078000000006000074003506009060000000000039241709080,728591463465382971913647258596478312132956847874213596389165724657824139241739685
705000020006000070090217000572160083010000960089740001250601000000000600900804030,745396128126458379398217546572169483413582967689743251257631894834975612961824735
800750100000000805150000900061300050200004000007805460000530070013007589504000210,849753126732196845156482937461329758285674391397815462928531674613247589574968213
100030568837000000020000900000000002206001780700003000008207000070000100300000804,194732568837569241625148937983675412256491783741823659468217395579384126312956874
000001007006085091179603005004000003020010040000452006410006900000500004000100670,845921367236785491179643825754869213628317549391452786417236958962578134583194672
037526000010048370082070605003050864050030700000609020000090210020007000000200038,437526189516948372982173645293751864658432791741689523865394217329817456174265938
067000800002030710000140200700000020200400580040002900000000007519000000004005092,167259834452638719983147265738591426291476583645382971826914357519723648374865192
410029000000708040076310092007000308002063009905802000000000000800005107000007904,418629735329758641576314892647591328182463579935872416751946283894235167263187954
041692000007000000009100000006030070082406001000000089108060300030019700764520918,341692857627385194859147263516938472982476531473251689198764325235819746764523918
400003050201807004730405000900002010500380000002519070190600020000000890005001460,468193752251867934739425186983742615517386249642519378194638527376254891825971463
680000020420000036173000000538090000000500203040003000204871000000000600007060400,685934721429157836173286945538692174716548293942713568264871359391425687857369412
008009000950803100306000000030000056000600003000090010090001020802030000000920500,178249365954863172326715984739184256241657893685392417593471628812536749467928531
008315000015002000000000005500000200807053060039706058000009001100000000002000040,678315492915482376243697815561948237827153964439726158754239681196874523382561749
300007000007050004102060705900030000528040070060072008000000000000086020200000000,354127896697358214182469735971835642528641973463972158815293467749586321236714589
000800000815000007004067080000020040147580000000704008026000000090050670050090013,672835194815249367934167285583926741147583926269714538326471859491358672758692413
000040510009000080001200000540000800000903605900004000002090304304608050005030078,263847519759316482481259736546172893127983645938564127812795364374628951695431278
000300540030701069000000070010400002054009013020100000500087000783914625006200097,279368541835741269461592378318476952654829713927153486592687134783914625146235897
004000857020010630530067000302000000000082400007090020270050100003100560050006700,164923857729518634538467219312745986695382471487691325276854193843179562951236748
020409600008730001400206090840050260000600007276803104062970000010000000000500006,127489635698735421435216798843157269951642387276893154562974813719368542384521976
501000006300080207807560901160000003000016000700350600000630104600475090400000300,591723486346189257827564931169847523235916748784352619952638174613475892478291365
000400000004000100060018040000067003076304090003500010040805000002000900500970004,851496732294753186367218549985167423176324895423589617649835271732641958518972364
004000005280000010900000000002400100460098500008350000040000000009085341000930002,374219865286543917951876234532467198467198523198352476843621759629785341715934682
040900108001200407000050090206400013100020000480000000090000300300001000004070905,542967138961238457837154692276489513159723864483615279795846321328591746614372985
000421060100003004043706800000800400010304000004100090706000148000600000090008000,875421369162983574943756821329865417617394285584172693756239148438617952291548736
508100000273904018000030070100400000000000120730280900060793000050612000007800600,598127364273964518641538279129456783485379126736281945862793451954612837317845692
050000000000000100000089057071020040903640020005090000168002070009008201020030509,756314892892765134314289657671523948983641725245897316168952473539478261427136589
070024806000000200032000000100000090700090104090030000207509683005007042309800701,571924836964783215832156479126475398753698124498231567217549683685317942349862751
906000020300280000000000306000000900063590100000068700090070001040850000030000200,956137824314286597872945316485721963763594182129368745598672431241853679637419258
026400800800590600000082010098200300000159086051830790000700000073000008900000500,526417839814593672739682415698274351347159286251836794165728943473965128982341567
000007006000000003007004009900008030075609201002005060000090042090400700014003005,831957426459126873627384159946218537375649281182735964768591342593462718214873695
063000007005100060004507190409210300001786420602090000910000000000951630056000900,163429857795138264824567193479215386531786429682394715918643572247951638356872941
000000900106000000090780000408017309030000400000493050700030004040070280000000000,374651928186329547295784136428517369539268471617493852751832694943176285862945713
403900500008000700095308200700043006000507030004809000300605010010004680006090070,473912568128456793695378241759143826861527439234869157347685912912734685586291374
000328017100600840500700030000840020014030006003050000691003000028000000000000200,946328517137695842582714639759846321814932756263157984691283475428579163375461298
400300951000000007000841060200060005800500600096100002080703500175000300003000100,468327951321659487759841263234968715817532694596174832682713549175496328943285176
040000073000000008700000025893524710064000000100000000407080090600200457050041062,946852173215937648738416925893524716564178239172369584427685391681293457359741862
062907000080400000300852400000720040200040981650108000000000200039004000800000000,462937518985461372317852496198723645273546981654198723741685239539214867826379154
014700203060020004300410000080000007700140000000000408203000040008650730000000080,914786253865923174372415869481562397739148625526397418253871946148659732697234581
079045802020009000001200590496003081000000000083901000000000020812096000964002100,379645812528139647641287593496753281157428369283961754735814926812396475964572138
460000000900706002000090006500380720800000000000000800040970638600003057000060040,463812975951736482728594316596381724837249561214657893142975638689423157375168249
100070400460010009900300215807050100204080000690030008700000300000020050510803970,125978463463512789978364215837256194254189637691437528782695341349721856516843972
057000900900400380800001024039000072200000000008000000300610090090027003000005000,457283916921456387863791524539168472246379851178542639382614795695827143714935268
059000200600750000000020001090580000500970140070001900900300000300008079000000004,859413267612759438437826591193584726568972143274631985941367852325148679786295314
094700800007030000080020600045290080268300000700006000000004005000003008000000703,394765821627138954581429637145297386268341579739856142873614295912573468456982713
502090600091200000000000020200900050960740280100000007000070102009026000026085030,572894613691237845384561729237918456965743281148652397853479162419326578726185934
080000300000300070700020400001740009078000000540000700000500167800010054105006000,486957312912384576753621498321745689678139245549862731234598167867213954195476823
000000104074301906601800730436007000502600400000000300005000000703050809290006043,329765184874321956651849732436587291512693478987214365145938627763452819298176543
000300026000076030600000080000015040100003950485900600000000000016004802007800100,951348726824176539673592481739615248162483957485927613598261374316754892247839165
010020086007300400000000000800000107060204308000730690000000010000002560000600009,315427986687395421294861735832956147769214358541738692426579813973182564158643279
008000300920145700700008594000000600004000000000020400685403000009002040040000053,458769312923145768716238594831954627264371985597826431685413279379582146142697853
200000950000000008030150006400030000070840000000006400060400073700603080000500009,216387954957264318834159726491732865673845192582916437169428573745693281328571649
000031080000704005002000300079500016050409007086100002900610200008907060000000000,645231789813794625792856341379528416251469837486173952934615278128947563567382194
200080000490000000350260048034612000000000000006900000800000027000023486040750000,267384195498571632351269748734612859925847361186935274813496527579123486642758913
032567000104000700000080320400000000890070652007805000260003004000200570000046230,932567418184329765756184329415632987893471652627895143261753894349218576578946231
030400000001036080500002007000260700304000620607900310059300106000009204400051000,238497561971536482546812937195263748384175629627948315859324176713689254462751893
007030065200006009930180000400020080000000942000908000014052008750000020600390400,147239865285476139936185274493721586871563942562948317314652798759814623628397451
050600408970200560000005000030078200000020000020006000310450000000000100000019345,152697438973284561864135729631978254548321697729546813317452986495863172286719345
030000720700042500000000003004196000008200040006504007009000070107003000000800000,435968721791342568682715493374196285518237946926584137869451372147623859253879614
060000200090400036720080010600000000800000001000000800000005190005301608070060400,461793285598412736723586914614859372839627541257134869386245197945371628172968453
800200093000803647904600280300000050010080732528000400000709028000010000700008316,867254193251893647934671285379426851416985732528137469143769528685312974792548316
030000908018060000070082000000007056100830000007000301004000005091004680000600090,432751968518369427679482513923147856146835279857296341764928135391574682285613794
070201469000006500600453800000000006010000702900300008700000290800645300400090000,573281469148976523629453817284517936315869742967324158756138294892645371431792685
503780091008090320000010000240009000807201000005006730000005079020000005001900043,563782491178594326492613857246379518837251964915846732384165279629437185751928643
763058904004609010900430007000000600000720000310980400000560000000041000008007040,763158924524679813981432567472315698896724135315986472249563781637841259158297346
002960073300000020070000040409271600000390000105080730200000007090004000053700060,542968173381547926976132548439271685768395412125486739214653897697824351853719264
009100000000040100600037000280450006040003050000060002103090004004600013520304090,459126387372948165618537429281459736746283951935761842163895274894672513527314698
000010000674009003300000000006003700807006051100758060000000004720030000000080205,289315647674829513315467982956143728837296451142758369598672134721534896463981275
040000000507300060302000050000063200000047530600050407800570100006400008700009605,149685723587312964362794851475163289218947536693258417834576192956421378721839645
070000008080006503000400102806019000700000006090640001037090000042030010058261007,475123968281976543369458172826719354714385296593642781137894625642537819958261437
108000390000060042000029057009006000002080019841090705000900600506270900200601570,128754396975163842634829157759416283362587419841392765487935621516278934293641578
079300000380209000005007130030012904090034005000060003050003790903100052702500001,679341528381259647425687139537812964896734215214965873158423796963178452742596381
045300008000004600000007000700006000901070050000000004509820003000753810010600000,645312798197584632382967145754236981931478256268195374579821463426753819813649527
405000000000090070972500108000000007040080053003659021001004509800100000000020004,435718296618492375972536148256341987149287653783659421321874569894165732567923814
000046000206000500810200700070402000000780003050030070000000165000000000060317000,397546281246178539815293746173462958924785613658931472739824165481659327562317894
105006000900000010000007900000070000002030000300400020001863472806020000720000000,175986243938542617264317985659278134412635798387491526591863472846729351723154869
200807060096502700800049000630050000070000100481000000003904000040006007760000400,214837569396512748857649213639251874572498136481763952123974685945186327768325491
009003708600000002200000903402080006000050390000700800000015080000030000104670030,549123768638597412217864953452389176786251394391746825963415287875932641124678539
007320095005009200809005163000002050000080701000000380300000900000210000250000600,647321895135869247829745163783192456964583721512674389378456912496217538251938674
000006350000005096000000100000200070130507000000034010027009035001400700000703060,284916357713845296695372148946281573132597684578634912827169435361458729459723861
000000000000009601900500420850004006300000900000600080000020700670408000425000800,748261359532849671916537428851794236367182945294653187189325764673418592425976813
000000069100006003900307250000000300801060090006008000090705600005000004080000005,743251869152896473968347251479512386821463597536978142294735618315689724687124935
004000060000000015051890407000000050000400090060053004035080600006500003007069540,394715862728634915651892437142976358573428196869153724435281679916547283287369541
580000300240100090790000000008400057000007000070203100100390580000700960400500702,581924376243176895796835421328419657914657238675283149167392584852741963439568712
000089130905000208018000000009500020002076804007800000701000000000260410000000500,624789135975631248318452967489513726132976854567824391741395682853267419296148573
300790408050600910900845000000006329203010670000000184000903000004200000700104800,362791458458632917917845236841576329293418675675329184526983741184267593739154862
000700016900006830046008090000000000618009740700060080090100000060980000083050020,832795416975416832146328597354871269618239745729564183297143658561982374483657921
108900470000400090093070000830107560006005007050000910000064259009002700070000040,128953476567421398493678125834197562916245837752386914381764259649532781275819643
080001600000000800063000000008000100000008350036009700007800961001000030600000087,584391672179526843263487519758234196912768354436159728327845961891672435645913287
100000490053800701000906005010003900030000008009050100300060809000029034001500000,168375492953842761247916385512683947734291658689754123325467819876129534491538276
000408090807001050001605070000000300000502000000040000180090000094056012070204000,635478291847921653921635478458169327713582946269347185182793564394856712576214839
300610500000000000069000007970000865006000030030006000080560401050000006000007050,347619528825374619169258347974132865216785934538496172782563491453921786691847253
103002000008030060705409000500006040070090500090000206800000300010680050030001600,143862795928735164765419823582376941671294538394158276856947312219683457437521689
090100068040000010010200004608900003070080600030006180060070035000000020900420800,297134568345698217816257394628915743471382659539746182162879435784563921953421876
080164503030080000000005000350016090790000040000090605000209100829050300001000209,987164523435782916162935487354816792796523841218497635673249158829651374541378269
060014790040300100000006500000702600002000000030001000059000400000400000080093016,265814793748359162913276584894732651172685349536941827659127438321468975487593216
705290034000000800000005090000006000000803075900400008340000010158000300006340000,715298634692134857834765291587916423461823975923457168349582716158679342276341589
860000002003000000024000015040007580000600009208090000070038600000000007900040250,861475932593812476724369815649127583357684129218593764475238691182956347936741258
001080090002096403907341028000600000035908000006000000200450070089003240000802030,341285697852796413967341528198627354435918762726534981213459876689173245574862139
047305006000286000086070305008403007000790000000600134003802000401500600002160090,947315286135286749286974315518423967364791852729658134693842571471539628852167493
000307020000080000040691005350704000402069007001000290100006000500030670030200040,865347129917582463243691785359724816482169537671853294198476352524938671736215948
000000000420000009009724381035000876000080013010357000780000005090000600562800937,371968452428135769659724381235419876947286513816357294784693125193572648562841937
008002560200060700000700000005001000070603002002408000526010000100200600080000201,718392564249165783653784129435921876871653942962478315526819437194237658387546291
100790080850000000940800060500003700206900004400051639000000071720000000300520046,163795482852146397947832165519463728236978514478251639695384271724619853381527946
190083070400025800008976004003219000040000008010004000069000000031090000520300091,192483675476125839358976124683219457245637918917854362769541283831792546524368791
000003000058074000002095160000400092804000013010000000690000008200900600500000900,976213485158674329432895167365481792824769513719532846693147258247958631581326974
400056200010300500000000047600043000004591000300080000032000086106400000940060301,487156239219374568563829147691743825824591673375682914732915486156438792948267351
003026100080470630590030040900710006000083400030009000000350004000007510005100900,473926158281475639596831247958714326627583491134269785719352864842697513365148972
000100460009000000001000000000090030400370629900820045300000002005000984090000006,872159463649237518531468297267594831458371629913826745386945172725613984194782356
000800270000062000000070906000257010005340000070600000790085623053700480406103507,169834275547962138328571946634257819815349762972618354791485623253796481486123597
000580390486093000000760810000040108064008900120957403800005000000600580600000040,712584396486193275539762814975346128364218957128957463891475632247639581653821749
090000060001400000005000000003004280002010030450020000020000143009147050040003000,294785361671432598835691724913574286762918435458326917527869143389147652146253879
402000003080700000700054829900800030070210400020007905010946300060300790000502600,452698173189723546736154829941865237573219468628437915817946352265381794394572681
003000200020000600000002900206005001000000500010007030180000309607030100300810000,953168274721493658864752913276345891439681527518927436185276349647539182392814765
100205000400900300000040790005000074900000050000000069058400931740189500290030400,139275648472968315586341792825693174964712853317854269658427931743189526291536487
000130807907000000200060009000085091090000000040090500020700960700020100000900000,465139827987542613213867459376485291591276348842391576128753964739624185654918732
000700000000306504000800900640000890900004000157090423310400700500083609486005000,835749261791326584264851937643217895928534176157698423319462758572183649486975312
000710030009000064540690028005946307000201006301000009016450000008002090970060400,682714935139825764547693128825946317794231586361587249216459873458372691973168452
807000010200000006100002540000500000409320658000648070000405100020180700001070000,867954312245713896193862547786591234419327658352648971678435129524189763931276485
047100930600000800381000504004060300103090000009300000030080005020510003005740008,547128936692435871381679524874261359153897642269354187436982715728516493915743268
051030020060007390709200080080001050015080072000562000006020049100000060008694010,851439627462857391739216584283741956615983472947562138376125849194378265528694713
000500800000096000075023400514070060607081300208405009006900007700100020000030000,963514872482796531175823496514379268697281345238465719356942187749158623821637954
930080602051370904020005301043029000500800020000000003190007008070200100086030040,937184652651372984428965371843729516569813427712456893195647238374298165286531749
730910005061000003902056000007000000304000006000608009000100400400000050010005087,738912645561874293942356178697531824384729516125648739853197462476283951219465387
090730500340000870002050003000090408923000607008000000030000050070000080000000390,196738542345162879782954163517396428923845617468271935834629751679513284251487396
490200700102040350800003002080000073307001500620300004006002100054036000000504006,493258761162947358875613492581429673347861529629375814936782145254136987718594236
010306009008105200003020000745809000000000000800071304350008746000900020002004035,217386459468195273593427168745839612931642587826571394359218746674953821182764935
010930080530070000900001305000100250243006800000700960305800600087050009090007508,412935786536478192978261345769184253243596817851723964325849671187652439694317528
200100900000002840000000270650917020700000090002854007020000680000000010100408352,274185936935762841816349275658917423741236598392854167423571689589623714167498352
095063070000507006760010059000001000016308005072900103001000647007080900000704000,295863471134597286768412359953671824416328795872945163381259647547186932629734518
090401007000000004045000030450009006001000043069080025000013460000800000030002050,296431587183257694745698231457329816821576943369184725572913468914865372638742159
040100026000000000000000001000700100080409732400203805600301000701005204050000010,548137926916524378273896451362758149185469732497213865629341587731685294854972613
700000146040000000500400000000000400000007003304200690060070300900060000027010069,792385146148796235536421978251639487689147523374258691865972314913864752427513869
300205000200000000000146392006021409028000005030000020900510706003060004600082900,394275861261398547875146392756821439428639175139754628942513786583967214617482953
500000081008000520000000060000250810000000302000039000070000100010000098894061037,567342981948176523123895764436257819759618342281439675372984156615723498894561237
300800402800230670000647005000000007000590004020006000009000500280904700706050908,367815492854239671912647385591483267678592134423176859139728546285964713746351928
709086430004071005000004270078409000240000019000700000000000300035600000000000000,759286431824371965361954278578419623243568719916723854687145392435692187192837546
200018370000070090700090015500000800600009700000000500072600080000700953000000007,249518376315476298786293415537124869628359741491867532972635184164782953853941627
790016000062750030030000001000037800980605000000980207005870900800100040000503000,794316582162758439538249761251437896987625314346981257615874923873192645429563178
300005090001304705750008302092650100030081000000000008003570400070006000000000620,326715894981324765754968312892657143437281956165493278613572489279846531548139627
006035104300904000040000003100002000008000007465007000510600000000001060620008700,986735124351924876742186593173562489298413657465897312514679238837241965629358741
401000807073001000000308000902000001008034079017809406030000090180097003500010040,491256837873941562265378914942765381658134279317829456736482195184597623529613748
781000046000086057002409100900003700408000600067800304500001062800000570006700009,781532946349186257652479183915643728438927615267815394574391862893264571126758439
047003050590768000000040000100600070059300060760200090005031900600070000930050000,847123659592768314316549827123694578459387261768215493275831946684972135931456782
600529830300000095859170426020000008103700040900040300531084000000007080000090000,614529837372468195859173426427931658183756942965842371531284769296317584748695213
972650010000000790100079500800014600040080907300960084050008340010000806000000250,972653418568421793134879562897314625641285937325967184256798341419532876783146259
900080032065400079000901508006800000219003084000010005090008056080000400500000000,941785632865432179723961548456879321219653784378214965197348256682597413534126897
400700100697100020300000070004020607000000400100070952800600095900000000000000000,452738169697145328381296574534829617279561483168473952843617295915382746726954831
000700400001000052050002960109000800500000701000801005000140200004200000005630084,296753418471968352853412967169574823548326791732891645687145239314289576925637184
000005010015000000000138005769523180140600023203400069400000601300006002000300800,834975216915264378627138495769523184148697523253481769482759631371846952596312847
790080104000000075000001000430050007000030592579060403040700000080000000320810009,793586124618324975254971638432159867861437592579268413145792386987643251326815749
030000100609351200020040035001083507082065319000000800008000000300008050000500000,835279146649351278127846935961483527482765319753192864518637492374928651296514783
800002010324510709106004000001709002702800630403001957010490500000007000040000070,879362415324518769156974328561739842792845631483621957217493586635187294948256173
090005140000004020000069070609043000005970400000002000900030580000406397008090000,796825143583714926214369875679143258325978461841652739967231584152486397438597612
000600015680000009000020684000000002007000900000000100070300000800016473401700000,294638715685174239713529684149857362327461958568293147976345821852916473431782596
008630000030000001246080703051000900600007010083901020867500030014008000300040000,178639254935274861246185793751823946629457318483961527867512439514398672392746185
090218006000950400000003009300100040901007260000000001004309507000020304000005600,493218756712956438658743129376192845941587263285634971824369517567821394139475682
008090456000000200060000019800400090700901000490000000034010902089000000001089640,128397456947156238365824719813462597756931824492578361634715982289643175571289643
801005060500060010607023000410300000938000600000800350100630405004000000309407000,821945763593768214647123598415376982938251647276894351182639475764582139359417826
070002508000000200450807000000709000290406000000280097003005000708000000569000014,976132548381564279452897361834759126297416835615283497143975682728641953569328714
100005008000700000000106052035010800760008309980300504400093000007000600890600000,172935468658742931349186752235419876764258319981367524426593187517824693893671245
007420091129000006050910000008750600002000305000034000000060050085001000000007900,837426591129875436456913287348752619762198345591634872274369158985241763613587924
000000764120000008004057020240090000001025647006040000700584000000001070000000000,539812764127463598864957123245796381981325647376148259712584936698231475453679812
900708000000920600001000009002100490458009300100084000000002904024500006509003080,936748512785921643241356879672135498458679321193284765367812954824597136519463287
603000971009600002210809000005203700301000025800100000002016587700000000108000200,683452971579631842214879356465293718391784625827165439942316587736528194158947263
003040100018050300000031060000000058290005007305000910000400000030908000800026090,653842179718659342429731865176394258294185637385267914962473581537918426841526793
070050000005006017018000954740000500000700802029610000000000008000060030001000700,972451386435986217618372954743829561156743892829615473597134628284567139361298745
423000005016000804008006300800030050600970040297080130070504003060100000580000490,423819765916357824758246319841632957635971248297485136179524683364198572582763491
900000070762080009000029000091000200007000000008903000176240000080306001009000006,914635872762481539853729164691874253537162948248953617176248395485396721329517486
600030000000040020095010000700060001000021070300000260082157000050006000030000005,674532918813749526295618347728963451569421873341875269982157634457386192136294785
241590070050006090060018025000000006500301000010002000100640002400025900080039050,241593678358276194769418325823954716574361289916782543195647832437825961682139457
570003800020457039000080000050000000090000000030810607007060008000041070100908000,574193862826457139319286745658724391791635284432819657947362518283541976165978423
000004080104000300300925600000402000002671030001093426500006003019200065603000700,265314987194768352378925641936452178842671539751893426587146293419237865623589714
000000045000030080000940120080004600003010000100089000905060410004150703207093500,692871345541236987378945126789524631423617859156389274935768412864152793217493568
608003000700004092032057000351090078006005030047380200020408053004030009000000080,698213547715864392432957816351692478286745931947381265129478653874536129563129784
049023070010400039307000020096200050070000000000090000084009000050802063020000084,849123576215476839367985421496218357172534698538697142784369215951842763623751984
000600004147093006002470000070189400401030000000004701004060000003007892008012605,985621374147893526362475918276189453451736289839254761524968137613547892798312645
000187050080005000005040000601000700000000025072051000427500003500002090100430002,269187354384695217715243968651824739843976125972351846427519683538762491196438572
000680000647209010051000026400000060010007080000010305504120008068003000003005001,932681574647259813851374926489532167315967482726418395594126738168743259273895641
900007300236040008040090050702084000004065070000070083410250007078000006003010500,951827364236541798847693251792384615384165972165972483419256837578439126623718549
008040601960300054500800000000000003806070100000100508380000000097001205400600030,738549621961327854524816379149285763856973142273164598385792416697431285412658937
080070900005000000340000020000000009030040050000920300450061000200700060006400190,182574936695283417347196528728315649931648752564927381459861273213759864876432195
301000000000070210000930740200010304780094001000003002567040190010000635930000027,371426859694578213825931746259617384783294561146853972567342198412789635938165427
480560090267000385005020000040000003036104902900600004072900000050000700019002530,483567291267491385195328647541279863736184952928635174872953416354816729619742538
001006020007504080000003000000000467402000900068340200003400090000900000090008000,941786523237594186586213749319852467452167938768349215873425691625931874194678352
000103008900000703003040000001000802400000060630200001067510000008007100000084000,574163298916825743823749615751496832482371569639258471367512984248937156195684327
000004007004008003000003000609001005100360000520007000016049030030700068090030741,351624897964178253872953614649281375187365429523497186716849532435712968298536741
000900700005017908090850160409038600800000000000009080200095413030086075000001006,183964752645217938792853164459138627816572349327649581268795413931486275574321896
500008300003290007000730000000000140000901730001003800109320654760009013000050900,547618329813294567692735481936872145458961732271543896189327654765489213324156978
789610003030007800000800000000360009008072350061000002000000900000521000050003170,789615243534297861126834597275368419948172356361459782813746925497521638652983174
007008000804900300000020000001000000708100090600030104000007000500680400100450002,217368945854971326963524781341796258728145693695832174486217539532689417179453862
190080000025003100700105000000000465060400700040300900601030204030047016070000500,196784352425963187783125649317298465269451738548376921651839274932547816874612593
040070000100390000703810905017059300000740000300000000060900000900001000430620710,849576123156392478723814965617259384285743691394168257561937842972481536438625719
000000080601000497073400052028000030000034000007002000402300015700010003135040000,294157386651823497873496152928561734516734928347982561462379815789215643135648279
030100089720940060005080470000001300000500708000730050000400900240000006190005840,634157289728943165915286473579861324361524798482739651856412937247398516193675842
000200400092000010000540020005000000060000040000125000580674000614000708200010600,156289473492763815837541926725436189361897542948125367589674231614352798273918654
903215008100698000000347190820006040754029001609001000090000020000700400010000003,943215678175698234268347195821536947754829361639471582397154826582763419416982753
020090000000050002001200000062009500000002000004370021030040050106030200050008304,625893147873154692491267835362419578719582463584376921238941756146735289957628314
010302600300900710708000000040000000000000350800501407090060800230080546000003200,914372685362958714758146923543897162179624358826531497497265831231789546685413279
049108200106073000020000060900007010012000030060000050804001020203000107070002090,549168273186273549327495861935827416712654938468319752894731625253946187671582394
040063005005047006000000043070054102203010064001200000500008609010000000760405201,842963715135847926697521843976354182283719564451286397524138679319672458768495231
000000500070000080006850000301060000790020634004780900080070100100036050000108400,832647519475319286916852347321964875798521634564783921683475192149236758257198463
008000010901502400000030900009028070007000000100700590000090105090000040010800000,658479213931582467724631958549328671267915384183746592876294135392157846415863729
030070000020040300000000000000310648000480090004009700008790060006002800302060901,431276589927548316685931427279315648563487192814629753148793265796152834352864971
000000800080504069000000000804000096030000040597400002061000907000900620902061030,745629813183574269629138574814253796236897145597416382461382957378945621952761438
100062500649085000003000896020009657007000002005706004006007015004018000500004008,178962543649385721253471896321849657467153982895726134986237415734518269512694378
479810056260004000310052040100060002040009000000001600094100000000046970000798021,479813256265974813318652749183467592642589137957231684794125368821346975536798421
000050406046000957000000023360070000800041032024000001600100209100020000030090000,913257486246318957758469123361572894879641532524983671687135249195724368432896715
500831204830240050000750001000000900020400006006500000005600409042980000670020000,567831294831249657294756831753162948928473516416598372385617429142985763679324185
009010050000200006000000300000560400506004800000008005000002007600150080785403062,379816254458239716261745398837561429526974831914328675193682547642157983785493162
060002005000000000704000060000000106000106090170509000020000010000021050490030620,963712845258964731714358962549283176382176594176549283625497318837621459491835627
000300000934571200100020034000407000005908400406003000000702080087000000000890002,762384951934571268158629734829467315375918426416253897591742683287136549643895172
000001000000030476680000000000300060708000000032604780876503209003006850400090600,347261598521938476689475123154387962768129345932654781876543219293716854415892637
000000030803046750000500410020600100100002000308100200000289504500060893480007601,254718936813946752796523418927634185165892347348175269631289574572461893489357621
105026000076503001209710406760000120512004070390270000000030804040900000003000000,185426793476593281239718456764359128512864379398271645927635814641982537853147962
000053400040090075000084006000075000503410602000060003000000020000920060260540809,721653498846192375935784216682375941573419682194268753459836127318927564267541839
834050020090000800500800403000000010300507042021004080000005000100390200003760000,834156729697243851512879463459682317368517942721934685976425138145398276283761594
000042000056100207000900000090061800400837000000000000010074085008519000000300610,183742596956183247724956138395461872462837951871295463219674385638519724547328619
100600002006031050000000001000060020005000006009214087068003200000056100000900000,157689342286431759493725861741568923825397416639214587968143275372856194514972638
030800070070090001000300090590024080740089000000735009010000704050000000000017500,935841672872596431164372895591624387743189256286735149618953724457268913329417568
030120609190030720068005140021000000843009070750000000070200080012000067000054010,437128659195436728268975143621387594843519276759642831974261385512893467386754912
169800000000300000435009700050063009000007065000005107521900070690731050308500000,169872543782354691435619728257163489913487265846295137521948376694731852378526914
800500070060020000700300628009600000003000090047050060900000504100403000400060010,824596371361728459795314628589631247613247895247859163976182534152473986438965712
000300706003500000079001000320010800000078000107030690491026008050000061000159472,514392786263587149879461325326914857945678213187235694491726538752843961638159472
010009002000050000000407000800300007000200043200070000390000008070000004085020731,518639472746852319923417865854361297167298543239574186391745628672183954485926731
007000002090000850051704000042690570900100008008000000074810235500002900009350000,837965142496231857251784693342698571965147328718523469674819235583472916129356784
016008032400007000005103876000000000050001000200854063800002005000400900007000028,716598432483627591925143876168379254354261789279854163891732645632485917547916328
100000000403000000060350008000009800090830020600500309006100950841090000020040080,178964532453218697269357418317429865594836721682571349736182954841695273925743186
320500000090004000407600000040002000000040102102307900008021009004030510931780006,326518497895274361417693825749152683653849172182367954568421739274936518931785246
000870040000200705000900230000010927090580003010420800307000009581690000000000082,932875641864231795175964238458316927296587413713429856327148569581692374649753182
000000600080019007010003508160000080090080000075030000038200000000800003749060000,952748631386519427417623598163475289294186375875932146638257914521894763749361852
007000080580001060000800300090000003400008200000009000001283000050967000609000008,967352184583741962214896375192675843475138296836429517741283659358967421629514738
179500000082901000604080000730000050500000027000790183007260340865407000020050070,179546832382971564654382791731824956598613427246795183917268345865437219423159678
057261304000304090000000000009005072000028000008197003001700200000080041000500000,957261384682354197413879526149635872376428915528197463861743259735982641294516738
007069003090030020300100000000054060040000090805013200600000450974082001013000902,427869513198435726356127849739254168241678395865913274682391457974582631513746982
008673900903000008000000010000000009009006070362000500200504000004329000090000400,148673925973215648625948713417852369859436271362791584231564897784329156596187432
080490050000085000004000002613000000047300906050000000020000000000208000968510270,386492157192785643574136892613879425247351986859624731425967318731248569968513274
000000000002730600080000070098000706000000025273400000000040000009001450000803160,617258934952734618384196572598312746146987325273465891761549283839621457425873169
008000000000010080000408000000000536006000400013800009004009007300000040067001895,948536721635712984721498653892174536576923418413865279184259367359687142267341895
920000000030209060005600000000002000790000030500007840200003680300065010000721000,926534178837219465415678329183452796794186532562397841251943687379865214648721953
000200740004087090973060801000002007210754906000930210040371080000000000005049100,186293745524187693973465821369812457218754936457936218642371589791528364835649172
070006000654000000001730004000041900006029000100007400013600500800010043009083000,372456891654198327981732654725341968436829175198567432213674589867915243549283716
190504382270980060053000009000700000001000000000035800000150034410000000000007000,196574382274983165853621479685719243321846597947235816762158934419362758538497621
506000209000009570009560000000000007000002000000650320000093000902800013004200000,536417289841329576729568431285934167163782954497651328658193742972845613314276895
000003000020800060800071000980000040706300100400082000375000082000030000600000005,549263817127854369863971254982615743756349128431782596375196482294538671618427935
005000604760250139049070050000002060080005000000700000674508001010027006002000045,325819674768254139149376852431982567287165493956743218674598321513427986892631745
070000006413006908000000321000000030500030004601724089050401093140300000000072045,872193456413256978965847321794518632528639714631724589257461893149385267386972145
007000014125000038600000072031578206062300487070200000046000025000602000050409000,397825614125764938684913572431578296562391487879246153946137825718652349253489761
009000720071020300000079000007500400000040000500090000096000250720003900004900007,439815726871624395652379841217536489968241573543798162396187254725463918184952637
400800000900070060080504702046230090000060000009008605000000070502080000004600009,437826951925371468681594732146235897258769314379148625893412576562987143714653289
030091260012006000800030490300000020001020000000079004050060040000050600000100002,534791268912486375876235491387614529491528736625379814259867143143952687768143952
200000003000002060004000058006000729007009310000761040009010000080250000000890030,278645193395182467164973258516438729847529316932761845459317682683254971721896534
018029030000483000720000400000000810000060354807104000540070060009500000000098105,418729536965483271723615489634952817291867354857134692542371968189546723376298145
000004000504000200000050000000040000605020800100506000281090700957160000400700000,769214538514638279823957146392841657675329814148576392281493765957162483436785921
000031600632000900971000045040005000080100000005400060008254096007600000409378102,854931627632547918971862345146725839283196574795483261318254796527619483469378152
060005030400001000317090200500300006100906000600000008205409103000053002936070004,869245731452731869317698245598327416124986357673514928285469173741853692936172584
004030020761000304900000506000400200000820407200570010657310002800045060000090805,584736129761952384923184576175463298396821457248579613657318942839245761412697835
005600920900002006002951040007596030096318000000047069608100300000000002009000087,175634928943782516862951743487596231296318475351247869628179354734865192519423687
098042060040500800720810000800000059400060108609080270000308010000020090013050082,398742561146539827725816943831274659472965138659183274264398715587421396913657482
009000030030600000460003025000874501000000000000260300000090050003510009000002680,219457836538629714467183925392874561186935247745261398674398152823516479951742683
950010000000070000001000603420060700097050480006900000000735100009000030003100007,952316874634578912781492653425863791397251486816947325248735169179624538563189247
300090175000030082050712093010950000594008730000000050000389007005020040007006000,326894175179635482458712693712953864594268731863471259641389527985127346237546918
720051000104003002560000900000300504040000230050000069006800025081740003000100007,728951346194683752563472918612398574849567231357214869476839125281745693935126487
090800260020005400700002381000008000080104000500200740001500006079083000000001000,394817265128365497756942381642738519987154632513296748431579826279683154865421973
850007010000900700301000900002000040580600100003790086208503070040000830730816002,859367214624981753371425968962158347587634129413792586298543671146279835735816492
030810060010406032000090000001300600000501040480000100806000201000000000005129086,932817564718456932654293718591348627263571849487962153846735291129684375375129486
300208005000050036100000080000506890030100000600000021400300070500900640000000050,349268715728451936156793482217536894834129567695874321462385179573912648981647253
002040003060570049010306000020003407073800906940007000200015008004700090601200504,752941683368572149419386725825693417173824956946157832297415368534768291681239574
002018000104260090500000600000032069006080000805090003700029500050670400638000007,962318754174265398583947612417532869396781245825496173741829536259673481638154927
007105620000600000460008709019050000000080160000000392100003070070000210005000004,987145623532679481461238759619352847243987165758461392194823576376594218825716934
004007860020000070010068040000790000079032000005601080500000027140500308760089004,954127863826354971317968245681795432479832516235641789598413627142576398763289154
000480073073000800816307900000000000000002036002000000030004005024060017060250009,259481673473695821816327954687139542195842736342576198938714265524968317761253489
600439080000010549009000230000091070001005004798042000007800060060050008102000053,625439187873216549419578236546391872231785694798642315957823461364157928182964753
700604000020700000800000000060000070040379005072100000500023007480001930010080050,751694328629738541834215796365842179148379265972156483596423817487561932213987654
400157200206308051500420000000060010001000006690041000354010002060005004087200005,439157268276398451518426379843962517721583946695741823354619782962875134187234695
006000045003000200005070031308700400600000000001580000130206500800030600500007304,716329845983154267245678931328761459657942183491583726134296578879435612562817394
002409085189500000030710200005020034007083010020050900803200400040005020000001007,672439185189562743534718269915627834467983512328154976893276451741395628256841397
000000050000040000540000802400600380030298000708004020004306000000407213307052068,679823154823541796541769832492675381135298647768134529284316975956487213317952468
000050900804000500509004020000090000605407002100028400008000200070040080001300060,723156948864239571519874623482693157635417892197528436348765219276941385951382764
000000000040095006000210300408900005700000090000000030809420070000000010073089500,281364957347895126596217384418932765732156498965748231859421673624573819173689542
050006900000000040300000507017000639200000804090003002070090060900610005001300000,154276983789531246326984517417852639235169874698743152872495361943618725561327498
050000030070392080000070160000009300007031800030400000013000090040006070068000504,859614732671392485324875169486759321597231846132468957213547698945186273768923514
000080000093060540800005001700010854004800100000030600000040065000600003000000017,415283796293167548867495321736912854954876132182534679328741965571629483649358217
003000000026000035845700000087061000300500860000000000900005000430070000001080070,793652184126849735845713926287461359314597862659328417978235641432176598561984273
030000004124090800500400372000000000000009027000050680005302700902074530300000240,738526914124793865596481372673248159851639427249157683465312798912874536387965241
000700406000350008030010590070000300023000064090100207000030670000079140900045820,581792436249356718736418592678924351123587964495163287854231679362879145917645823
510020860080005002200000000006092000032657900000000000008500004000210059195300208,519724863387965142264831597876192435432657981951483726628579314743218659195346278
000000052007600090300000060000030000000200003100590024013804070002075830080003046,864319752527648391391752468256431987479286513138597624913864275642175839785923146
800000900200791860000000000080009000002400009690008010500000008078000601060000700,817564932235791864946823175183279546752416389694358217521637498378945621469182753
048059000906701020000600000600420908000000000823006514050807000000090050100500280,748259163936741825215683749671425938594318672823976514452867391387192456169534287
090080304100900805000540000052000407607000218401002000000000092000200700009170086,295681374143927865768543921952816437637459218481732659874365192516298743329174586
001920450004080310027000090406070020012040000700010004278064000003098005000000048,861923457594687312327451896486379521912845673735216984278564139143798265659132748
000005060704000581005040000019002854006000900007000020043028000000000040601300000,832175469764293581195846372319762854256481937487539126943628715528917643671354298
289005604000048590430607000163000005800050000040003017020000008000406200600720400,289315674716248593435697182163972845897154326542863917924531768371486259658729431
001000050070009430028070000000007000260803005000200013000700000402000000006300509,941638752675129438328475196193567284264813975857294613539746821482951367716382549
009100000000000009000090800000000091006040000090507004907000400080730900650409700,869173245273854169514692873745328691326941587198567324937216458482735916651489732
800001900005004003040000001090080040214906875008000096009500400300409000000000000,863751924125694783947823561596187342214936875738245196679512438381469257452378619
020800040103469072060700301507020000312000705000100420000080009076590000800004000,725831946183469572964752381547326198312948765698175423431287659276593814859614237
006800000050304000080000040509108060600700501801050007708002000090080300300905070,426879135157364928983521746579148263642793581831256497718432659295687314364915872
302407008080001000050000034069000007403578090871309405040000260000705040000602001,392457618684931752157286934569124387423578196871369425745813269216795843938642571
400605000100400600600000000014200000090000030026003401000004752200150000000060014,439615827152478693687329145314286579598741236726593481861934752243157968975862314
003910020190000000700000109008009400900056000006148000000800001000007006000200300,683914725192573648754682139518729463947356812236148957469835271321497586875261394
009070000600000372700380005018020039000009201002000007320040000000260000054030000,239576184685194372741382695518627439473859261962413857326745918197268543854931726
870600020109402700260000945605000109901308050037000000002006508000020004700000090,874659321159432786263871945685247139921368457437915862342796518598123674716584293
000000050601500040700001092200408000005000208307010060000000001500000689002006005,493782156621539847758641392269478513145963278387215964936854721514327689872196435
000100098700004000040005000108469053562083904439000700300000041004000070000500039,256137498781694325943825167178469253562783914439251786325976841694318572817542639
000082000260309000040500230800700090005903000400006000370095100001230000580070903,153482679267319548948567231826751394715943826439826715374695182691238457582174963
000619040420000680056020031000546078068000000000800006084000060000000050005000003,837619542421735689956428731219546378768391425543872196184253967392167854675984213
907510000180000000000006000001230060094100030000090000000025071710000300050040026,937512684186473592245986713571238469694157238823694157468325971712869345359741826
965000000204908030003000100000753900300080452050240670000091000000005241671400000,965317824214968735783524196426753918397186452158249673542891367839675241671432589
090086041760001020100050007080043090036000080070000000409000008600000005807600002,392786541765431829148259367281543796536927184974168253459312678623874915817695432
471650800000170056000800020000000539010090260090000000064900300100324000020000000,471652893832179456956843721248761539713495268695238147564987312189324675327516984
790100000080260000000000000005600000069031200230400006000800000926300780800010500,794183625381265947652749813175628394469531278238497156513872469926354781847916532
201095400009700001000030500090357008700408900105900000927000064000100050508602000,271895436359764281864231579492357618736418925185926347927583164643179852518642793
800040001300709000402186000907000005104300200208490700600000000700030050000900000,876543921315729846492186537937261485154378269268495713641857392789632154523914678
074560000508000040039074500000900483090000701302100690981720054000390000620000000,274561938568239147139874562716952483895643721342187695981726354457398216623415879
000807216078000904000001000000300607080070020000020503905703402000200005030060000,349857216178632954256941738521398647683574129497126583915783462864219375732465891
000000400006903000300276050008090000025000000000807000600738204800409063002600000,297185436586943172314276859768592341925314687143867925659738214871429563432651798
000001590000040600090700002800590230900103000530860007200000006000058020000007310,763281594128945673495736182876594231942173865531862947284319756317658429659427318
001600007489715000006020091090100000600378109040050008000007000008230014000000003,231649857489715326576823491897164532625378149143952678312487965958236714764591283
906400170007090080051000429040000050802040010000082040060030791094070000000150004,986423175427591683351768429649317258832645917715982346568234791194876532273159864
790500300000009005504000910809652070173000520050000000010000000008140750000205600,796518342321479865584326917849652173173984526652731498915867234268143759437295681
090020035070900600500007000000402096000000200021050487000300070006290000009008360,498126735172935648563847129387412596654789213921653487845361972736294851219578364
000004608000700140000002503790000050020057086604000030270045009081906024000128000,932514678865739142417682593798263451123457986654891237276345819581976324349128765
040605080250901040086000520001208000700003290832000150070300010610000930020000060,943625781257981643186437529591248376764153298832796154479362815615874932328519467
000074095006000204070006081000908050000030120000020036001000760900000043065040809,283174695156389274479256381632918457594637128718425936841593762927861543365742819
240080001060200080100000020650090300800604070010003260400068730300420100076109000,247385691963241587185976423654792318832614975719853264421568739398427156576139842
000000030573908100192000700700800000005000000480003200067051000050200000010037409,846712935573968142192345786739826514625174398481593267967451823354289671218637459
000001000090000006700023080000705804810002500004010060040090650006200000002000049,238641975491587326765923481629735814813462597574819263347198652956274138182356749
860043072907082600300567109403705010000008020000300900000000000030001090080000300,861943572957182634342567189423795816795618423618324957179836245236451798584279361
000000280081005070700028005806512000010090800400003007030050001008241703100309508,345176289281935476769428315876512934513794862492683157934857621658241793127369548
000092076608340501047000080070050802530068047000470000095020018014080029000000000,153892476628347591947615283471953862539268147862471935395724618714586329286139754
091000708070000200840900000500063010008019067000500002050030800000000000200090050,691325748375684291842971635527863419438219567169547382954132876716458923283796154
000156082800003000012704005007000001030000826508901730645030100001600040000400000,794156382856293417312784695427368951139547826568921734645832179281679543973415268
005960001009005076068004000920070040500406700004028500090000804802640030043009000,235967481419835276768214395926573148581496723374128569697352814852641937143789652
560000800809670000000500960400857100938000500175069002001030000000010029200080041,562493817849671235713528964426857193938142576175369482691234758384715629257986341
000000009000600000010000056285006940170000008006000007640208000000000001700104090,563842719927651834814379256285716943179423568436985127641298375392567481758134692
050600430000458000009031000807060103010070000496000005000040000000026714070010300,758692431361458927249731568827569143513274896496183275182347659935826714674915382
060003079007064008080027400001090006000040003602350140010000000000836000803015000,164583279927164358385927461431792586758641923692358147516279834249836715873415692
100000024708040630060001000840000095070200403000400067200000000384090002600502340,139687524728945631465321879842763195576219483913458267257834916384196752691572348
042080009630050007008123050000900030080001000000060702800604200200597003060802590,542786319631459827978123456426975138387241965195368742859634271214597683763812594
001060400020700086900000000000020851010670349035008000000030020040592000100487605,571863492324759186986241573769324851218675349435918267857136924643592718192487635
036000100000607000002009003209046008000971000000205001000000026000002000627004000,536428179981637542472159683219346758358971264764285931145793826893562417627814395
000400092009307010000050308851700204700048009000012807208003640400005901005000020,137486592589327416642951378851739264726548139394612857278193645463275981915864723
000267180807019002002803500000050007700301095430908000000780000100490000000102708,354267189867519342912843576291654837786321495435978621523786914178495263649132758
001045000800037100000090080000080009000019408908500030760000940005460000000000000,621845793859237164473196285247683519536719428918524637762358941395461872184972356
126070090739000800045009000008700020302006000004200300403907050000004008000300000,126875493739142865845639217518793624372416589964258371483927156291564738657381942
870009000405038000000007800062853000050010002000602305290000000504090007007000600,873569421425138976619427853762853149358914762941672385296781534584396217137245698
030914008081050000950000200000040080600500000070002053807090305510603000000000806,236914578781256934954378261325149687648537192179862453867491325512683749493725816
023000040050003086000009300000300210030000000209000730000000090600235400040001603,123856947954723186867419352486397215735142869219568734372684591691235478548971623
600008090080907006007005001500001000010206007700590000490150603001030080006070140,625318794184927536937465821543781269819246357762593418498152673271634985356879142
000590308000000005000008600000003050300640000000020700000300107000089502070001043,724596318689132475531478629947813256352647891168925734295364187413789562876251943
080003000000000406400006310000400809508700002000300647100070090095034700004000083,682143975931857426457926318376412859548769132219385647123678594895234761764591283
000705100300040006840960000000409013009000008030058007020004000003000402407006000,962735184375841296841962735286479513759213648134658927628594371593187462417326859
000100000315000000096080000409070001500020600030000700150000060020054008060000004,248139576315467892796285413489576321571823649632941785154398267927654138863712954
008402060007901005021067800040090300700310008100050070500043000306070000074000000,958432167637981425421567839245798316769314258183256974592643781316879542874125693
530861900000257630200030510020000100000000700003410056400180300006300000001006805,537861942149257638268934517925673184614528793783419256472185369856392471391746825
104000009000090405050004600000007000009000540700009100500300204003040950400900803,134625789682793415957184632825417396319268547746539128598371264273846951461952873
010000829000208006080070034800000000070802600002607400000360000308000060040089000,617453829453298716289176534864935271571842693932617485725361948398524167146789352
040900070002030000900564180013005400200000000500013000000201000420058700000406305,145982673862137954937564182613825497278649531594713268356271849429358716781496325
004100807000000001080720500050009400407060082092000100000600000640002000700040060,964135827275894631381726549156289473437561982892473156528617394643952718719348265
320000050700002000150000279000700020947521830000008040001305090030210400000000000,328976154794152683156834279865743921947521836213698547481365792539217468672489315
000970050320405009900080003013000000708040100465002030600010082870009001000000900,186973254327465819954281673213758496798346125465192738649517382872639541531824967
000143050009700000504006008302017040070008020006430000680300290047009030023064007,768143952239785461514296378352617849471958623896432715685371294147829536923564187
006402080205900400800030072080090527050004096003200004090000000000740601630001750,316472985275918463849635172481396527752184396963257814197563248528749631634821759
098061700700300109106904030000006300560009000000003006005097000000830600687102590,398561724754328169126974835279486351563719482841253976435697218912835647687142593
901000260000090000076210030080070000003008900000000051000451603030700000400030002,951387264324596718876214539289175346513648927647923851792451683138762495465839172
010080270086000090002000000059408360000530041000102080045000010300850006000001705,913685274586724193472319658159478362827536941634192587745263819391857426268941735
060040951081000700200007608472000000605028109000000040006000000054000000307000000,763842951581369724249517638472931586635428179918675342126754893854193267397286415
400905320003000090900002081654010030000000010000064000080090000000008100700003050,418975326263481795975632481654817932827359614139264578381596247592748163746123859
004001008713908002050067000000730820900025103005004900001090004009180570000070009,694251738713948652852367491146739825987625143235814967371596284429183576568472319
300080500450000193700000600200400000030260000007500042105090000000045000000706035,396184527458627193712953684281479356534268971967531842175392468623845719849716235
000000890000970001940800307429630000000040509000000400004507086060080000092064075,371456892258973641946812357429635718613748529587291463134527986765189234892364175
307020800500084000604001000000007300940005708000093400030006902050078600176000083,317529864592684137684731295865417329943265718721893456438156972259378641176942583
080030029100800060702900000618000000074000930039072010045000000920100053000250000,486537129193824567752916384618395472274681935539472816845763291927148653361259748
000001004002367900000520631000003040000080006500040090803600000700000000050900000,365891724142367985987524631619253847274189356538746192823615479791432568456978213
420000300100200090805100006003975160017000000000000007000090610001050040000010009,429586371136247895875139426283975164917864532654321987542798613391652748768413259
400068002051420086260009010080040001000602050020900600090054800040000060705010020,479168532351427986268539714687345291914682357523971648196254873842793165735816429
000000700007001000600705004000000641000000000095600020000000060508102000904560170,352496718487321956619785234273859641146237589895614327721943865568172493934568172
800002090030459010906017325000900000500000000062000900009006053003201700780005160,815632497237459618946817325471928536598163274362574981129746853653281749784395162
901005406008000093002400000094000302020000071000206904000800637007609180030050000,971385426458162793362497518194578362625943871783216954519824637247639185836751249
000026005570900800080000000031000040005000000007000500068000900000600302000084716,493826175572941863186375429631597248845132697927468531268713954714659382359284716
270100009056004000941000060408000091030000702007020006589000004000005000000062805,273186459856294137941753268428637591635419782197528346589371624762845913314962875
400059080200000000305700400600000517050000908092000000000090870060035000020176090,476359182289461753315782469648923517153647928792518634531294876967835241824176395
000000400000000200504018070070020000208500090160000000092170060356042000017300504,721693458689754231534218976973421685248536197165987342492175863356842719817369524
005418020030000100180300600804206901700804203309500060003002018040000000078000006,695418327432967185187325649854236971716894253329571864963752418541689732278143596
603009050025000007704000230000000000050000089007096540000000700501600928070005400,613729854825314697794568231982451376456237189137896542368942715541673928279185463
035000000089001000007320000802017034050430900000005100000000090000180053014970002,135768249289541367467329815892617534651432978743895126378256491926184753514973682
280000940490020005003940082000865000002000050805200406000000010008006000051700000,286531947497628135513947682149865723632479851875213496764382519928156374351794268
000040100130820470048001002300500820020098000010060503000630947674080050003070000,562743189139826475748951632396517824425398716817462593281635947674289351953174268
190000400400000105050800093200005080500000062000000501620000900900000810001600257,193526478468973125752814693247165389519438762386297541625781934974352816831649257
000004000005600040000003182790065000064100079010000000470000001351907600000010000,138274596925681347647593182792465813564138279813729465476852931351947628289316754
080030256500000030600500018000197005003450007000000104000000002896000070010000000,984731256571682439632549718468197325123458697759263184347915862896324571215876943
309008540004100600506000010008007020700000000043506008000080004005003080080200000,319678542874152693526394817158437926762819435943526178231985764495763281687241359
700006020040000701020010000006090002070300590090002007003004079500000310000600045,751846923648923751329517468436795182872361594195482637263154879584279316917638245
900610427000300180210500030301006000000005000859000300000760053000001908502040706,935618427476392185218574639341986572627135894859427361184769253763251948592843716
005700032200010000000002005507420000000000754406300000600004000070005010020100040,915748632268513479743692185597421863132869754486357291651984327874235916329176548
090000005005019007100030060800391000000850690009074800400908003300067040072000106,293786415685419327147235968826391574734852691519674832461928753358167249972543186
380100000760000002400060800000000000000417008007890004090200000002300009603040000,385124796769583412421769853854632971936417528217895634198256347542378169673941285
147095600020007309000060010000000000000070056051620004000000901000016000010000000,147395682526187349893462517684951723932874156751623894365248971479516238218739465
096000003700000081000700906000000004008504630009000720065000040807400060320800090,596182473743965281281743956652397814178524639439618725965271348817439562324856197
900050000020701900000000030700060100840300076060210000203006891697000000080000620,978653412325741968416928735732864159841395276569217384253476891697182543184539627
000000100001062300090000060087000040914000076060040500030078029028400030649000000,476839152851762394293154867587216943914385276362947581135678429728491635649523718
907000600080000020003400000718020000400030002200090750000000800300009006079200503,927351684584967321163482975718625439495738162236194758642513897351879246879246513
893070504002500973700400008270000005080000090360800700600000009000004080048960000,893172564412586973756439128274693815581247396369851742627318459935724681148965237
152000030080000001900410052600000900310009728200001063700000000800100270500270106,152896437487523691936417852678352914315649728249781563721968345864135279593274186
300980610760000580000000200096040070010509806007160905020700430000300102030000759,352987614769421583841635297596842371213579846487163925125796438978354162634218759
500680000100473009040050081005040000000100408010008050800000320200506007407832190,579681234128473569346259781685347912932165478714928653861794325293516847457832196
030210800600070030710000090200780054040500012050020078000007000370850049000100003,934215867625978431718463295269781354847539612153624978481397526372856149596142783
068000451000001800000080070000300725000100000030278060503000900679800502000004600,268937451457621893391485276816349725724156389935278164543762918679813542182594637
037004126000800340004001000000400007040012060306080010092130704000005001400007200,837954126129876345564321879215463987948712563376589412692138754783245691451697238
270100600001000950000407100008079005407013000900000000004901070030084010000050004,273195648641328957589467123318279465467513892925846731854931276732684519196752384
080000406000860000000002800030046179400000000005090300050020001014630500829750630,981375426572864913346912857238546179497183265165297348653429781714638592829751634
004070000039000704600000000143089020786130400095700103050210040008000570460000030,814375962539628714672941358143589627786132495295764183957213846328496571461857239
090020000700008003400031060000000510004010030503804006005080079006009320000500000,391426758762958143458731962687293514924615837513874296145382679876149325239567481
051340006403000071086010000820030469000900007030000058000800004000703002308004795,251347986493658271786219543827531469514986327639472158172895634945763812368124795
030074000209005000470290506803900057000007093007030000050000902004000105090401008,135674829269185374478293516813946257526817493947532681751368942684729135392451768
170802000052100900000000072200509700715304000003007040030905067000608400560040009,174892635352176984689453172246589713715364298893217546431925867927638451568741329
000000001294007068000000700000000050000010800170480609708095000500000900410000500,657834291294157368831926745382679154946512837175483629728395416563741982419268573
000150000000968400800400000050006309301500040000041500106005000400603070500700080,649157823237968451815432796754286319361579248982341567176825934428693175593714682
008290164910006083002000900091050070004960000000000500003400000287030400049028030,738295164915746283462183957391854672574962318826317549153479826287631495649528731
290150070000092306400000090158000040040510000600900080730000000060005000084300000,293156874875492316416783295158627943349518762627934581731269458962845137584371629
800659103069000080000008690000000046000000379070260000700420530236800010080010962,847659123169732485352148697518973246624581379973264851791426538236895714485317962
004030006000069080090000504000000800368000000100600307400070058706083010000940023,284135976573469182691827534947312865368754291152698347439271658726583419815946723
000000005020309000054020000000004600030010402000087030000002304290000700010093000,371468925628359147954721863582934671739516482146287539865172394293845716417693258
048000057000004060700080310470600038080005621060030400054000000600200745900006100,248163957135974862796582314471629538389745621562831479854317296613298745927456183
230500091060030000000004030900001803080006000000080507000100400000805320000002000,234578691861239754579614238945721863783456912126983547352167489417895326698342175
039570814000030695410608000040000000000023000000000930904007300720000460001000000,639572814287134695415698273143769582596823147872415936964287351728351469351946728
300108090007000000190006027000000006286000000005683042000009000070020460620000500,352178694467932815198546327934257186286491753715683942541769238879325461623814579
800060000000000000000008060700104006200085409048790102400600000027000003901000007,874961325563247918192538764759124836216385479348796152485673291627419583931852647
501080006043090100670030002700005000456300709000470063004600000007009000900100000,521784396843296175679531842732965418456318729198472563284657931317829654965143287
905000020082000040001000608008000000007850093200400000000000002700900034820004500,945687321682513749371249658498371265167852493253496187534168972716925834829734516
300050600500060104246180000020000000080300520003000009000000900000906450000004068,391457682578263194246189375624895731789341526153672849462538917817926453935714268
062100094700000210000800570090500340003700009240000100800400000001200900000381000,362175894758649213914832576196528347583714629247963185825496731431257968679381452
140005209023804000050903000005070300402100050300000008290000080000390426604500090,148765239923814675756923814815479362462138957379256148297641583581397426634582791
000006000804000000000430000940051003060020090020309081000000950000098030300064000,295186347834972165716435829948651273163827594527349681482713956671598432359264718
000060200009250304008007001000420830080030002263980007100600408800500710006810000,347169285619258374528347691751426839984731562263985147195673428832594716476812953
000180000900003000000000050390708001587204009610090280856042003000030000003871000,425187396968453172731629458392768541587214639614395287856942713179536824243871965
010040000004009803030000000860510040000006000501004000742001000000020004150400200,215348679674159823938672415863517942427896351591234786742961538389725164156483297
700002000000850300098006105352180000670009483040000010020005800063040201500260900,735912648416857329298436175352184796671529483849673512127395864963748251584261937
010602007536074208000000065003000000080420000020000000800005003054090800700100604,418652397536974218279318465943567182687421539125839746861745923354296871792183654
005000700000010590007060312370008020000000004501906030050002070020040065004070209,215389746463217598897564312376458921982731654541926837158692473729843165634175289
400000032800006009206000007300900006560003004007000321009082003002005010084009260,415897632873256149296341587328914756561723894947568321159682473632475918784139265
000074000060000420000308060000000600027840010009000570000009700040007080008006003,295674831863951427714328965351792648627845319489163572136289754942537186578416293
000000010609201300050390600000400801020000064340605002010003009084009000703040000,432756918679281345851394627965427831127938564348615792216873459584169273793542186
530801070008000013700050000106907000020000080450010007000000008000006100001002000,532861479698274513714359826186927345927435681453618297269143758845796132371582964
608020000001600080023000400009000800060009005805207960006002000000040600000090001,648923517791654283523871496179465832264389175835217964916532748357148629482796351
100000800573008900800430010050002000380000006260040000000004000020903000000700008,146295873573168942892437615951682437384571296267349581715824369628913754439756128
213000469700000080080962731075400100000003020092700046000309000400000958000075004,213587469769134285584962731675428193841693527392751846158349672437216958926875314
060010275500080000410075000070008900105002084000090000700600002936000000051000600,863914275527386491419275863372458916195762384648193527784639152936521748251847639
030001050007406001006070430003692170000107080400850026000000069005760008608020000,934281657527436891186975432853692174269147583471853926742518369315769248698324715
070080010013096420256000708000003000020050004030621000000040080308100500042030970,479285613813796425256314798581473269627859134934621857765942381398167542142538976
002070158109000600760150400000380000200000080304000060000000300041508006000026840,432679158159843672768152439695387214217465983384291567826714395941538726573926841
201053860000008100608210305000030406080070500060000000507006249930700018026000003,271953864359468172648217395795831426482679531163542987517386249934725618826194753
900080010036504000000600453305016008610005030400008165003000571069070004001000300,954387612136524789782691453325716948618945237497238165243869571569173824871452396
008000005000050400310000700806043020030005809000708000103000004000030062000006000,648397215279651438315482796856943127731265849924718653163829574587134962492576381
002000900705000010000650207840500000000401006500003400107000040050800003000000060,362147985785932614491658237843596172279481356516723498137265849654819723928374561
050060310300000000000200000700039001096000005840500067000040103000000000037002840,259867314361495728478213659725639481196784235843521967582946173614378592937152846
000053026500007190009108040100080905007030400300009070060090300400870050005300204,814953726523647198679128543142786935987235461356419872268594317431872659795361284
000000000509006000286000000000679080000300900603050007001060473840037002000200000,714583296539126748286794531152679384478312965693458127921865473845937612367241859
601000900070000064000000000007000600068500340003049078004090001706205000000000000,681473925379852164542961837457328619968517342123649578834796251716285493295134786
000200100801000700609400032908000520000070408700008310006052940000000670007000000,534287169821369754679415832918643527263571498745928316386752941152894673497136285
040090010100400902089201000003002507870009000200000003000003805007100269020006001,342695718156487932789231456463812597871359624295764183614923875537148269928576341
394000000000000490000000003006107940100090036009600010005900000900752060827430000,394861572682375491751249683236187945178594236549623718465918327913752864827436159
300000071000760004008030000000000000000906308000028000000470085080600700700000649,346892571291765834578134962839517426127946358654328197963471285482659713715283649
030000006720100900000308021097605004460087000580000000309000000002700400004001009,138279546726154938945368721297635814461987253583412697359846172612793485874521369
062915073007082500000000200000000080200000700030807100078000050623000940000000802,862915473317482596954376218749621385281593764536847129478239651623158947195764832
806023410235004000140000200082609000900050000003008609400800000001000083000061000,896523417235174896147986235582619374964357128713248659429835761671492583358761942
900630002400582000025079000034015000000000400681900005009020304000000000000090000,978631542416582937325479186734215869592768413681943725169827354847356291253194678
700000000582009300609001000000000900071000000405190708094610000057900060000070105,713542689582769341649831257238457916971286534465193728394615872157928463826374195
654300007003605000900070500030040091000080603800200000070400008469050002128000000,654398217713625489982174536237546891541987623896231745375412968469853172128769354
000026090200400100000070320021600003640000501008154700910060007400000600000040000,174326895235498176869571324521687943647239581398154762913862457482715639756943218
000000000000607045000900300009000054400065000060020701300700026057006010004013570,736541982982637145145982367219378654473165298568429731391754826857296413624813579
020300789004059130000870054003020000000005010409600000700000368000700500000004020,521346789874259136396871254183427695267985413459613872745192368932768541618534927
008600000107040630400005170000200850005007200000030001029410086001006429070902005,238671594157849632496325178913264857865197243742538961529413786381756429674982315
280003705030000890609800403701200900402030080098070000045060070100700050000002018,284913765537426891619857423751284936462139587398675142845361279126798354973542618
900600000700010000530200070400000700803400690600801400300050204100000000000100350,921637548746518923538294176452963781813475692697821435389756214175342869264189357
000000030020300000000000090009680003801002000630049008090450300000803000000000285,765914832924368751183275496459687123871532964632149578298456317517823649346791285
000000950000500010400100060000600039000305784305980000000203000000070203923400005,138746952769532418452198367287614539691325784345987621874253196516879243923461875
004561008005480003000090004500002040600709002000030500003020000406300209082006375,394561728125487693867293154538612947641759832279834561753928416416375289982146375
001000007600000000000000510300052601000709450075000000060040020000005000503286000,251863947694571382837924516389452671126739458475618239968347125742195863513286794
800000600490506300006139800000000401008000000000040006000000000500003072037204508,813427695492586317756139824365972481248361759971845236629758143584613972137294568
671000000000000010985030000000920074003000601760000205000200050020060100010084003,671842539432659718985137462158926374293475681764318295347291856829563147516784923
050920004000000500010456000700500240000000000801030006106000309000160000008000400,357928614684713592219456783763591248925684137841237956176845329432169875598372461
000620030004000006000074028109030000000200090000001700017000380000000507000003610,791628435824315976653974128189537264375246891462891753517462389236189547948753612
400903000800042000923001060000607320700000590001200000100500030005020104030010675,417963852856742913923851467594687321782134596361295748148576239675329184239418675
080000301307001582100308000800000079090010000010000000070680000630000007008005000,589247361347961582162358794853426179796513248214879653971682435635194827428735916
156004000300050000000632051003000000690000002200009763005761900000943005009000304,156894237328157496947632851573426189691378542284519763435761928812943675769285314
000070030090080002000290080047010628000500000069700040902001060010907004604002090,825174936491683572736295481547319628283546719169728345952431867318967254674852193
205800000006250800008090500001709000682000007070000015000406059560030182000580406,245871963916253874738694521351769248682145397479328615823416759564937182197582436
600010800840000730137400500069000104013600900000094000200009086000037405000061207,695713842842956731137428569769385124413672958528194673271549386986237415354861297
007000031806000400002000760709000003000000070025070108200040000060098007000230000,597624831816753492342981765789412653134865279625379148253147986461598327978236514
000006000601030040300201560005023000000010203203005000000074000709000426500002370,958746132621539748347281569415823697896417253273965814162374985739158426584692371
260387009000402038000010007000706000000058010080140006027030001809000040000290000,261387459795462138348519627914726385673958214582143796427835961839671542156294873
176400058000008000002007060090000000000000000000006010018900400960030185500071090,176492358359618742482357961795183624641529873823746519218965437967234185534871296
700012043530000000048090062091087200050000304004500100085060409000009800013700025,769812543532674918148395762391487256657921384824536197285163479476259831913748625
000000000000000025000000000098500314004069500057048960000700800300000050009001470,825917643941683725763425198698572314234169587157348962412756839376894251589231476
000400800000000040000206000000000508950000000030900400700602039410003007093500004,167439825328715946549286713671324598954168372832957461785642139416893257293571684
003005000050000720900010005000090502294000007000001098009080004387900200040500089,873425916451869723926713845718694532294358167635271498569182374387946251142537689
000800150000120900080000762004500603803400001150702009309000000000000010000207300,932876154467125938581394762294581673873469521156732489319658247725943816648217395
008000000901305000000940053060002500400001602020560000200709305086103904095620010,538216749941375286672948153867492531459831672123567498214789365786153924395624817
000080037036900050200300049009016400300048006000003080680079005900060728000802000,195684237436927851278351649859216473321748596764593182682479315943165728517832964
200300040000002000900000201000000010002900004001006002600030000100500063409008107,287361549514792386963485271796243815852917634341856792675134928128579463439628157
007000360005300100030009850000051637000000400000003000570910240340020090008530700,917845362485362179632179854829451637163297485754683921576918243341726598298534716
000000009490003070500092036060009004003014090000230000080000000300005782701040900,836571249492683571517492836168759324253814697974236158685927413349165782721348965
000800250040530006000240007007403000032065001000700500080302100000080002700109000,376891254248537916159246387567413829832965471491728563684372195915684732723159648
000000790000090620009360080000140000090002400042080065000000000080274006000850000,615428793378591624429367581836145279597632418142789365754916832983274156261853947
098061003201004065003008007009500080724000530000000000906000000417890320802010704,598761243271934865643258917169573482724689531385142679936427158417895326852316794
426008031010000000009001050000000090070000103002000700850362010900014007001000000,426758931315296874789431652134687295678925143592143786857362419963814527241579368
020053708000210600007600000010000800600800901978106002090000060300001507700004010,126453798859217634437689125513792846642835971978146352291578463364921587785364219
980067105000020000000800002800004520027000080040208000000580600300600007009712003,982467135534921768716835492893174526127356984645298371271583649358649217469712853
000000598900400000030085700000302480800090010000000635009004800004000003700100000,476231598985467321231985746567312489843596217192748635319654872624879153758123964
632090000000000006500203009020086014000010008050400032300700060800035007200001500,632194875419857326587263149923586714764312958158479632395728461841635297276941583
800003500400000681000000000010020438080000000340080000067004003008000006000562070,876213594423759681951648327615927438782436915349185762267894153598371246134562879
602300140000000000010906000000240000207009000451000000040002380000054007008100200,672385149935421768814976523369247815287519436451638972546792381123854697798163254
003000704000004000000020901001007008000000032530490010020006040000910850009000006,153869724296174385748523961461237598987651432532498617325786149674912853819345276
600701009701020060400000001050197603206850190310402070040600002902010000500070000,683741259791325468425986731854197623276853194319462875147639582962518347538274916
090000000400001000810000300120340600060105030508090040080457000000060000600902000,792634518453281796816579324127348659964125837538796241389457162241863975675912483
000100800040800900080007000000900085910083200030060700103470008700000030000000010,376149852241856973589237146467921385915783264832564791193475628724618539658392417
000000520070000009001040730000000070010000093609807100000370080098200307020601000,943716528276538419851942736485193672712465893639827145564379281198254367327681954
958400063000000508020608019700002000640003200280006000002030006400805000070219005,958421763164397528327658419739542681641983257285176934512734896493865172876219345
000000020041073058000001000312704000850006200607020043000907302000408090009000000,738569124941273658265841937312784569854396271697125843486957312523418796179632485
000000260600307800097060000046000502050000084800005006200090050005001000000050000,183549267624317895597268341746983512352176984819425736278694153965731428431852679
831006700005800003070430085703000060604703000002000030028060309109000204000009000,831956742245817693976432185783524961614793528592681437428165379169378254357249816
914568020008000100035200006800020560102050003000841970200000000006100000001000030,914568327628374195735219486847923561192756843563841972259437618386192754471685239
079100084200000607584006000730200400450017209900000000000000005090703140065028003,679132584213845697584976312736289451458317269921564738347691825892753146165428973
000000600100000205825006400059000020780009060001407058008000000900070000002040300,347512689196384275825796431659138724784259163231467958478923516913675842562841397
904510820800003070300000109280000000040001000000078000000700000008060700000835000,974516823861293574352487169289654317743921658615378492536742981428169735197835246
090305000050000000182000305067000500000000000305001000530097004008560003209100058,794315862653278149182946375967483521821659437345721986536897214418562793279134658
000009540000000600040008973029070800005096004060180090010000000036000020900200007,681739542397425681542618973129574836875396214463182795214967358736851429958243167
500006200007008006006002870043095701002810050001200080408000092310709060000000017,584176239237958146196342875843695721762814953951237684478561392315729468629483517
000067580004500070005000093128000050090015240000029030000003408301000760000100305,912367584634598172875241693128634957793815246546729831267953418351482769489176325
000400000000080001000001000002003006500806302000510000200004000038109027900720000,126495873394687251785231964812973546579846312463512798257364189638159427941728635
200065003005073020000000005003004007009006310612007004370000008050602971900008036,297165483865473129134829765583214697749586312612397854376951248458632971921748536
001000700280000000096000050478000000000300000000200507100000803867004025300002000,531426789284795136796813254478569312652371498913248567129657843867134925345982671
187040200000000490030020001300074000000103984400008000000400500000800609005600007,187349256562781493934526871358974162726153984419268735693417528271835649845692317
050003000300154600096070130627000000009741086040002009000006570900000004700310000,152963847378154692496278135627589413539741286841632759283496571915827364764315928
650400000000000000400100076045730002310005090090000000704001005060324907020000004,651478329972653841483192576845739162316245798297816453734961285568324917129587634
000500000400000005050070009000000647600057900080400000061000300000802170327001000,976514238413928765258376419135289647642157983789463521861745392594832176327691854
000200800207000034008700092002084019041000000800500040703456020520000000080000007,195243876267918534438765192652384719341679285879521643713456928524897361986132457
006073200005900730000200605982000000000701000751000003007002004000004900004007360,846573291215946738379218645982435176463721589751689423637192854528364917194857362
060000800020009000749006510008400650070000000004000080380040090000000006050073400,163524879825719364749836512238491657671285943594367281387642195412958736956173428
050870600200005000860002005500280096306009004004006512030428160108007000000350000,459873621217645938863192745571284396326519874984736512735428169148967253692351487
060004000020005030095300706780020050309480162002003080200009000900800245500002690,863274519127695438495318726781926354359487162642153987214569873976831245538742691
410006009705000000960041502300150004040009007529070000000200005051007040890015023,412586739785923416963741582376152894148639257529874361634298175251367948897415623
800000004600009758750030060500000073000701000200900006005004007020000500003000021,892675314634219758751438962549862173368741295217953486985124637126387549473596821
400005000580103000210040305000000006850001024020004070168007050742060108005000700,436795281589123647217846395974382516853671924621954873168237459742569138395418762
070000230052760004840050600000170000000030491003004000006928000400003028008040010,679481235352769184841352679924175863785236491163894752516928347497613528238547916
010350000000900004053000200001000870008007300000080612000630187109072006007004900,412356798876921534953748261341265879268197345795483612524639187139872456687514923
270364180638019247090027050100000000000000030054970800010003004000096000000048301,275364189638519247491827653186435792927681435354972816812753964743196528569248371
080407090012030008950008040000180070070020080020040509090002000060504007004001000,683457192412639758957218643349185276175926384826743519598372461261594837734861925
007025040420038050935014000000000700000360408840000026600203000003000902008090030,187925643426738159935614287362841795759362418841579326694253871513487962278196534
006010080540809600000000000304001002809002000701006000008700000602005900005008704,296517483547839621183624579354971862869352147721486395418793256672145938935268714
017008009000045201050100030400000923900400700000000015042006100300000090169870050,217638549893745261654129837481567923925413786736982415542396178378251694169874352
300004810080000009040000600000100750800000000200000004012030546030409120000620900,327964815586213479149785632463192758875346291291578364912837546638459127754621983
089006003504001600200000001010000000300014705740009100901007800430005210000003407,189246573574931628263758941618572394392814765745369182951427836437685219826193457
107086540630745009050000000970008024080004190204000008700050080041900000500000030,197286543632745819458139762975318624386524197214697358763452981841963275529871436
008003400904007005300050000805340000409100700000029000190078000002001800000000100,258693471964217385317854926875346219429185763631729548193478652542961837786532194
040000000610400000307609810400001000700000000000703040000080000080106475003047080,849312657615478239327659814456891723738524196291763548174985362982136475563247981
000000190200803000300740280000400819780000050000300740600980030020134560003675020,847526193251893674369741285532467819784219356196358742675982431928134567413675928
086000000070060800000070010030000000200000750007128009010007085800000071000001490,986213547175964832324875916638759124291436758547128369413697285859342671762581493
024005860005010043081000075008500600070420380003069007600080100857000406000003000,324975861765218943981346275198537624576421389243869517639784152857192436412653798
003927000200060000040005070005200000002000000786040200900000000027014000804700025,153927648279468531648135972395281764412376859786549213931652487527814396864793125
000005004000000008247000190000651730000700040079000000030069500020048010060010000,893175264651924378247836195482651739516793842379482651134269587725348916968517423
036000800057008000000000040079804000024609701000000000700002000502100008013407205,236745819457918326891326547179834652324659781685271493768592134542163978913487265
036002450000368000800041003007005002008200700000000086000000509501000000942800070,136972458425368197879541263317685942698234715254197386783416529561729834942853671
040005010090240000100009000006008000700000008854730000602003000003000006019000082,248675913397241865165389724936128547721594638854736291672813459483952176519467382
506000300740900510008064009000498701480001000000350084020000007000847102800020400,596712348742983516138564279365498721489271653217356984924135867653847192871629435
003000209460018000000049186000105008030090060050000000045003901097401605000000000,183576249469218357572349186624135798731894562958627413845763921297481635316952874
000901083840050600071000000250800930000020004004037000910740005000090200000300009,562971483849253617371468592257814936183629754694537821918742365435196278726385149
070603481906104000100008002403000000607000000000970024000000000005081206010509700,572693481986124537134758962423815679697432815851976324369247158745381296218569743
000000098800304000005000000004700906050060000367000000072000189000900000903000207,431572698896314725725698341284751936159263874367849512572436189618927453943185267
100000000000000010300540009000000000430090280000000060052384170073200840004765030,147928653529673418386541729761832594435196287298457361952384176673219845814765932
030186000800907100000020078689000010000030000013000500000300705078090431050204609,937186254825947163164523978689452317542731896713869542496318725278695431351274689
001042968200010000007030204000000020068020079900007641000100002005804090800270056,531742968284916537697538214473691825168425379952387641346159782725864193819273456
007094000800000090093000240400000000100070300000000002030620000064000008085107903,617294835842753691593861247456382719128479356379516482931628574764935128285147963
300900080000207005000058300000300400540000010600001030000004093030090000000013006,352946781481237965769158324218365479543729618697481532825674193136592847974813256
009200000608197235070000908800020649000041000003000017090800056000000490060009382,539268174648197235271453968817325649956741823423986517392814756785632491164579382
040005060000016234361000070010000000080001356000200910100020580420730001608109003,842375169759816234361942875916583742287491356534267918193624587425738691678159423
009003200027059060068040000400800932930070000081000000004328600890061000010007003,549683217327159864168742359475816932936275148281934576754328691893461725612597483
700006340043070208000000070500017900304085600067000850006050020015000763009003400,758926341643571298921834576582617934394285617167349852436758129815492763279163485
000036041810000900030100005500049387300070000090308004675000400100064008000010072,259836741817425936436197825561249387348671259792358164675982413123764598984513672
001800304500000786890400000020000500080952001000300900078519463400000079000008010,761825394542193786893467152129684537387952641654371928278519463415236879936748215
501942000000380001000051000050030100100500000392070000000010002043065007000803406,571942368429386571836751294758634129164529783392178645685417932943265817217893456
030120469268540100001000852000070900000000781000905603000003500000080316000000004,537128469268549137491367852312876945659432781874915623146293578925784316783651294
300204609006509008040003070039000007000958003002706900087005340090081005401020000,378214659126579438945863172839142567764958213512736984287695341693481725451327896
000200830052030600000000040300100504100009000000000018920008400001000000004090102,769245831452831679813976245376182594148759326295463718927518463531624987684397152
675429100008376000200005706000500007000034000006090050000000001819007002307042905,675429138198376524234815796923568417751234869486791253542983671819657342367142985
590037000006080400008001000060500000800000075000240900050000890300000506001890047,594637281716982453238451769963578124842319675175246938457163892389724516621895347
900007004500000001300000800001203009000000000209050000000070010040010050153024700,916587324584632971327491865471263589865749132239158647692375418748916253153824796
000000020700000106005610374500823061020000000831900045470000500600000000059284000,164375829783492156295618374547823961926541783831967245478136592612759438359284617
600000007100200009080904001060039400000000003000402000000090504018040060005000010,693518247174263859582974631867139425429756183351482796236891574718345962945627318
000005061090006075000000000079004516580000000040060000900000000007490058008602700,723945861894316275651827394379284516586179423142563987965738142237491658418652739
040601020000080000090030100000012056000040090026050700008000900000160470410097000,543671829167289534892435167784912356351746298926853741678524913239168475415397682
006020050002800001198005000907406103000090004804102009610000205080009000000200910,746921358532864791198375642957486123321597864864132579619743285285619437473258916
000300500008000031000005040040000700080050003200079864000067008809020006075480009,417396582598742631362815947941638725786254193253179864124967358839521476675483219
900006018034700902060902500301070020205080070647120000019800200000300000050090040,972536418534718962168942537381479625295683174647125389719864253426357891853291746
001628700000010040007004001000070103080130050036542000475080000800007504000400000,541628739698713245327954681254879163789136452136542978475281396862397514913465827
067080003895001670020070009008000501070100300000000090009010840002008907700009230,467982153895431672123576489938764521274195368516823794359217846642358917781649235
700060024600302051000000600904280000007500000000007200000000000401720000300104080,713865924649372851582419637934281576127536498856947213278653149491728365365194782
000009500010408200000765134000100050001000968080007021009672043040000690802000700,473219586516438279298765134924186357731524968685397421159672843347851692862943715
100000000002960300005000908020000830538409021000238007073001046040650790000740080,194387265782965314365124978427516839538479621619238457273891546841652793956743182
000045731000020540000030200354069012927000005008050900090000020002000693000006100,289645731736821549541937286354769812927418365168352974695183427812574693473296158
032000510000035200000201098090006050000003062008020704800000000029000000010800070,932468517187935246564271398293746851741583962658129734875314629429657183316892475
002090050000010004801000270300107005000060700560000401000071502000920040200486007,642798153975213684831654279328147965194562738567839421486371592713925846259486317
003007000700602540020050009090070000007460800106000407000045031000000000380700000,543917268719682543628354179894571326237469815156238497972845631465193782381726954
700560800080020000105000000370400600000607008600092007040056900060073005000204016,723561894486329571195748362378415629912637458654892137247156983861973245539284716
000900081000306005093002006300004800604029050952030040031050060469210530000000010,246975381178346925593182476317564892684729153952831647731458269469217538825693714
030040000000090037027380000680003002090000000200050301802910000000000100069030000,938746215416592837527381964685173492391824756274659381842915673753268149169437528
100040090040009200050000410964005037000690004002013000200530049490060001300904080,123746895648159273759328416964285137831697524572413968286531749497862351315974682
300000720000005008500000034003000409090000000000910300056041090014620500000589140,349168725762435918581297634123856479495372861678914352856741293914623587237589146
084000009000004500000690300600249000000850736805060002000030000030000900000900053,384175629967324518251698347673249185429851736815763492198537264532486971746912853
014006005000020140030001060000030000900680500040070628000000000002760401400000006,214396875659827143837451269768532914921684537543179628176948352392765481485213796
060000000400583000300600050700046005903150042654030000000020564000960003200470900,865712439419583726372694851721846395983157642654239187197328564548961273236475918
000049002642000030050000184860000000400000000020000560231006800700538240000201070,178349652642185739359627184867952413415763928923814567231476895796538241584291376
060900050000536000008470002870069000600000290200000000006800079040090805080010020,761928453492536718538471962873269541654183297219754386326845179147692835985317624
940035100512607830000109500000301700000006000200970080050408200020710000070560040,946835127512647839387129564864351792795286413231974685653498271428713956179562348
024030700100040300830207154000700509701008000093600000070020030000305900000006400,524831796167549382839267154682713549751498263493652817975124638246385971318976425
603008090000540003500069000400050000058001062200407901000073000127000004065800709,643718295971542683582369147419256378758931462236487951894173526127695834365824719
050004370000800400006309080080600097900010030003000000600001050300006040000000900,852164379739852461416379582184635297965217834273948615628491753397526148541783926
000000000090100000100900230700213050000000700300009006937060140280031600601590080,428376591593124867176958234764213958819645723352789416937862145285431679641597382
000600407004071000000040080400050001620907008050083000040000016010704000805039004,531698427284371659796542183478256391623917548159483762347825916912764835865139274
004020603006000802900000040001009004030250010629100350000082006060500020007361980,514928673376415892982673541751839264438256719629147358195782436863594127247361985
000054000680900040000080900504000709000507000709000250800021506900860072256700080,193654827685972341472183965564218739328597614719436258847321596931865472256749183
060000007070010000020400681080000109003807000050000000007690000038100000600700010,461582937879316254325479681784235169913867542256941873147698325538124796692753418
003008204014000350520043000300000040000005700080000000840109000100006430000200901,763518294914762358528943176375621849296485713481397625842139567159876432637254981
000952000450003070930000021000640800000000700293800004001596007070004080060708095,187952463452163978936487521715649832648235719293871654821596347579314286364728195
521030000403009080000000300000700004016004008700610003002540007060900002800000900,521837649473169285689425371235798164916354728748612593192546837367981452854273916
205000047060700035000350000602173409300005800150009370000900500900560000010028003,235816947861794235479352681682173459397645812154289376728931564943567128516428793
600000070070000349900040206000928007000000000482006030009260000000090000007400590,624539871875612349931847256153928467796354182482176935349265718518793624267481593
600003480082600000004028609290067003700005201001000000030000026806200030005300970,679513482582694317314728659298167543763845291451932768937451826846279135125386974
003020080006053070000600400000060020000000605062905841200000000009300704600000000,473129586896453172125678493351864927984217635762935841247596318519382764638741259
004600930000005070200080004500000000006953000340006502800034000032508040000060000,784621935613495278295387164579842316126953487348716592861234759932578641457169823
000010048814005027907030510001060200000007600060409000005200000100000082030070005,653712948814695327927834516741368259589127634362459871475286193196543782238971465
050008002020910003300007050004003010000070600000090305008000020003000004400000938,651438792827915463349627851984563217135872649276194385718349526593286174462751938
000300089009002030008700160903500014006810003415000008000001040000030000601408097,142365789769182435358749162983576214276814953415923678537291846894637521621458397
600007080820000643059680172200076000780000060036000800173002000902700000000000006,614237985827591643359684172295876431781345269436129857173462598962758314548913726
040869200800507000000243508080000400000000050150000000300000000400601020000304000,541869273823517964967243518682735491734196852159482637315928746498671325276354189
005800040104090005000040000000070200500000408000954000300069180008000502000080370,765821943184793625293546817416378259579612438832954761357269184648137592921485376
080549002000000050005000806200050647590060308300200000809300100470615980000090200,683549712721836459945721836218953647597164328364287591859372164472615983136498275
067800024001030000500207000000302615073056200056910000800720050700000480002080000,367891524421635879589247361948372615173456298256918743834729156795163482612584937
097040000000000000000800009943000005100302497572000600000098270009760004708000000,897546312435921768261873549943617825186352497572489631654198273329765184718234956
070010930108739006003400018000040007306200400000001060000500600600000004000960180,274618935158739246963425718512346897386297451497851362841573629639182574725964183
794500000080400000100307004007900000005670492000200000070009048000035000000004320,794586213583412976162397854237941685815673492649258731376129548428735169951864327
760180000000360007100705890401628000078000020000000089030006241000230708206000005,764189352589362417123745896491628573678953124352417689837596241915234768246871935
020083000470000390100047200300010000290000000600300000904030000852000030000098000,529683174476125398138947256347819625295476813681352749964231587852764931713598462
501000630000309050360005420040526000050000302216900004034000280020083000097050040,581274639472369851369815427743526918958147362216938574634791285125483796897652143
009605030406000000000230000681500207590702001000400609007806000000320495002000060,279615834436978512815234976681593247594762381723481659957846123168327495342159768
372080610095000040040510239007300000960700103800090004006140308009060000000073060,372489615195236847648517239517324986964758123823691754756142398239865471481973562
079400305000270900000500001205000467091064002000750100040023700000080000007000010,879416325153278946624539871235891467791364582468752193946123758512987634387645219
000060704845900120206008000060700030080520001000004000402300070000006500008070010,391265784845937126276148395564781239987523461123694857412359678739816542658472913
074090030000080260600300090802000410096800003507020006020675000415200000000018002,274596831953781264681342597832967415196854723547123986328675149415239678769418352
034000720500000009000000000010800076000100008000000000002400800008529403001700062,134986725527314689869275134413852976796143258285697341352461897678529413941738562
162940500007000600085006230000000000000007080876034900000000003030070050000300827,162943578397825641485716239943581762521697384876234915758462193239178456614359827
830607001600010000010000870089360504000008360306409000000000087103000040070040000,832657491697814253514293876789361524241578369356429718425936187163785942978142635
690712000007630900030090160380040000400007090000981300000064500000000000071000600,698712453147635982235498167389246715416357298752981346823164579964573821571829634
200103008300000070810650300700305201040000080530420000003509000020030010000000035,297143658356892174814657392769385241142976583538421967483519726625738419971264835
200007008130000670800500009500030080081709400020060030000000010602090000708400503,294617358135982674876543129567234981381759462429168735943875216652391847718426593
000000002800000400240730018700000243006000009420308000070000801080913507000076090,365184972817629435249735618798561243536247189421398756973452861684913527152876394
030018002500000087102040609300000010005000090000164200001500020070001000008306000,739618542546932187182745639324859716615273498897164253961587324273491865458326971
096008034010920576507104900053607428400005300008000700000002010700000000002010057,296758134814923576537164982153697428479285361628341795965472813781536249342819657
010700000760108000830200070203460000000980200600027050000670590007002600006004380,514739826762158439839246175293465718475981263681327954148673592357892641926514387
009830000060912570317460090001000000090000000008570030080300040002090005040700120,259837614864912573317465298431286957795143862628579431586321749172694385943758126
780400020901000680402013007000090100600120008009004000500230070006745810000900005,785469321931572684462813597247698153653127948819354762598231476326745819174986235
394010500000005301500000900400008205000034006010052008005080100008320009020000074,394216587267895341581743962439678215852134796716952438675489123148327659923561874
900700004050020630000040700040950000300160900109004000400670090006300000500000060,912736854754821639683549712847953126325167948169284573431678295276395481598412367
003900020005002067200803000054308000000417000310000400000030600000600008060009700,173956824895142367246873195954368271628417539317295486589731642731624958462589713
079200304806490750005087069004000000000100047600000230000030070003504000060002490,179256384836491752425387169954723618382165947617948235248639571793514826561872493
002003000931500008040001700000109006000000000009468072020000003000805004500046290,782693415931574628645281739273159846864732951159468372426917583397825164518346297
000050020000000000000000080000030468084005000903680207007000001090008735000097642,479856123861923574325741986752139468684275319913684257547362891296418735138597642
000407030075000400804601002080020000307100000020700080460208010000345200058000307,192457836675832491834691752986523174347189625521764983463278519719345268258916347
005602000000400350709000820600008000030005462072000000020940070000050030500007948,385672194216489357749531826654328719831795462972164583128943675497856231563217948
070000020800000100000006004607900002040068700090240000138070000000609010000500008,976154823824793165315826974687915432241368759593247681138472596452689317769531248
041570690000300241000000730906100500030006187000003004200000000060000010090600000,341572698657389241829461735976148523435296187182753964214935876563827419798614352
100030400400005320235000001001004906040020070000000014910583760003610540560009000,197236458486195327235748691721854936649321875358967214914583762873612549562479183
073000892108020000642300051020074009004600075060000000000000600000700000030900040,573416892198527436642398751325874169814639275769152384957243618481765923236981547
052801070008097026000005030001050280095072100200004090104000957020000000000000000,652831479318497526749625831471956283895372164263184795134268957927513648586749312
304001800800040600020000700100657000000034500405000076760000005203000000018093060,394761852857249613621385749132657984976834521485912376769128435243576198518493267
000300600210800500000000021005000100000005060060009005057000004003000010001400958,598312647216847593374596821735624189189735462462189375857961234943258716621473958
915004000400002500008009000750000308000800619609000005803000056102600900006038100,915764832467382591238519764751926348324857619689143275873291456142675983596438127
010700904080200700060009280805000109000000000100900008601090800050360400304008020,213786954489235716567419283835627149946851372172943568621594837758362491394178625
000006000000730096000000701100460008080000064360000000710000023400000010296300800,973126485851734296642985731127463958589217364364598172718649523435872619296351847
608504000400000000900806047800150003007000120091700054300017062060000400080645000,628574319475391286913826547846152793537469128291738654354917862169283475782645931
600000042080270000050680007049000005001009000800000060000000400308006571000107000,673915842184273659952684137249368715561749328837521964716852493328496571495137286
600078000910040300032001000874160030109023400006000907400015702000207003280400000,645378129918542376732691854874169235159723468326854917463915782591287643287436591
075400983400010700020000000200000890000920600310006005040070020732009140000204300,175462983496318752823597416264735891587921634319846275648173529732659148951284367
000900172700142006000800904030090840400507603006084795000601208000000010058000000,845963172793142586621875934537296841489517623216384795974631258362758419158429367
001543002004978360000620000900000040000105089000000200000000700029006008007000005,691543872254978361783621954916287543472135689835469217148352796529716438367894125
000502000700000153000174008080003975050090032009780010000007080060000000004006020,618532497742869153395174268186243975457691832239785614921457386563928741874316529
064809000000050610050600398000000060600400000020700840030070052205000000070026103,164839725983257614752641398348912567697485231521763849836174952215398476479526183
400002890060801070030490102000620040000700068004000030003209000100500489509064003,415372896962851374837496152378625941291743568654918237743289615126537489589164723
000003009900000002000002030500708001092614580078090400010000304800040900030020800,281573649963481752457962138546738291392614587178295463719856324825347916634129875
008001007040000000010080000001070006000100578000000900060003480004290700207604093,598341627743562819612987354851479236429136578376825941965713482134298765287654193
970501000000400001100000970736040000000005630500000020040000002820004300010080400,978531246263497581154826973736248195492715638581963724645379812829154367317682459
007300000000700004045090003350002400028419000009000087932000008070030000004007000,697348152183725964245196873356872491728419536419653287932561748871934625564287319
700080000000000000590400000400006710600901800800000009004008360008065000003000508,742683951381529476596417283429836715637951824815274639254198367978365142163742598
201080605706000008080000007300005000008002013600000500020007956007006800004000200,291783645736524198485619327319875462548962713672431589823147956157296834964358271
000500000400700000070900605003200000000080310040130067080610000604000008300000040,936528471451763829278941635163275984597486312842139567785614293614392758329857146
000600000209180500047509800002004000000000009000090620190075000078003000020000000,815642793239187564647539812962854137381726459754391628193475286578263941426918375
040078035050612400700500821000260000027095380096000000032000008075000100900006200,241978635358612497769543821183267549427195386596834712632451978875329164914786253
470009000000000340003074019000085006506020070007000500028403000009007482040002000,471239658952618347863574219314785926596321874287946531728463195639157482145892763
000340000000000003003001004009257130006900000000463050935020087720500001010000000,197342568842695713563871294489257136356918472271463859935124687728536941614789325
200000008000030209900020005700040852000952740002100030690704003087215090001360000,263597418158436279974821365719643852836952741542178936695784123387215694421369587
000000800003600070000000106004001008500009347300006519600000095009050000105060200,961372854453618972287495136794531628516829347328746519642183795839257461175964283
000530010000002879040900506000700095009100002750320001690054007082001900500293000,978536214365412879241987536124768395839145762756329481693854127482671953517293648
000001743085300201000000000800906000001204060000000100000703000000690057000105406,629851743485367291317429685832916574571234869964578132256743918148692357793185426
007205000569003084300060007100026400000040000600080000901070000000000062000030000,487295316569713284312468957198326475725149638634587129951672843843951762276834591
082000340000018005105304900001800000700001050048000100203089000000600509096700000,982576341374918625165324987521893476739461258648257193253189764817642539496735812
900200000000000906016500002001075809060100005030900000070060090000003000052700003,987216354245387916316549782421675839769138245538924671173462598694853127852791463
500100003000375000000082004060010280020050019159020060004038000000590000705600930,572164893948375126316982754463719285827456319159823467694238571231597648785641932
049652001500010000000700080396000007700005843000000100203170590010300478000508002,849652731567813924132749685396481257721965843458237169283174596915326478674598312
100060043705009026032000950800003600200708000500004200001000079920100000000000400,189562743745839126632471958814253697296718534573694281461325879928147365357986412
043500000027000500000070930008000000092007000000000687004910026059048073860030005,143529768927386541586174932378461259692857314415293687734915826259648173861732495
002009008830040090590278364200100800000903040004087010023710000006000000010036700,642359178837641295591278364279164853158923647364587912923715486786492531415836729
010005000850000203027000000760000009102400030300000006000050361030060000000730800,413825697859617243627349518765183429182496735394572186278954361531268974946731852
040520670705100300900000005560000841130040050490000006203000000000463000600201500,341529678725186394986374125562937841138642957497815236213758469859463712674291583
000006080007300000000200701350001860800600010000000040070900008008067000020508006,213796485487315629695284731359421867842679513761853942176942358538167294924538176
000000600010000000000050014007501820008200500300800400436700000720000006985012000,579124638814376295263958714697541823148237569352869471436795182721483956985612347
000050067000020000100900520010000300000500200000130890050260000600010940070003000,829351467567428139134976528218694375396587214745132896453269781682715943971843652
000000890800010060400000020030000040700100208002850100000020007074501080060080352,316275894825914763497368521138792645759146238642853179583629417274531986961487352
009600100030790462410203000301806000800500014940000850000060041090010000004000038,729654183538791462416283597351846279862579314947132856285367941693418725174925638
005000000000000004600000385000003000000800000309000548040950006010004000982006450,435628971198537624627419385854793162261845739379261548743952816516384297982176453
000971020009000005800602090000100203004200007000760850590806432020400506040000001,465971328279348615831652794756189243984235167312764859597816432123497586648523971
600003920002706010010280060180024600006050180200800000060500001800039054059040030,678413925532796418914285367185324679346957182297861543463578291821639754759142836
020004017000032460800750200600000100000600375500147086001000000046280700700500000,923864517175932468864751293687395124419628375532147986251476839346289751798513642
040060300500080000800090045432007050000450800000032410300008004054070008070300000,147265389593184672826793145432817956719456823685932417361528794954671238278349561
000702060402900701000401820000096205056300000090800300007608002360007900008000000,519782463482963751673451829834196275756324198291875346947638512365217984128549637
000108060000620000065000830000970082798000400000503000000000194040001000009000078,974138265813625749265749831351974682798216453426583917682357194547891326139462578
004070002000904830608520000000000701000000020007800000000040000840096070120000090,394178562512964837678523419236459781481637925957812346769341258845296173123785694
000700930400053000000190425504900000000500394090300000600030019100609000000005002,825764931419253876367198425534982167286571394791346258642837519158629743973415682
040000570700000900000000108017000000090632000000000802070000009902070680684000001,841923576725186943369745128217894365598632417436517892173468259952371684684259731
600002400045098000000053690083940000004021006010500040068005000000000064000000170,639712458745698231821453697583946712974321586216587349468175923157239864392864175
718000000340009008592008401200400000009036000000980705020003194900000300003890000,718345629346129578592768431285471963479536812631982745827653194954217386163894257
000318090004200800301400002000000381900830070038100000869500000150780946003000150,627318594594276813381495762275964381916832475438157629869541237152783946743629158
000000000380007000000200830802004003730100400000370000658730104000420300243081905,924813567386957241571246839862594713735168492419372658658739124197425386243681975
086000000571008000023704680000000070050807000704906000600009000008000103000200000,486312597571698342923754681862531479359847216714926835635189724298475163147263958
000040000820690014000000897002400600041000200003070000700500160400020000200960000,159748326827693514364152897972415683541386279683279451798534162416827935235961748
000007050305804001012030070000402030007003040034000000083000000040350000050000403,698217354375864291412935876561472938927183645834596712783641529246359187159728463
000500310000680000000000000034709060508000900000000400190072005020003700040800100,789524316351687249462931578234759861518246937976318452193472685825163794647895123
009016080512000070038000401900004800000007600320968000090075308000000007703601000,479516283512483976638792451967154832841327695325968714194275368256839147783641529
403007800506100200900080400050070000700500040600000002060032004070001620002650700,413267859586194237927385461254976318731528946698413572865732194379841625142659783
003906480200000306007003512002000050000239000070465200000612043300000000600000805,513926487248751396967843512432187659856239174179465238785612943324598761691374825
005800709407512860608009000100970000000600140070000906080100072250007080746080000,325846719497512863618739425164973258539628147872451936983164572251397684746285391
700051680400300700000970300070000003800000160103000259300542010204000000590600072,739251684452386791618974325976125843825493167143867259387542916264719538591638472
200003970057204080430000600000601000600007000019000200700000050000070400096450708,268513974957264381431789625375621849642897513819345267724938156583176492196452738
000000200000300105001500000000050400000421300005700028000240600092605001080000072,538917264746382195921564783263859417879421356415736928157248639392675841684193572
070001365000000000530090000057800601020300400600000023100000030000500716700030204,978241365214653978536798142357824691829316457641975823182467539493582716765139284
400000620305026040610008050000080012000297000703600005000000200207000080001000064,489135627375926148612478953946583712158297436723641895534869271267314589891752364
463100578900000000500687040090801000008950107006000000000000800600048701000000020,463192578987435216512687349395871462248956137176324985721563894639248751854719623
501000007000590000070008204054030009090001000000080000000004078040073005780100006,531426897428597613679318254154632789893741562267985431315264978946873125782159346
300025810250080300810400060100060004400008000000240073000010758730054900020007406,346725819259186347817439265172963584463578192985241673694312758738654921521897436
006200103000549806092063000931004602400021000007000000050012000310000004008430509,546278193173549826892163745931784652465321978287695431654912387319857264728436519
584301090000540380030000000400102608302000000100700000010475000003000000725000000,584321796691547382237896541479152638352689417168734259816475923943268175725913864
014906000000000300000020100700002931050000274023000068001273050000004010200095683,514936827872451396396827145768542931159368274423719568681273459935684712247195683
009020000006574198400096370000350000500008700002417030100709080020001900090005010,879123564236574198415896372781352649543968721962417835154739286328641957697285413
025304609000759080000620040000000100530100004041805362000208000300007900172000000,725384619614759283893621547287463195536192874941875362459218736368547921172936458
040189067600003020000050000050360000000820000400001080000002001062000800000008096,245189367618473529379256418851364972796825143423791685984632751562917834137548296
706240000294751000050008004020000509000000000007005601400300706070510800005060042,786243915294751368153698274821476539569132487347985621418329756672514893935867142
000000071200500000060002539784103000000724060002000700901040350000300100050210490,345698271297531648168472539784163925519724863632985714971846352426359187853217496
