bulk_compression_ratio,deficit_hidden_1,deficit_input,deficit_output,entropy_gap,entropy_prod_global,entropy_prod_hidden_1,entropy_prod_input,entropy_prod_output,epoch,global_eff_rank,global_entropy,hidden_1_eff_rank,hidden_1_entropy,hq_phase,hq_wd,input_eff_rank,input_entropy,output_eff_rank,output_entropy,test_acc,train_acc,train_loss
0.8490832420725533,0.036633145064115524,0.01257016509771347,0.03443346917629242,0.16359806060791016,,,,,1,138.55189514160156,4.931244850158691,78.23621368408203,4.359732627868652,heat,0.1,92.14198303222656,4.5233306884765625,66.136474609375,4.191720485687256,0.009412479125550327,0.00956768249468462,4.577613306417269
0.6589016355392792,0.08328785002231598,0.01862168498337269,0.05593438819050789,0.41718101501464844,-0.004645824432373047,-0.3141145706176758,-0.0605316162109375,-0.14442777633666992,100,137.90968322753906,4.926599025726318,57.1464958190918,4.045618057250977,heat,0.1,86.72993469238281,4.462799072265625,57.24227523803711,4.047292709350586,0.0,0.4829907866761162,2.11074120689165
0.6473829378225066,0.07975135743618011,0.014126374386250973,0.05443313717842102,0.4348173141479492,0.003089427947998047,0.02791595458984375,0.04555225372314453,0.017609596252441406,200,138.33641052246094,4.929688453674316,58.7642707824707,4.07353401184082,heat,0.1,90.77204132080078,4.5083513259887695,58.25921630859375,4.064902305603027,0.0001518141794443601,0.9684620836286322,0.5594549584608396
0.6559198501732362,0.07629503309726715,0.013631180860102177,0.05274846404790878,0.42171669006347656,-0.003494739532470703,0.015956878662109375,0.0028562545776367188,0.005188941955566406,300,137.8538055419922,4.926193714141846,59.7094841003418,4.08949089050293,heat,0.1,91.03167724609375,4.511207580566406,58.56230545043945,4.070091247558594,0.0006072567177774404,0.9989369241672572,0.20389869433189436
0.6603686439679993,0.0739966630935669,0.01325799897313118,0.050253234803676605,0.41495704650878906,0.0012898445129394531,0.010401725769042969,0.0036420822143554688,0.01069498062133789,400,138.03172302246094,4.927483558654785,60.33380889892578,4.099892616271973,heat,0.1,91.36383056640625,4.514849662780762,59.19198989868164,4.080786228179932,0.0003036283588887202,1.0,0.11082613934425493
0.6693298595567164,0.0720570757985115,0.013473685830831528,0.048957712948322296,0.40147829055786133,0.000850677490234375,0.012661933898925781,-0.0008168220520019531,0.0059661865234375,500,138.14920043945312,4.9283342361450195,61.10260772705078,4.112554550170898,heat,0.1,91.28923034667969,4.51403284072876,59.54619598388672,4.086752414703369,0.0003036283588887202,1.0,0.07344732022217873
0.6824608697263774,0.06816031783819199,0.013310151174664497,0.04628453403711319,0.3820500373840332,-0.002735614776611328,0.015861988067626953,-0.003566265106201172,0.011669635772705078,600,137.77178955078125,4.925598621368408,62.07954025268555,4.128416538238525,heat,0.1,90.96424865722656,4.510466575622559,60.24515151977539,4.098422050476074,0.0007590708972218005,0.9996456413890857,0.05099321613490877
0.688830640586243,0.06682100892066956,0.013573534786701202,0.04638857766985893,0.3727598190307617,0.0013403892517089844,0.008877277374267578,-0.00041294097900390625,0.0007572174072265625,700,137.95651245117188,4.926939010620117,62.633094787597656,4.137293815612793,heat,0.1,90.92669677734375,4.510053634643555,60.29078674316406,4.099179267883301,0.0003036283588887202,1.0,0.03865219856738453
0.6981920558819803,0.06550940871238708,0.014069715514779091,0.04439122602343559,0.35926103591918945,0.00250244140625,0.012622356414794922,-0.0008764266967773438,0.013605594635009766,800,138.30224609375,4.929441452026367,63.428680419921875,4.149916172027588,heat,0.1,90.84703826904297,4.509177207946777,61.11668395996094,4.1127848625183105,0.0001518141794443601,1.0,0.029446848296553085
0.703769422806252,0.06494341790676117,0.01434034202247858,0.04425528645515442,0.3513045310974121,0.0018758773803710938,0.006779193878173828,-0.0011773109436035156,0.0035309791564941406,900,138.5619354248047,4.931317329406738,63.860137939453125,4.156695365905762,heat,0.1,90.74014282226562,4.507999897003174,61.332862854003906,4.116315841674805,0.0007590708972218005,1.0,0.023904510522241462
0.7090707397674235,0.06371279060840607,0.014375600963830948,0.04458259418606758,0.34380006790161133,-0.0015687942504882812,0.006624698638916016,-0.0008797645568847656,-0.0026845932006835938,1000,138.3446502685547,4.92974853515625,64.28459930419922,4.163320064544678,heat,0.1,90.66034698486328,4.507120132446289,61.168434143066406,4.113631248474121,0.0003036283588887202,1.0,0.017166530052074552
0.7125628113673208,0.06299909204244614,0.014384174719452858,0.044497691094875336,0.33888721466064453,0.0033736228942871094,0.006466388702392578,0.0015535354614257812,0.0018672943115234375,1100,138.81224060058594,4.933122158050537,64.70162963867188,4.16978645324707,heat,0.1,90.80130004882812,4.508673667907715,61.28275680541992,4.1154985427856445,0.0001518141794443601,1.0,0.013375972808833075
0.7129481708191724,0.06256596744060516,0.014357401989400387,0.04369320720434189,0.3383464813232422,0.0017313957214355469,0.0019979476928710938,0.00145721435546875,0.004834651947021484,1200,139.0527801513672,4.934853553771973,64.8310317993164,4.171784400939941,heat,0.1,90.93372344970703,4.510130882263184,61.57975769042969,4.120333194732666,0.0001518141794443601,1.0,0.01120229731204977
0.709297246860979,0.062458835542201996,0.013808640651404858,0.04408351331949234,0.34348011016845703,3.719329833984375e-05,-0.0014524459838867188,0.003681182861328125,-0.002521991729736328,1300,139.05795288085938,4.9348907470703125,64.73690795898438,4.170331954956055,heat,0.1,91.26908111572266,4.513812065124512,61.42464828491211,4.11781120300293,0.0004554425383330803,1.0,0.009269480212656932
0.7141757852745035,0.06197759881615639,0.014119787141680717,0.04406706243753433,0.3366260528564453,-0.0016803741455078125,0.004305839538574219,-0.0025482177734375,0.0012621879577636719,1400,138.8244171142578,4.933210372924805,65.01628112792969,4.174637794494629,heat,0.1,91.03680419921875,4.511263847351074,61.502227783203125,4.119073390960693,0.0006072567177774404,1.0,0.006642021087653708
0.7142746153366643,0.062167562544345856,0.014240600168704987,0.043645866215229034,0.3364877700805664,-0.0007658004760742188,-0.0020837783813476562,-0.0022220611572265625,0.00032138824462890625,1500,138.7182159423828,4.9324445724487305,64.88094329833984,4.172554016113281,heat,0.1,90.83473205566406,4.509041786193848,61.521995544433594,4.119394779205322,0.0007590708972218005,1.0,0.00569928260183478
0.7136648461323979,0.06295911967754364,0.014603173360228539,0.045085638761520386,0.3373417854309082,0.00012063980102539062,-0.0017805099487304688,-0.0009264945983886719,-0.006184577941894531,1600,138.7349395751953,4.932565212249756,64.7655258178711,4.170773506164551,heat,0.1,90.75061798095703,4.508115291595459,61.14268112182617,4.113210201263428,0.0013663276149992408,1.0,0.004604240157657972
0.7148153256195436,0.0621434785425663,0.014551494270563126,0.04403233155608177,0.33573102951049805,-0.0012335777282714844,0.0006899833679199219,-0.0009207725524902344,0.0036301612854003906,1700,138.5639190673828,4.931331634521484,64.81022644042969,4.171463489532471,heat,0.1,90.6670913696289,4.507194519042969,61.36504364013672,4.116840362548828,0.0004554425383330803,1.0,0.003713754762636008
0.7127034106952701,0.06206842511892319,0.014203691855072975,0.04329194128513336,0.33868980407714844,0.0010294914245605469,0.0007662773132324219,0.0037250518798828125,0.004334926605224609,1800,138.70663452148438,4.932361125946045,64.85990905761719,4.172229766845703,heat,0.1,91.0054702758789,4.510919570922852,61.63163375854492,4.121175289154053,0.0006072567177774404,1.0,0.002931874040131405
0.7115814880154957,0.06179390847682953,0.013838784769177437,0.04332999140024185,0.34026527404785156,0.0002446174621582031,0.00022029876708984375,0.0017957687377929688,-0.0011124610900878906,1900,138.74057006835938,4.932605743408203,64.87419891357422,4.172450065612793,heat,0.1,91.16903686523438,4.5127153396606445,61.5631103515625,4.120062828063965,0.0006072567177774404,1.0,0.0025228317924342854
0.7121973293262602,0.06161167472600937,0.013664964586496353,0.04337829351425171,0.3394002914428711,0.0006113052368164062,0.0028257369995117188,0.00196075439453125,0.00299835205078125,2000,138.82540893554688,4.9332170486450195,65.05778503417969,4.175275802612305,heat,0.1,91.34797668457031,4.514676094055176,61.74797821044922,4.123061180114746,0.0009108850766661606,1.0,0.002180067596932006
0.711912429998476,0.06161121279001236,0.013651960529386997,0.0432954765856266,0.3398003578186035,0.00013589859008789062,0.0003838539123535156,0.0007839202880859375,-0.0012879371643066406,2100,138.84426879882812,4.933352947235107,65.08275604248047,4.175659656524658,heat,0.1,91.41960906982422,4.515460014343262,61.66849899291992,4.1217732429504395,0.0006072567177774404,1.0,0.0016994330757129264
0.7091001167790827,0.06191828101873398,0.013422425836324692,0.04343998059630394,0.34375858306884766,5.7697296142578125e-05,-5.0067901611328125e-05,0.0039081573486328125,1.4781951904296875e-05,2200,138.85227966308594,4.93341064453125,65.07949829101562,4.175609588623047,heat,0.1,91.777587890625,4.5193681716918945,61.66941452026367,4.121788024902344,0.0010626992561105207,1.0,0.0014818308428279701
0.708541685535241,0.0613810159265995,0.012988799251616001,0.04350432753562927,0.3445463180541992,-0.0014777183532714844,-0.00036907196044921875,0.00041866302490234375,-0.004291057586669922,2300,138.64724731445312,4.9319329261779785,65.05548095703125,4.175240516662598,heat,0.1,91.81602478027344,4.519786834716797,61.40534973144531,4.117496967315674,0.0012145134355548808,1.0,0.0012105571302934467
0.708891109439647,0.062011271715164185,0.013606032356619835,0.04344053193926811,0.3440532684326172,0.0005011558532714844,-0.0021266937255859375,-0.0026197433471679688,0.002209186553955078,2400,138.7167510986328,4.93243408203125,64.91727447509766,4.173113822937012,heat,0.1,91.5758056640625,4.517167091369629,61.54115295410156,4.119706153869629,0.0012145134355548808,1.0,0.0009866969256554904
0.7107927055132564,0.06155458092689514,0.013817930594086647,0.04381810128688812,0.34137439727783203,0.00012302398681640625,0.0008144378662109375,-0.0018644332885742188,-0.003989219665527344,2500,138.73382568359375,4.932557106018066,64.97016906738281,4.173928260803223,heat,0.1,91.40522766113281,4.515302658081055,61.296142578125,4.115716934204102,0.0010626992561105207,1.0,0.0008540043381206469
0.7085035276016126,0.062263231724500656,0.013963069766759872,0.044728655368089676,0.34460020065307617,0.0017833709716796875,-0.0022449493408203125,0.0009808540344238281,-0.002242565155029297,2600,138.9814453125,4.934340476989746,64.82447814941406,4.171683311462402,heat,0.1,91.49492645263672,4.5162835121154785,61.158836364746094,4.113474369049072,0.0006072567177774404,1.0,0.000703169178553612
0.708754250974816,0.06255438178777695,0.014044640585780144,0.04486057907342911,0.34424638748168945,-0.0017442703247070312,-0.00218963623046875,-0.0025434494018554688,-0.0008416175842285156,2700,138.73924255371094,4.932596206665039,64.68269348144531,4.169493675231934,heat,0.1,91.26251220703125,4.513740062713623,61.10738754272461,4.112632751464844,0.0006072567177774404,1.0,0.000562096870510755
0.7132872601973237,0.061571329832077026,0.013843284919857979,0.044946104288101196,0.33787107467651367,0.00034332275390625,0.004744052886962891,-0.0016312599182128906,-0.001861572265625,2800,138.78688049316406,4.932939529418945,64.99028015136719,4.1742377281188965,heat,0.1,91.11375427246094,4.51210880279541,60.993736267089844,4.110771179199219,0.0009108850766661606,1.0,0.0010291398712862904
0.7167126481965561,0.06079826503992081,0.01410252321511507,0.04355214536190033,0.3330802917480469,-0.0004596710205078125,0.003212451934814453,-0.0015783309936523438,0.005816459655761719,2900,138.7230987548828,4.9324798583984375,65.19939422607422,4.177450180053711,heat,0.1,90.97006225585938,4.510530471801758,61.34954071044922,4.1165876388549805,0.001518141794443601,1.0,0.0010731617223671396
0.7214715692685095,0.05969499051570892,0.014142706990242004,0.04431276023387909,0.3264622688293457,-0.0008382797241210938,0.006455898284912109,-0.0001621246337890625,-0.004990100860595703,3000,138.60687255859375,4.931641578674316,65.62167358398438,4.183906078338623,heat,0.1,90.95531463623047,4.510368347167969,61.044158935546875,4.111597537994385,0.0007590708972218005,1.0,0.0009917938834848971
0.7273656716428712,0.058370258659124374,0.014189365319907665,0.044466812163591385,0.3183259963989258,-0.0008969306945800781,0.006280422210693359,-0.0018558502197265625,0.00036907196044921875,3100,138.48260498046875,4.930744647979736,66.03511047363281,4.190186500549316,heat,0.1,90.78667449951172,4.508512496948242,61.06669235229492,4.111966609954834,0.0007590708972218005,1.0,0.0008373639861010886
0.73034828815742,0.05768559128046036,0.013853281736373901,0.04470910131931305,0.31423377990722656,0.0006399154663085938,0.0063152313232421875,0.0022230148315429688,-0.0004477500915527344,3200,138.5712432861328,4.931384563446045,66.45345306396484,4.196501731872559,heat,0.1,90.98871612548828,4.510735511779785,61.03935623168945,4.111518859863281,0.0004554425383330803,1.0,0.0006780074149865887
0.7305384487013498,0.05799749493598938,0.014195805415511131,0.04471630975604057,0.31397342681884766,-0.0009398460388183594,-0.0018157958984375,-0.0020761489868164062,-0.00032901763916015625,3300,138.44107055664062,4.930444717407227,66.33289337158203,4.194685935974121,heat,0.1,90.80000305175781,4.508659362792969,61.0192756652832,4.111189842224121,0.0009108850766661606,1.0,0.0006136970404680081
0.7305192926674684,0.058436375111341476,0.01448103692382574,0.04464036971330643,0.31399965286254883,-0.0010271072387695312,-0.0023374557495117188,-0.002311229705810547,0.0005459785461425781,3400,138.2989501953125,4.929417610168457,66.17802429199219,4.192348480224609,heat,0.1,90.59038543701172,4.506348133087158,61.0526008605957,4.111735820770264,0.0013663276149992408,1.0,0.0004920289178438614
0.7249799688084662,0.05940306931734085,0.014301568269729614,0.04431767389178276,0.3216114044189453,-0.0004863739013671875,-0.005816459655761719,0.0017952919006347656,0.0018877983093261719,3500,138.23170471191406,4.92893123626709,65.79422760009766,4.186532020568848,heat,0.1,90.75316619873047,4.508143424987793,61.167964935302734,4.11362361907959,0.0012145134355548808,1.0,0.0004908765676623761
0.7229045259560309,0.060218073427677155,0.014380174688994884,0.04536396265029907,0.3244781494140625,0.0012421607971191406,-0.0032672882080078125,-0.000400543212890625,-0.005452156066894531,3600,138.4035186767578,4.930173397064209,65.57960510253906,4.18326473236084,heat,0.1,90.71682739257812,4.507742881774902,60.83537292480469,4.108171463012695,0.0010626992561105207,1.0,0.00037957852121183816
0.7240039495952025,0.05988290160894394,0.014362208545207977,0.044679295271635056,0.32295846939086914,-9.012222290039062e-05,0.002064228057861328,0.0005445480346679688,0.0025506019592285156,3700,138.3910369873047,4.930083274841309,65.71511840820312,4.185328960418701,heat,0.1,90.76624298095703,4.50828742980957,60.99073791503906,4.110722064971924,0.0006072567177774404,1.0,0.0003002862517212397
0.7268604458565123,0.059671975672245026,0.014666488394141197,0.04548724740743637,0.31902074813842773,0.0004839897155761719,0.0006585121154785156,-0.0032792091369628906,-0.0036773681640625,3800,138.45803833007812,4.930567264556885,65.7583999633789,4.18598747253418,heat,0.1,90.46908569335938,4.505008220672607,60.76686477661133,4.107044696807861,0.001669955973887961,1.0,0.00025218916648268186
0.7254021614926851,0.059763021767139435,0.014388796873390675,0.04619375616312027,0.3210291862487793,-0.00113677978515625,-0.0011157989501953125,0.00089263916015625,-0.004705905914306641,3900,138.3007354736328,4.9294304847717285,65.68507385253906,4.184871673583984,heat,0.1,90.54987335205078,4.505900859832764,60.48157501220703,4.102338790893555,0.0013663276149992408,1.0,0.0002396557773032749
0.723086910777068,0.059598762542009354,0.014033807441592216,0.04620586708188057,0.32422590255737305,-0.004484653472900391,-0.0025572776794433594,0.0006394386291503906,-0.0038208961486816406,4000,137.681884765625,4.924945831298828,65.5173110961914,4.182314395904541,heat,0.1,90.60779571533203,4.506540298461914,60.25092315673828,4.098517894744873,0.0012145134355548808,1.0,0.00018682093803203532
0.7234107049358847,0.059795670211315155,0.014223800972104073,0.04601891338825226,0.3237781524658203,3.2901763916015625e-05,-0.0009531974792480469,-0.0014009475708007812,0.0012946128845214844,4025,137.68641662597656,4.924978733062744,65.45488739013672,4.181361198425293,heat,0.1,90.48094940185547,4.505139350891113,60.32897186279297,4.0998125076293945,0.0007590708972218005,1.0,0.00017793061171318745
0.724667848753266,0.05932336300611496,0.014120369218289852,0.04628009349107742,0.32204198837280273,-0.00022840499877929688,0.0020461082458496094,0.00030994415283203125,-0.0018420219421386719,4050,137.65496826171875,4.924750328063965,65.58895874023438,4.183407306671143,heat,0.1,90.50899505615234,4.505449295043945,60.217952728271484,4.097970485687256,0.0013663276149992408,1.0,0.00016611227006834624
0.7244168599781601,0.05929705500602722,0.014065548777580261,0.04583721235394478,0.3223881721496582,-0.0007314682006835938,-0.0003323554992675781,1.3828277587890625e-05,0.002060413360595703,4075,137.5543212890625,4.924018859863281,65.56715393066406,4.183074951171875,heat,0.1,90.51025390625,4.505463123321533,60.3421516418457,4.100030899047852,0.0018217701533323211,1.0,0.00016578442213213972
0.7252969117024034,0.059121470898389816,0.014102833345532417,0.04527707025408745,0.32117414474487305,-0.00042438507080078125,0.0003490447998046875,-0.0008649826049804688,0.0034656524658203125,4100,137.49595642089844,4.9235944747924805,65.59004974365234,4.18342399597168,heat,0.1,90.43199920654297,4.504598140716553,60.551639556884766,4.103496551513672,0.0009108850766661606,1.0,0.00015006401723539187
0.7265877777079538,0.059138715267181396,0.014174261130392551,0.045548297464847565,0.3193960189819336,0.0007843971252441406,0.0013799667358398438,-0.0003981590270996094,0.0003848075866699219,4125,137.60385131835938,4.924378871917725,65.68062591552734,4.1848039627075195,heat,0.1,90.39599609375,4.504199981689453,60.574947357177734,4.103881359100342,0.001518141794443601,1.0,0.000155249762085308
0.7268524465794255,0.05928122252225876,0.014307244680821896,0.046055957674980164,0.3190317153930664,0.0006670951843261719,-0.000331878662109375,-0.0006961822509765625,-0.0029883384704589844,4150,137.69566345214844,4.925045967102051,65.65882873535156,4.18447208404541,heat,0.1,90.33309173583984,4.503503799438477,60.394195556640625,4.100893020629883,0.0012145134355548808,1.0,0.00014536938148665868
0.7273268500780212,0.059288278222084045,0.014430984854698181,0.045995283871889114,0.31837940216064453,0.00019311904907226562,-0.0007724761962890625,-0.0014247894287109375,0.00034999847412109375,4175,137.72227478027344,4.925239086151123,65.6081314086914,4.183699607849121,heat,0.1,90.2044677734375,4.502079010009766,60.415340423583984,4.101243019104004,0.0012145134355548808,1.0,0.00013398256130468016
0.7279096890052595,0.05842365324497223,0.014073633588850498,0.04564874991774559,0.3175783157348633,-0.0010085105895996094,0.0032515525817871094,0.0024504661560058594,0.0007615089416503906,4200,137.58343505859375,4.924230575561523,65.82180786132812,4.186951160430908,heat,0.1,90.42578887939453,4.5045294761657715,60.46136474609375,4.102004528045654,0.001669955973887961,1.0,0.00012726114903514627
0.7257217277900697,0.058800406754016876,0.01398414932191372,0.04546044021844864,0.3205885887145996,-0.0007481575012207031,-0.002361774444580078,0.00064849853515625,0.0015292167663574219,4225,137.4805450439453,4.923482418060303,65.6665267944336,4.184589385986328,heat,0.1,90.48444366455078,4.505177974700928,60.55389404296875,4.103533744812012,0.0019735843327766812,1.0,0.00014740816287342907
0.7273362400744283,0.05836055055260658,0.013773581013083458,0.04551840201020241,0.31836652755737305,-0.0008740425109863281,0.0013933181762695312,-0.0008287429809570312,-0.0013093948364257812,4250,137.3604278564453,4.922608375549316,65.75809478759766,4.185982704162598,heat,0.1,90.40948486328125,4.504349231719971,60.47465515136719,4.102224349975586,0.0009108850766661606,1.0,0.0005235507384072633
0.7312180081646034,0.05775315314531326,0.014002954587340355,0.045025959610939026,0.31304359436035156,-0.00038814544677734375,0.00299072265625,-0.0023322105407714844,0.0029382705688476562,4275,137.30712890625,4.922220230102539,65.95504760742188,4.188973426818848,heat,0.1,90.19888305664062,4.502017021179199,60.65260696411133,4.105162620544434,0.0022772126916654014,1.0,0.0007117844839672103
0.7333662235792826,0.05702262371778488,0.013805931434035301,0.04428151994943619,0.31011009216308594,-0.000690460205078125,0.004527091979980469,0.0015935897827148438,0.004940986633300781,4300,137.2123565673828,4.921529769897461,66.25431060791016,4.193500518798828,heat,0.1,90.34273529052734,4.503610610961914,60.95302963256836,4.110103607177734,0.0018217701533323211,1.0,0.0007584080737249822
0.7375851778211072,0.05557841435074806,0.013595721684396267,0.043771352618932724,0.30437374114990234,-0.002285003662109375,0.005835533142089844,9.918212890625e-05,0.0002307891845703125,4325,136.89918518066406,4.919244766235352,66.64207458496094,4.199336051940918,heat,0.1,90.35169982910156,4.50370979309082,60.96710205078125,4.110334396362305,0.0018217701533323211,1.0,0.0008429736551590406
0.738757986902334,0.055089157074689865,0.013529050163924694,0.043408993631601334,0.30278491973876953,-0.0010709762573242188,0.0006313323974609375,-0.000957489013671875,0.0010781288146972656,4350,136.7526397705078,4.918173789978027,66.68415832519531,4.199967384338379,heat,0.1,90.26522827148438,4.502752304077148,61.03286361694336,4.111412525177002,0.0012145134355548808,1.0,0.0008569286900973786
0.7394938018626428,0.054861001670360565,0.013450587168335915,0.04308665543794632,0.3017892837524414,-0.0009779930114746094,0.00033855438232421875,-0.0006570816040039062,0.0005640983581542969,4375,136.61895751953125,4.917195796966553,66.70673370361328,4.200305938720703,heat,0.1,90.20594024658203,4.5020952224731445,61.06730270385742,4.111976623535156,0.0010626992561105207,1.0,0.0009663481790701773
0.7420724463010373,0.05450092628598213,0.01354970969259739,0.04299464821815491,0.2983083724975586,-0.00016450881958007812,0.0021948814392089844,-0.0012860298156738281,0.0002040863037109375,4400,136.59649658203125,4.917031288146973,66.85330963134766,4.202500820159912,heat,0.1,90.09000396728516,4.500809192657471,61.079769134521484,4.112180709838867,0.0006072567177774404,1.0,0.0010361778648031584
0.7402454311085196,0.05460086464881897,0.013257531449198723,0.043460458517074585,0.30077362060546875,0.00023698806762695312,0.00011301040649414062,0.002578258514404297,-0.0025663375854492188,4425,136.6288604736328,4.9172682762146,66.86087036132812,4.202613830566406,heat,0.1,90.32257080078125,4.503387451171875,60.923221588134766,4.109614372253418,0.0018217701533323211,1.0,0.0009897458694596703
0.7425230148878712,0.05419082194566727,0.01337421778589487,0.04277227446436882,0.297701358795166,0.0003294944763183594,0.00205230712890625,-0.0010199546813964844,0.0032291412353515625,4450,136.67388916015625,4.917597770690918,66.99822235107422,4.2046661376953125,heat,0.1,90.23049926757812,4.5023674964904785,61.12026596069336,4.1128435134887695,0.0012145134355548808,1.0,0.0009624460760918515
0.7432103186933037,0.05415583401918411,0.013353624381124973,0.04297651723027229,0.29677629470825195,-0.0013608932495117188,6.580352783203125e-05,-0.0008592605590820312,-0.00125885009765625,4475,136.48802185058594,4.916236877441406,67.00263977050781,4.2047319412231445,heat,0.1,90.15299987792969,4.5015082359313965,61.043373107910156,4.111584663391113,0.0019735843327766812,1.0,0.0009901892120486573
0.7408552291751795,0.0548519492149353,0.013465693220496178,0.0430670902132988,0.29995012283325195,-0.0005578994750976562,-0.003916740417480469,-0.0007429122924804688,-0.0009031295776367188,4500,136.41189575195312,4.915678977966309,66.74072265625,4.200815200805664,heat,0.1,90.08605194091797,4.500765323638916,60.9882698059082,4.110681533813477,0.001518141794443601,1.0,0.0008786694957474728
0.7426193360739293,0.05442873015999794,0.013411732390522957,0.04292169213294983,0.29757165908813477,-0.00070953369140625,0.001800537109375,-0.0005779266357421875,0.0006704330444335938,4525,136.3151397705078,4.914969444274902,66.86099243164062,4.202615737915039,heat,0.1,90.03400421142578,4.500187397003174,61.02916717529297,4.11135196685791,0.0013663276149992408,1.0,0.0009260327251371284
0.7446710274675062,0.054291483014822006,0.013636237010359764,0.042909298092126846,0.2948126792907715,0.000850677490234375,0.0017309188842773438,-0.0010280609130859375,-0.0003352165222167969,4550,136.43115234375,4.915820121765137,66.97682189941406,4.204346656799316,heat,0.1,89.94149017333984,4.499159336090088,61.00871276855469,4.111016750335693,0.0013663276149992408,1.0,0.0009699027726597012
0.7451015886861733,0.054328255355358124,0.013667543418705463,0.04292432963848114,0.2942347526550293,-8.106231689453125e-05,0.0010247230529785156,0.0004467964172363281,0.0009026527404785156,4575,136.4200897216797,4.915739059448242,67.04549407958984,4.205371379852295,heat,0.1,89.98168182373047,4.499606132507324,61.063812255859375,4.111919403076172,0.001669955973887961,1.0,0.0008419331896312213
0.7442376710317344,0.05445626750588417,0.013616282492876053,0.04240237921476364,0.2953948974609375,-0.0004634857177734375,-0.0006690025329589844,0.0004911422729492188,0.0032072067260742188,4600,136.3568878173828,4.915275573730469,67.00065612792969,4.204702377319336,heat,0.1,90.02588653564453,4.500097274780273,61.259971618652344,4.115126609802246,0.0019735843327766812,1.0,0.0008126983218902259
0.7428807503349029,0.05439199507236481,0.013441238552331924,0.042529068887233734,0.29721975326538086,-0.0002484321594238281,-0.0005726814270019531,0.0012521743774414062,-0.0005292892456054688,4625,136.32301330566406,4.915027141571045,66.96229553222656,4.204129695892334,heat,0.1,90.13868713378906,4.501349449157715,61.22755432128906,4.114597320556641,0.001518141794443601,1.0,0.0008234662049358234
0.7415580638803465,0.05458848923444748,0.013456667773425579,0.04256943240761757,0.29900169372558594,-0.0006642341613769531,-0.002026081085205078,-0.000244140625,-0.0002598762512207031,4650,136.2324981689453,4.914362907409668,66.8267593383789,4.202103614807129,heat,0.1,90.11669158935547,4.501105308532715,61.21164321899414,4.11433744430542,0.0018217701533323211,1.0,0.0007536833213386803
0.7411209023787187,0.054820120334625244,0.01357153058052063,0.04265185818076134,0.2995915412902832,0.00051116943359375,0.00020694732666015625,0.0007967948913574219,-0.00015306472778320312,4675,136.30215454101562,4.914874076843262,66.8405990600586,4.202310562133789,heat,0.1,90.18852233886719,4.501902103424072,61.20227813720703,4.114184379577637,0.0012145134355548808,1.0,0.0007531188180802811
0.7411968812599564,0.054473310708999634,0.013382337056100368,0.042443543672561646,0.29948902130126953,-0.0007085800170898438,0.0002651214599609375,0.00016260147094726562,-0.00036907196044921875,4700,136.2056121826172,4.914165496826172,66.85831451416016,4.20257568359375,heat,0.1,90.20317840576172,4.5020647048950195,61.179691314697266,4.1138153076171875,0.0007590708972218005,1.0,0.0007017673265758551
0.7416564782886503,0.05448947846889496,0.013442855328321457,0.04298996552824974,0.29886913299560547,0.0013384819030761719,0.00048160552978515625,-0.00013828277587890625,-0.0019521713256835938,4725,136.38803100585938,4.915503978729248,66.8905258178711,4.203057289123535,heat,0.1,90.19071197509766,4.501926422119141,61.06037521362305,4.111863136291504,0.001669955973887961,1.0,0.0006365901345441885
0.743244569884011,0.054434843361377716,0.01358638796955347,0.043082475662231445,0.29673004150390625,-0.0010018348693847656,0.0008182525634765625,-0.0013208389282226562,-0.0003910064697265625,4750,136.25146484375,4.914502143859863,66.94527435302734,4.203875541687012,heat,0.1,90.07166290283203,4.500605583190918,61.036476135253906,4.111472129821777,0.0013663276149992408,1.0,0.0006542438341282878
0.7424426882897247,0.05466729402542114,0.01361021213233471,0.042901620268821716,0.2978096008300781,0.0008268356323242188,-0.0007171630859375,0.000362396240234375,0.00128173828125,4775,136.36416625976562,4.9153289794921875,66.89728546142578,4.203158378601074,heat,0.1,90.10430908203125,4.500967979431152,61.114784240722656,4.112753868103027,0.0012145134355548808,1.0,0.0005986618987283941
0.742906661568444,0.0543365478515625,0.013466613367199898,0.04329076409339905,0.29718494415283203,-0.00023508071899414062,0.0008287429809570312,0.0002040863037109375,-0.0025110244750976562,4800,136.3321075439453,4.915093898773193,66.95275115966797,4.203987121582031,heat,0.1,90.12269592285156,4.501172065734863,60.96152114868164,4.11024284362793,0.0012145134355548808,1.0,0.0005824455335798319
0.7458917671559928,0.05389609932899475,0.013532276265323162,0.0437636598944664,0.29317474365234375,-0.0007200241088867188,0.0026645660400390625,-0.0013456344604492188,-0.0030689239501953125,4825,136.23399353027344,4.914373874664307,67.13138580322266,4.20665168762207,heat,0.1,90.00151062011719,4.499826431274414,60.77471923828125,4.107173919677734,0.0018217701533323211,1.0,0.000559064603778966
0.7465226218903742,0.053816162049770355,0.013582969084382057,0.04327862709760666,0.2923293113708496,-0.0001735687255859375,-0.00017309188842773438,-0.001018524169921875,0.002460479736328125,4850,136.21034240722656,4.914200305938721,67.11976623535156,4.206478595733643,heat,0.1,89.9098892211914,4.498807907104492,60.9244384765625,4.1096343994140625,0.0022772126916654014,1.0,0.0005015920040997644
0.7470051773553293,0.05378374457359314,0.013583248481154442,0.04306088387966156,0.2916831970214844,-0.0002579689025878906,6.532669067382812e-05,-0.0005807876586914062,0.0021696090698242188,4875,136.1752166748047,4.913942337036133,67.12415313720703,4.206543922424316,heat,0.1,89.85768127441406,4.498227119445801,61.0567626953125,4.111804008483887,0.0019735843327766812,1.0,0.0005068461225311319
0.7486658055679877,0.05332918092608452,0.013560057617723942,0.04300945997238159,0.2894625663757324,-0.0006747245788574219,0.0009846687316894531,-0.0012359619140625,-0.001033782958984375,4900,136.08335876464844,4.913267612457275,67.19027709960938,4.207528591156006,heat,0.1,89.74668884277344,4.496991157531738,60.99367904663086,4.110770225524902,0.0021253985122210413,1.0,0.0005007676558201429
0.7497158237807049,0.053457118570804596,0.013677758164703846,0.043246790766716,0.28806114196777344,-0.0009789466857910156,-0.00012350082397460938,-0.0015249252319335938,-0.0004868507385253906,4925,135.95021057128906,4.912288665771484,67.1819839477539,4.207405090332031,heat,0.1,89.60993194580078,4.495466232299805,60.9639892578125,4.110283374786377,0.0018217701533323211,1.0,0.00046807003776297966
0.7506054437735689,0.05332858860492706,0.013734720647335052,0.04274309426546097,0.28687524795532227,-0.00022220611572265625,0.0010943412780761719,-9.1552734375e-05,0.0038933753967285156,4950,135.9199981689453,4.912066459655762,67.25554656982422,4.208499431610107,heat,0.1,89.60173034667969,4.49537467956543,61.201805114746094,4.1141767501831055,0.0018217701533323211,1.0,0.0004656141321719337
0.74934120971334,0.053334906697273254,0.013725236989557743,0.04298335313796997,0.2885608673095703,-0.0003924369812011719,-0.0020432472229003906,-0.00035762786865234375,-0.002761363983154297,4975,135.86666870117188,4.9116740226745605,67.1182632446289,4.206456184387207,heat,0.1,89.56969451904297,4.495017051696777,61.033042907714844,4.111415386199951,0.001669955973887961,1.0,0.0004056876628084767
0.7480795256869798,0.053312405943870544,0.013501858338713646,0.04302523285150528,0.29024600982666016,0.0007119178771972656,-0.00014591217041015625,0.0015392303466796875,-0.0008597373962402344,5000,135.9634246826172,4.912385940551758,67.10846710205078,4.206310272216797,heat,0.1,89.7076644897461,4.496556282043457,60.9805908203125,4.110555648803711,0.0019735843327766812,1.0,0.00042736342830733946
0.748102753723419,0.05296311527490616,0.013382639735937119,0.04277870059013367,0.29021501541137695,-0.0011243820190429688,0.0004620552062988281,0.000431060791015625,-3.62396240234375e-05,5025,135.81065368652344,4.911261558532715,67.13948822021484,4.206772327423096,heat,0.1,89.74634552001953,4.496987342834473,60.9783821105957,4.1105194091796875,0.001518141794443601,1.0,0.0003957414749529923
0.7479749373557282,0.05312373489141464,0.013322783634066582,0.04320722818374634,0.29038572311401367,0.0011210441589355469,0.0003523826599121094,0.0005230903625488281,-0.0022935867309570312,5050,135.96298217773438,4.91238260269165,67.16314697265625,4.207124710083008,heat,0.1,89.7933120727539,4.4975104331970215,60.838680267333984,4.1082258224487305,0.0013663276149992408,1.0,0.0004065014059699261
0.7455824407787721,0.0536075159907341,0.013310376554727554,0.043038900941610336,0.29358959197998047,0.0008378028869628906,-0.0027418136596679688,0.0004620552062988281,0.0004467964172363281,5075,136.07693481445312,4.913220405578613,66.97925567626953,4.20438289642334,heat,0.1,89.83480834960938,4.49797248840332,60.865867614746094,4.108672618865967,0.0021253985122210413,1.0,0.0003462349447515126
0.7450309273786749,0.05378905311226845,0.013354654423892498,0.04258881136775017,0.2943296432495117,0.0003390312194824219,-0.0013294219970703125,-0.0005893707275390625,0.002018451690673828,5100,136.12301635742188,4.913559436798096,66.89027404785156,4.2030534744262695,heat,0.1,89.78187561035156,4.497383117675781,60.98884963989258,4.110691070556641,0.003036283588887202,1.0,0.00032105724670324266
0.7427493984846405,0.05406712740659714,0.013188482262194157,0.042398225516080856,0.2973966598510742,-0.0009446144104003906,-0.0020160675048828125,0.0010509490966796875,0.0005540847778320312,5125,135.9945526123047,4.912614822387695,66.75555419921875,4.201037406921387,heat,0.1,89.87628173828125,4.498434066772461,61.02265548706055,4.111245155334473,0.0025808410505541216,1.0,0.0003108115274019204
0.7426654546064148,0.05424611270427704,0.013283831998705864,0.04215620085597038,0.29750967025756836,-0.0008668899536132812,-0.0009336471557617188,-0.0008206367492675781,0.0006670951843261719,5150,135.876708984375,4.911747932434082,66.69325256347656,4.200103759765625,heat,0.1,89.80255126953125,4.497613430023193,61.06337356567383,4.111912250518799,0.0018217701533323211,1.0,0.00033183192108951845
0.7423775820778913,0.054224785417318344,0.013265151530504227,0.04238316789269447,0.2978973388671875,0.00013828277587890625,-0.0008440017700195312,-0.0004563331604003906,-0.0012240409851074219,5175,135.8955078125,4.911886215209961,66.6369857788086,4.1992597579956055,heat,0.1,89.76158142089844,4.497157096862793,60.98867416381836,4.110688209533691,0.001669955973887961,1.0,0.0002853295113280822
0.740733219955982,0.054536350071430206,0.01323732454329729,0.04225393012166023,0.30011463165283203,0.0010709762573242188,-0.0022430419921875,-2.574920654296875e-05,-0.0005512237548828125,5200,136.0411376953125,4.912957191467285,66.48767852783203,4.197016716003418,heat,0.1,89.75927734375,4.49713134765625,60.95506286621094,4.110136985778809,0.0013663276149992408,1.0,0.00029130545442311383
0.7397198177866038,0.055007923394441605,0.013415239751338959,0.042090676724910736,0.3014836311340332,0.0003108978271484375,-0.002693653106689453,-0.0013246536254882812,0.0004215240478515625,5225,136.0834197998047,4.913268089294434,66.30882263183594,4.1943230628967285,heat,0.1,89.64045715332031,4.495806694030762,60.98076629638672,4.11055850982666,0.0009108850766661606,1.0,0.000279120156337843
0.7395295267990926,0.055052243173122406,0.01336924359202385,0.04211375489830971,0.3017411231994629,0.0003566741943359375,0.0003943443298339844,0.0006518363952636719,-7.62939453125e-05,5250,136.13197326660156,4.9136247634887695,66.3349838256836,4.1947174072265625,heat,0.1,89.69889831542969,4.496458530426025,60.976112365722656,4.110482215881348,0.0009108850766661606,1.0,0.0002421760169012323
0.7393436613873117,0.055228590965270996,0.013362418860197067,0.04222453758120537,0.30199241638183594,0.000255584716796875,8.0108642578125e-05,0.0003314018249511719,0.000293731689453125,5275,136.16677856445312,4.913880348205566,66.34029388427734,4.194797515869141,heat,0.1,89.72863006591797,4.496789932250977,60.99402618408203,4.110775947570801,0.0010626992561105207,1.0,0.00022748091677773062
0.7412346201267332,0.05513876676559448,0.013366615399718285,0.04213930293917656,0.2994379997253418,0.00015497207641601562,0.001094818115234375,-0.0014595985412597656,0.000278472900390625,5300,136.1878662109375,4.914035320281982,66.4129638671875,4.195892333984375,heat,0.1,89.59776306152344,4.495330333709717,61.01101303100586,4.111054420471191,0.0022772126916654014,1.0,0.00023481628364293615
0.7421307532847442,0.05479402840137482,0.01328323595225811,0.041971467435359955,0.2982296943664551,-0.00044727325439453125,0.0012350082397460938,2.6702880859375e-05,0.0004596710205078125,5325,136.12696838378906,4.913588047027588,66.49503326416016,4.197127342224121,heat,0.1,89.60015869140625,4.495357036590576,61.0390625,4.111514091491699,0.0024290268711097615,1.0,0.0002359977056839801
0.7446554746533479,0.054767996072769165,0.01354989130049944,0.04174524173140526,0.2948336601257324,0.0008950233459472656,0.0015344619750976562,-0.001861572265625,0.0016880035400390625,5350,136.24887084960938,4.914483070373535,66.59715270996094,4.198661804199219,heat,0.1,89.43350982666016,4.493495464324951,61.142189025878906,4.113202095031738,0.0021253985122210413,1.0,0.00020891008142658794
0.7449136938658465,0.054606739431619644,0.013538387604057789,0.041967324912548065,0.29448699951171875,-3.719329833984375e-05,0.00042057037353515625,7.390975952148438e-05,-0.0023212432861328125,5375,136.24380493164062,4.914445877075195,66.62516784667969,4.199082374572754,heat,0.1,89.44011688232422,4.493569374084473,61.00042724609375,4.1108808517456055,0.003188097768331562,1.0,0.0001996429988032426
0.7443224940524985,0.05471409857273102,0.013466795906424522,0.04214777797460556,0.29528093338012695,-0.0001773834228515625,-0.0003762245178222656,0.0004177093505859375,-0.0022954940795898438,5400,136.21963500976562,4.914268493652344,66.60010528564453,4.198706150054932,heat,0.1,89.47748565673828,4.493987083435059,60.860557556152344,4.108585357666016,0.001669955973887961,1.0,0.00019902765938296352
0.7458675972944881,0.05441928282380104,0.013560323044657707,0.04193596914410591,0.29320716857910156,-0.0002994537353515625,0.0017066001892089844,-0.00036716461181640625,0.001556396484375,5425,136.17884826660156,4.913969039916992,66.71385955810547,4.200412750244141,heat,0.1,89.44464111328125,4.493619918823242,60.95535659790039,4.110141754150391,0.0025808410505541216,1.0,0.00019024355239213414
0.7478577441758735,0.05420292913913727,0.013517767190933228,0.042053211480379105,0.2905426025390625,-0.00011157989501953125,0.002101421356201172,-0.0005631446838378906,-0.0022134780883789062,5450,136.1636505126953,4.913857460021973,66.85420989990234,4.202514171600342,heat,0.1,89.394287109375,4.493056774139404,60.820579528808594,4.107928276062012,0.002884469409442842,1.0,0.00018811222676491044
0.74812486406876,0.05420016869902611,0.013532159850001335,0.042492642998695374,0.29018545150756836,-0.0007762908935546875,0.001010894775390625,0.0006537437438964844,-0.002506256103515625,5475,136.05799865722656,4.913081169128418,66.92182159423828,4.203525066375732,heat,0.1,89.45274353027344,4.493710517883301,60.66834259033203,4.105422019958496,0.002884469409442842,1.0,0.0001633506199411987
0.7484920506702215,0.05414948984980583,0.013685944490134716,0.04191760718822479,0.28969478607177734,-0.00032520294189453125,-0.0006031990051269531,-0.0010938644409179688,0.0031156539916992188,5500,136.0137481689453,4.912755966186523,66.8814697265625,4.2029218673706055,heat,0.1,89.35494995117188,4.492616653442383,60.8576545715332,4.108537673950195,0.003036283588887202,1.0,0.0001769562347242272
0.749271894360248,0.054103609174489975,0.01376767922192812,0.041850876063108444,0.2886533737182617,-0.0006966590881347656,-0.0007219314575195312,-0.0017633438110351562,0.00102996826171875,5525,135.9190216064453,4.912059307098389,66.83319854736328,4.202199935913086,heat,0.1,89.19752502441406,4.490853309631348,60.920372009277344,4.109567642211914,0.0036435403066646423,1.0,0.0001557991382307693
0.7470713995236727,0.054327987134456635,0.01368196401745081,0.04168014973402023,0.2915945053100586,-0.0006594657897949219,-0.0023832321166992188,0.0005578994750976562,0.0025730133056640625,5550,135.8294219970703,4.911399841308594,66.67411041259766,4.199816703796387,heat,0.1,89.24730682373047,4.491411209106445,61.07732009887695,4.112140655517578,0.003036283588887202,1.0,0.00014308550399650565
0.7445602925552056,0.05471997708082199,0.013585676439106464,0.04208686575293541,0.29496097564697266,-8.630752563476562e-05,-0.0020666122436523438,0.0012998580932617188,-0.0009856224060058594,5575,135.8177032470703,4.911313533782959,66.53643035888672,4.197750091552734,heat,0.1,89.36338806152344,4.492711067199707,61.01715087890625,4.111155033111572,0.003188097768331562,1.0,0.0001320243038535435
0.743326144405369,0.05499882251024246,0.013706831261515617,0.042069531977176666,0.29662036895751953,0.0003342628479003906,-0.0031747817993164062,-0.0015153884887695312,0.00014734268188476562,5600,135.8631134033203,4.911647796630859,66.32555389404297,4.194575309753418,heat,0.1,89.22806549072266,4.4911956787109375,61.02614212036133,4.111302375793457,0.0024290268711097615,1.0,0.0001435017124356581
0.7452504548256631,0.05453934520483017,0.01371506042778492,0.04206366091966629,0.2940349578857422,-0.0006694793701171875,0.0021467208862304688,-0.000438690185546875,-4.673004150390625e-05,5625,135.77218627929688,4.910978317260742,66.46809387207031,4.196722030639648,heat,0.1,89.18893432617188,4.490756988525391,61.023292541503906,4.111255645751953,0.002884469409442842,1.0,0.00014123246593198367
0.7453267846847158,0.054345227777957916,0.013639907352626324,0.04145517572760582,0.2939324378967285,-0.0006303787231445312,0.0003094673156738281,0.00020694732666015625,0.003216266632080078,5650,135.68661499023438,4.910347938537598,66.48866271972656,4.197031497955322,heat,0.1,89.2073974609375,4.490963935852051,61.219879150390625,4.114471912384033,0.003036283588887202,1.0,0.0001297003729334913
0.7439544983058293,0.05459575355052948,0.013457054272294044,0.041557759046554565,0.2957754135131836,-0.0004978179931640625,-0.0013632774353027344,0.00047969818115234375,-0.0010418891906738281,5675,135.6190948486328,4.909850120544434,66.39808654785156,4.1956682205200195,heat,0.1,89.25019836425781,4.491443634033203,61.156124114990234,4.113430023193359,0.0024290268711097615,1.0,0.00011872229294356884
0.7433291046840397,0.0546579547226429,0.013374416157603264,0.04166540503501892,0.2966165542602539,0.0003681182861328125,-0.001129150390625,-0.0002880096435546875,-0.0019407272338867188,5700,135.6690216064453,4.910218238830566,66.32315826416016,4.1945390701293945,heat,0.1,89.2244873046875,4.491155624389648,61.03755187988281,4.111489295959473,0.003036283588887202,1.0,0.00010194341076474768
0.739523858747644,0.05550885945558548,0.013370869681239128,0.04168464615941048,0.30174875259399414,-0.0004496574401855469,-0.005062580108642578,6.961822509765625e-05,0.0007715225219726562,5725,135.6080322265625,4.909768581390381,65.98823547363281,4.189476490020752,heat,0.1,89.23070526123047,4.491225242614746,61.084659576416016,4.112260818481445,0.003036283588887202,1.0,0.00010207253790645009
0.7407952121049434,0.05513686686754227,0.01353359967470169,0.041535958647727966,0.3000311851501465,0.00023889541625976562,0.00130462646484375,-0.00041294097900390625,0.00040435791015625,5750,135.64044189453125,4.910007476806641,66.07438659667969,4.190781116485596,heat,0.1,89.19386291503906,4.490812301635742,61.10936737060547,4.112665176391602,0.0024290268711097615,1.0,9.283510030867383e-05
0.7403103179954185,0.05544595420360565,0.013712812215089798,0.041259802877902985,0.3006858825683594,-0.0002384185791015625,-0.002495288848876953,-0.0018405914306640625,0.002140045166015625,5775,135.60809326171875,4.909769058227539,65.90971374511719,4.188285827636719,heat,0.1,89.02984619140625,4.488971710205078,61.24028396606445,4.114805221557617,0.0024290268711097615,1.0,9.213357407134026e-05
0.7412488020372647,0.05548528954386711,0.013725785538554192,0.040919773280620575,0.29941892623901367,0.00066375732421875,0.0008625984191894531,-0.00040435791015625,0.0015540122985839844,5800,135.69813537597656,4.910432815551758,65.96659088134766,4.189148426055908,heat,0.1,88.99385833740234,4.488567352294922,61.33552551269531,4.116359233856201,0.0022772126916654014,1.0,8.845324113633032e-05
0.7414867844259344,0.05545961856842041,0.0137009397149086,0.04112277179956436,0.29909801483154297,0.0013628005981445312,0.0013070106506347656,0.0009860992431640625,8.916854858398438e-05,5825,135.88319396972656,4.911795616149902,66.05287170410156,4.190455436706543,heat,0.1,89.08165740966797,4.489553451538086,61.34099578857422,4.116448402404785,0.003036283588887202,1.0,8.263097579034394e-05
0.7424328048631843,0.0554768368601799,0.013733051717281342,0.04120336472988129,0.2978229522705078,0.00038242340087890625,0.00030231475830078125,-0.000972747802734375,0.001399993896484375,5850,135.93516540527344,4.912178039550781,66.07283782958984,4.190757751464844,heat,0.1,88.99504089355469,4.488580703735352,61.42692947387695,4.1178483963012695,0.003491726127220282,1.0,8.004303040049085e-05
0.7443760009276394,0.05536455661058426,0.013921567238867283,0.041349492967128754,0.2952089309692383,0.00063323974609375,0.001277923583984375,-0.0013360977172851562,-2.0503997802734375e-05,5875,136.0212860107422,4.912811279296875,66.1573257446289,4.192035675048828,heat,0.1,88.876220703125,4.487244606018066,61.4256706237793,4.117827892303467,0.003339911947775922,1.0,7.933035629258071e-05
0.7450240817228196,0.05535341799259186,0.014074563048779964,0.041261620819568634,0.2943387031555176,0.00021457672119140625,-0.00042247772216796875,-0.0012927055358886719,0.0010247230529785156,5900,136.05047607421875,4.913025856018066,66.12937927246094,4.19161319732666,heat,0.1,88.76139831542969,4.485951900482178,61.488651275634766,4.118852615356445,0.003795354486109003,1.0,7.644515360875021e-05
0.7443877813234455,0.0553748682141304,0.013983272016048431,0.04133152961730957,0.2951931953430176,0.0003228187561035156,-0.0007596015930175781,9.489059448242188e-05,-0.0020008087158203125,5925,136.09439086914062,4.91334867477417,66.07917022705078,4.190853595733643,heat,0.1,88.76982116699219,4.48604679107666,61.36574935913086,4.116851806640625,0.003339911947775922,1.0,7.491645699483755e-05
0.7440240043838507,0.05519338324666023,0.013753050938248634,0.04129067063331604,0.2956819534301758,-0.0013594627380371094,-0.0006632804870605469,-0.00017452239990234375,-0.0009551048278808594,5950,135.9095001220703,4.911989212036133,66.03535461425781,4.190190315246582,heat,0.1,88.75433349609375,4.485872268676758,61.307167053222656,4.115896701812744,0.002884469409442842,1.0,6.70308188634816e-05
0.7411268628794689,0.05556849017739296,0.013709571212530136,0.04067126661539078,0.29958343505859375,0.0002841949462890625,-0.002357959747314453,0.0015435218811035156,0.0016827583312988281,5975,135.94813537597656,4.912273406982422,65.87982940673828,4.187832355499268,heat,0.1,88.89143371582031,4.487415790557861,61.41041564941406,4.117579460144043,0.003188097768331562,1.0,7.169433122911325e-05
0.7409279545534248,0.05531471222639084,0.013508817180991173,0.04063098132610321,0.2998518943786621,-0.0014829635620117188,0.0013761520385742188,0.0016446113586425781,-0.00032711029052734375,6000,135.74667358398438,4.91079044342041,65.9705581665039,4.189208507537842,heat,0.1,89.03775024414062,4.489060401916504,61.39033126831055,4.117252349853516,0.003491726127220282,1.0,7.14495306863703e-05
0.7411870903377082,0.05523458495736122,0.013461297377943993,0.04061563313007355,0.2995023727416992,-0.0018916130065917969,-0.00046539306640625,-0.0008149147033691406,0.0006313323974609375,6025,135.49012756347656,4.908898830413818,65.93986511230469,4.1887431144714355,heat,0.1,88.9652099609375,4.488245487213135,61.42910385131836,4.117883682250977,0.003036283588887202,1.0,6.48275356758777e-05
0.7395837885059896,0.055498916655778885,0.013510752469301224,0.040763214230537415,0.3016676902770996,0.00020933151245117188,-0.0012631416320800781,0.0009021759033203125,-9.72747802734375e-05,6050,135.5185089111328,4.9091081619262695,65.85662078857422,4.1874799728393555,heat,0.1,89.04551696777344,4.489147663116455,61.423126220703125,4.117786407470703,0.004098982844997723,1.0,6.016973133509055e-05
0.7390486581125758,0.055519700050354004,0.013580415397882462,0.040503546595573425,0.30239152908325195,0.000133514404296875,-0.0013279914855957031,-0.0006041526794433594,-0.0003914833068847656,6075,135.53660583496094,4.909241676330566,65.76921844482422,4.18615198135376,heat,0.1,88.99172973632812,4.488543510437012,61.39908218383789,4.117394924163818,0.004250797024442083,1.0,5.4730488146160395e-05
0.7371056566831317,0.05562037602066994,0.013451611623167992,0.04055500030517578,0.3050241470336914,-0.0007266998291015625,-0.0030236244201660156,-0.0003910064697265625,-0.0004968643188476562,6100,135.43814086914062,4.908514976501465,65.57066345214844,4.183128356933594,heat,0.1,88.95693969726562,4.488152503967285,61.36858367919922,4.116898059844971,0.003491726127220282,1.0,4.797069604589352e-05
0.7370717826917126,0.05585731565952301,0.0136946402490139,0.04042773321270943,0.3050699234008789,-0.0004763603210449219,-0.0011806488037109375,-0.0011348724365234375,0.0008549690246582031,6125,135.37364196777344,4.90803861618042,65.4932861328125,4.181947708129883,heat,0.1,88.85604858398438,4.487017631530762,61.42107391357422,4.117753028869629,0.003339911947775922,1.0,5.239531533272995e-05
0.7360809921326911,0.0561087541282177,0.013868553563952446,0.040246278047561646,0.3064150810241699,-0.0011525154113769531,-0.002505779266357422,-0.0011606216430664062,-0.000926971435546875,6150,135.2176971435547,4.906886100769043,65.32938385009766,4.179441928863525,heat,0.1,88.75298309326172,4.485857009887695,61.364166259765625,4.116826057434082,0.0039471686655533625,1.0,5.0400404984703716e-05
0.7380544704604342,0.05597963556647301,0.013922594487667084,0.04039006307721138,0.3037376403808594,-0.0002970695495605469,0.0013437271118164062,-0.0013337135314941406,0.0002770423889160156,6175,135.1775360107422,4.906589031219482,65.41722869873047,4.180785655975342,heat,0.1,88.63468933105469,4.484523296356201,61.38117218017578,4.117103099822998,0.003491726127220282,1.0,4.270272138346188e-05
0.7360424608383664,0.056492939591407776,0.014081296510994434,0.04063180461525917,0.30646753311157227,0.0011358261108398438,-0.0034151077270507812,-0.0006852149963378906,-0.0008063316345214844,6200,135.33116149902344,4.907724857330322,65.19420623779297,4.177370548248291,heat,0.1,88.573974609375,4.483838081359863,61.331695556640625,4.116296768188477,0.004250797024442083,1.0,4.543926794595771e-05
0.7339297884988271,0.05673437565565109,0.013917824253439903,0.04083790257573128,0.3093419075012207,0.00017118453979492188,-0.0016889572143554688,0.0011854171752929688,-0.0014963150024414062,6225,135.35433959960938,4.907896041870117,65.08418273925781,4.1756815910339355,heat,0.1,88.67903137207031,4.485023498535156,61.239994049072266,4.114800453186035,0.0039471686655533625,1.0,4.273362993759804e-05
0.7316292796568027,0.05737701803445816,0.013978652656078339,0.04103688895702362,0.3124814033508301,-0.00043964385986328125,-0.0037384033203125,-0.000598907470703125,-0.0013527870178222656,6250,135.2948455810547,4.907456398010254,64.8413314819336,4.171943187713623,heat,0.1,88.62593841552734,4.484424591064453,61.157203674316406,4.113447666168213,0.004098982844997723,1.0,4.451483999349112e-05
0.7305624378638018,0.057702600955963135,0.013929683715105057,0.041380926966667175,0.31394052505493164,0.0013585090637207031,-0.0005598068237304688,0.0008993148803710938,-0.0004668235778808594,6275,135.47877502441406,4.908814907073975,64.80503845214844,4.171383380889893,heat,0.1,88.70568084716797,4.485323905944824,61.128658294677734,4.112980842590332,0.0050098679216638835,1.0,4.115830220894764e-05
0.7303433483330367,0.05781784653663635,0.013981224037706852,0.041616298258304596,0.3142404556274414,-6.4849853515625e-05,-0.0008845329284667969,-0.0005846023559570312,-0.00171661376953125,6300,135.46998596191406,4.908750057220459,64.74774169921875,4.170498847961426,heat,0.1,88.65383911132812,4.484739303588867,61.02381896972656,4.111264228820801,0.0039471686655533625,1.0,4.489361989082674e-05
0.72936690198055,0.058065496385097504,0.013998790644109249,0.04124067723751068,0.3155784606933594,0.0004630088806152344,-0.0007524490356445312,0.0005855560302734375,0.0026388168334960938,6325,135.53271484375,4.909213066101074,64.69904327392578,4.169746398925781,heat,0.1,88.70575714111328,4.485324859619141,61.18505859375,4.113903045654297,0.005768938818885684,1.0,3.777348392192224e-05
0.7275842505830104,0.0584084615111351,0.01393830869346857,0.041635870933532715,0.3180255889892578,0.0007658004760742188,-0.0015778541564941406,0.0008692741394042969,-0.0019273757934570312,6350,135.6365509033203,4.909978866577148,64.59703826904297,4.168168544769287,heat,0.1,88.78289794921875,4.486194133758545,61.0672492980957,4.11197566986084,0.004858053742219523,1.0,3.566407088268615e-05
0.7255798747070726,0.05867864564061165,0.013854806311428547,0.04189842566847801,0.3207840919494629,0.00011920928955078125,-0.0015921592712402344,0.0011663436889648438,-0.001140594482421875,6375,135.65272521972656,4.910098075866699,64.49427032470703,4.166576385498047,heat,0.1,88.88652038574219,4.48736047744751,60.99763488769531,4.110835075378418,0.004554425383330803,1.0,3.5070586476995116e-05
0.7249729868515532,0.059000417590141296,0.013986464589834213,0.04198455065488815,0.3216209411621094,0.00013828277587890625,-0.0020055770874023438,-0.0011687278747558594,0.0004596710205078125,6400,135.67149353027344,4.910236358642578,64.36505889892578,4.1645708084106445,heat,0.1,88.78269958496094,4.486191749572754,61.02568054199219,4.111294746398926,0.0050098679216638835,1.0,3.174152679371634e-05
0.7251860111817579,0.058869410306215286,0.013890828937292099,0.04199979454278946,0.32132720947265625,-0.0018634796142578125,0.0007333755493164062,0.00043964385986328125,-0.0002689361572265625,6425,135.41888427734375,4.90837287902832,64.41227722167969,4.165304183959961,heat,0.1,88.82173156738281,4.486631393432617,61.00926971435547,4.111025810241699,0.004858053742219523,1.0,3.1750022562272755e-05
0.7255754318520259,0.05865111202001572,0.01383623294532299,0.041236601769924164,0.32079029083251953,-0.0007581710815429688,0.0012826919555664062,0.0007457733154296875,0.004374504089355469,6450,135.31626892089844,4.907614707946777,64.49494934082031,4.166586875915527,heat,0.1,88.88800048828125,4.487377166748047,61.276737213134766,4.115400314331055,0.0039471686655533625,1.0,3.156524119020364e-05
0.72288906054688,0.058968208730220795,0.013711869716644287,0.04137022793292999,0.32449960708618164,-0.00021266937255859375,-0.00290679931640625,0.0008025169372558594,0.0005445480346679688,6475,135.28749084472656,4.907402038574219,64.30774688720703,4.163680076599121,heat,0.1,88.95935821533203,4.488179683685303,61.31011962890625,4.115944862365723,0.004250797024442083,1.0,2.6886244122295617e-05
0.7215534878757115,0.059222087264060974,0.013721521943807602,0.04157792031764984,0.32634878158569336,0.0005869865417480469,-0.0021338462829589844,-0.0002846717834472656,-0.0009694099426269531,6500,135.36685180664062,4.907989025115967,64.17066955566406,4.161546230316162,heat,0.1,88.93404388427734,4.4878950119018555,61.25071334838867,4.114975452423096,0.003795354486109003,1.0,2.8657560340306805e-05
0.7203334156023486,0.05929844453930855,0.013693040236830711,0.04195670783519745,0.32804107666015625,3.6716461181640625e-05,-0.0006499290466308594,0.0010423660278320312,-0.0027709007263183594,6525,135.37188720703125,4.908025741577148,64.12897491455078,4.160896301269531,heat,0.1,89.02679443359375,4.4889373779296875,61.08122634887695,4.112204551696777,0.003491726127220282,1.0,2.6192858262179143e-05
0.7221135531731249,0.059279441833496094,0.013932494446635246,0.041884928941726685,0.3255729675292969,0.00035953521728515625,0.0005865097045898438,-0.0018815994262695312,-0.0002655982971191406,6550,135.42056274414062,4.908385276794434,64.1666030883789,4.161482810974121,heat,0.1,88.85943603515625,4.487055778503418,61.06500244140625,4.111938953399658,0.004706239562775163,1.0,2.3674739702552486e-05
0.7220126732722294,0.05955918878316879,0.013944664970040321,0.041799478232860565,0.3257126808166504,-0.00038814544677734375,-0.0006642341613769531,-0.0005245208740234375,0.0010018348693847656,6575,135.36802673339844,4.907997131347656,64.12399291992188,4.160818576812744,heat,0.1,88.81283569335938,4.4865312576293945,61.12621307373047,4.112940788269043,0.0050098679216638835,1.0,2.569290599898159e-05
0.7202932553378372,0.05996568500995636,0.01395235676318407,0.0413929782807827,0.328096866607666,-6.532669067382812e-05,-0.0029201507568359375,-0.0005359649658203125,0.0015130043029785156,6600,135.3591766357422,4.907931804656982,63.93701171875,4.157898426055908,heat,0.1,88.76525115966797,4.485995292663574,61.21876525878906,4.1144537925720215,0.0039471686655533625,1.0,2.3937977858357697e-05
0.7213058325934134,0.060163646936416626,0.014272423461079597,0.04131016135215759,0.3266921043395996,4.3392181396484375e-05,-0.0014157295227050781,-0.0028204917907714844,-0.000690460205078125,6625,135.36505126953125,4.907975196838379,63.846561431884766,4.156482696533203,heat,0.1,88.51524353027344,4.483174800872803,61.176509857177734,4.113763332366943,0.0036435403066646423,1.0,2.1971420555812465e-05
0.7196412648664599,0.060653507709503174,0.014358957298099995,0.041627317667007446,0.32900238037109375,0.0012497901916503906,-0.0024156570434570312,-0.00010538101196289062,-0.002247333526611328,6650,135.53433227539062,4.909224987030029,63.69251251220703,4.154067039489746,heat,0.1,88.50592041015625,4.48306941986084,61.0391845703125,4.111515998840332,0.003795354486109003,1.0,2.302480429628089e-05
0.7209670427121359,0.06061485782265663,0.014445796608924866,0.04174385219812393,0.3271617889404297,-0.0007414817810058594,0.0010271072387695312,-0.0008134841918945312,0.0007028579711914062,6675,135.43386840820312,4.908483505249023,63.757965087890625,4.155094146728516,heat,0.1,88.43395233154297,4.482255935668945,61.08209991455078,4.112218856811523,0.005313496280552604,1.0,1.99111921198726e-05
0.7206983161619394,0.06087608262896538,0.014752192422747612,0.04134315252304077,0.32753467559814453,-0.00018739700317382812,-0.0029697418212890625,-0.0025968551635742188,0.0016150474548339844,6700,135.4084930419922,4.90829610824585,63.568904876708984,4.152124404907227,heat,0.1,88.20459747314453,4.479659080505371,61.18082809448242,4.113833904266357,0.005161682101108243,1.0,2.171772367752129e-05
0.7229023521674514,0.06051746755838394,0.014834035187959671,0.04119700938463211,0.3244810104370117,-0.0005793571472167969,0.0024843215942382812,-0.0005693435668945312,-0.0003447532653808594,6725,135.330078125,4.907716751098633,63.727020263671875,4.154608726501465,heat,0.1,88.1543960571289,4.479089736938477,61.15974044799805,4.113489151000977,0.005768938818885684,1.0,1.8352138984812757e-05
0.724484930009676,0.05993444472551346,0.014661787077784538,0.04117058962583542,0.3222942352294922,-0.0011639595031738281,0.0023860931396484375,0.00019931793212890625,-0.0020647048950195312,6750,135.17263793945312,4.906552791595459,63.8792610168457,4.156994819641113,heat,0.1,88.17196655273438,4.4792890548706055,61.03359603881836,4.111424446105957,0.007742523151662365,1.0,2.2141299157829633e-05
0.7277406407209451,0.059096965938806534,0.014359978958964348,0.041403695940971375,0.3178105354309082,-0.0010008811950683594,0.0040836334228515625,-0.0004000663757324219,-0.002349853515625,6775,135.03741455078125,4.905551910400391,64.14065551757812,4.161078453063965,heat,0.1,88.1366958618164,4.478888988494873,60.890342712402344,4.109074592590332,0.005920752998330044,1.0,0.0001489679211176223
0.730786532450056,0.05827753245830536,0.014154357835650444,0.04113289341330528,0.31363391876220703,-0.0016837120056152344,0.004425048828125,0.0002484321594238281,0.00240325927734375,6800,134.8102569580078,4.903868198394775,64.42511749267578,4.16550350189209,heat,0.1,88.15859985351562,4.479137420654297,61.0368537902832,4.111477851867676,0.0072870806133292845,1.0,0.00022682912731591037
0.733256738123953,0.0578705370426178,0.014232566580176353,0.04075120389461517,0.3102593421936035,-0.0014109611511230469,0.0011873245239257812,-0.0021872520446777344,0.0005779266357421875,6825,134.62010192871094,4.902457237243652,64.50164794921875,4.166690826416016,heat,0.1,87.96598052978516,4.476950168609619,61.072139739990234,4.112055778503418,0.006224381357218764,1.0,0.0003073226788291123
0.7355046173232477,0.05743060261011124,0.014142254367470741,0.04025190323591232,0.30719852447509766,-0.00011873245239257812,0.0024280548095703125,-0.0006327629089355469,0.00102996826171875,6850,134.60418701171875,4.90233850479126,64.65845489501953,4.169118881225586,heat,0.1,87.91033172607422,4.476317405700684,61.135074615478516,4.113085746765137,0.0072870806133292845,1.0,0.00034331445807698666
0.7395145923421271,0.056915804743766785,0.014154366217553616,0.040707189589738846,0.3017611503601074,-0.00017023086547851562,0.005199432373046875,-0.00023794174194335938,-0.0029535293579101562,6875,134.58126831054688,4.902168273925781,64.99551391601562,4.174318313598633,heat,0.1,87.8894271850586,4.47607946395874,60.954776763916016,4.110132217407227,0.005920752998330044,1.0,0.0003414392631745506
0.7416766228897262,0.05656466633081436,0.014239727519452572,0.04071851819753647,0.2988419532775879,-0.0008707046508789062,0.0016617774963378906,-0.0012574195861816406,-0.0006175041198730469,6900,134.46414184570312,4.901297569274902,65.1036148071289,4.175980091094971,heat,0.1,87.77897644042969,4.474822044372559,60.91714859008789,4.1095147132873535,0.005617124639441324,1.0,0.0003949131304348676
0.7437530841840173,0.056460436433553696,0.014554428867995739,0.04070650413632393,0.29604625701904297,0.001125335693359375,0.0014653205871582031,-0.0013303756713867188,0.0009598731994628906,6925,134.6155548095703,4.902422904968262,65.19908905029297,4.177445411682129,heat,0.1,87.66227722167969,4.473491668701172,60.97564697265625,4.110474586486816,0.0072870806133292845,1.0,0.00036610986061874726
0.7441635141113975,0.05637117475271225,0.014548799023032188,0.04157561808824539,0.29549455642700195,0.0013146400451660156,0.0015707015991210938,0.0010190010070800781,-0.0046977996826171875,6950,134.79263305664062,4.903737545013428,65.30157470703125,4.17901611328125,heat,0.1,87.75164794921875,4.474510669708252,60.68986511230469,4.105776786804199,0.0072870806133292845,1.0,0.0004095364704853205
0.7452984318377444,0.05622806027531624,0.014522972516715527,0.041999317705631256,0.29397058486938477,-0.0002818107604980469,0.0018258094787597656,0.0003018379211425781,-0.0015039443969726562,6975,134.75465393066406,4.90345573425293,65.42091369628906,4.18084192276001,heat,0.1,87.77814483642578,4.4748125076293945,60.59865951538086,4.104272842407227,0.006983452254440564,1.0,0.0004222280608472288
0.7476723454308101,0.05583662539720535,0.014667623676359653,0.04205487668514252,0.2907905578613281,0.0008077621459960938,0.0023484230041503906,-0.00083160400390625,0.0003299713134765625,7000,134.86355590820312,4.904263496398926,65.5747299194336,4.18319034576416,heat,0.1,87.70516967773438,4.473980903625488,60.61865997314453,4.104602813720703,0.006983452254440564,1.0,0.0004040921706502332
0.7489086136549897,0.0553407222032547,0.014702669344842434,0.04252355545759201,0.2891383171081543,-0.000682830810546875,0.0019516944885253906,0.0002994537353515625,-0.0029878616333007812,7025,134.771484375,4.903580665588379,65.70283508300781,4.1851420402526855,heat,0.1,87.7314453125,4.47428035736084,60.43781280517578,4.101614952087402,0.0065280097161074845,1.0,0.000417243863467832
0.7501527013706231,0.05485869571566582,0.014555782079696655,0.042268212884664536,0.2874784469604492,-0.0012040138244628906,0.0007004737854003906,-0.0009593963623046875,-0.00011301040649414062,7050,134.6093292236328,4.902376651763916,65.74887084960938,4.185842514038086,heat,0.1,87.6473159790039,4.473320960998535,60.43098068237305,4.101501941680908,0.006679823895551844,1.0,0.000387815360249166
0.748705450501328,0.05488200485706329,0.01442151702940464,0.04270705580711365,0.2894096374511719,9.489059448242188e-05,-0.0011196136474609375,0.0008115768432617188,-0.0037055015563964844,7075,134.62208557128906,4.902471542358398,65.67530059814453,4.184722900390625,heat,0.1,87.71847534179688,4.474132537841797,60.20747375488281,4.097796440124512,0.006831638074996205,1.0,0.0003911378839167731
0.7499653302126466,0.055067796260118484,0.014689644798636436,0.04308374971151352,0.28772830963134766,0.0019092559814453125,0.0007686614990234375,-0.0009126663208007812,-0.0015211105346679688,7100,134.87936401367188,4.904380798339844,65.72579956054688,4.185491561889648,heat,0.1,87.6384506225586,4.473219871520996,60.11595916748047,4.096275329589844,0.006679823895551844,1.0,0.00039004410398743843
0.7502310035240863,0.055074721574783325,0.014690831303596497,0.04390004277229309,0.28737354278564453,8.96453857421875e-05,6.246566772460938e-05,-0.0002923011779785156,-0.003968238830566406,7125,134.89146423339844,4.904470443725586,65.72987365722656,4.185554027557373,heat,0.1,87.61284637451172,4.472927570343018,59.877872467041016,4.092307090759277,0.007135266433884925,1.0,0.0003844875849593328
0.7499767472474812,0.05510373041033745,0.014518871903419495,0.04359807074069977,0.28771305084228516,-0.00019168853759765625,-0.0004334449768066406,-9.393692016601562e-05,0.0013332366943359375,7150,134.8656005859375,4.904278755187988,65.70142364501953,4.185120582580566,heat,0.1,87.6046142578125,4.472833633422852,59.957759857177734,4.093640327453613,0.007742523151662365,1.0,0.00039752864768193317
0.75175049334101,0.05495542287826538,0.014692147262394428,0.04308675229549408,0.2853507995605469,-0.0003104209899902344,0.00054168701171875,-0.0018205642700195312,0.0032472610473632812,7175,134.82374572753906,4.903968334197998,65.73702239990234,4.185662269592285,heat,0.1,87.44526672363281,4.471013069152832,60.15277862548828,4.096887588500977,0.007135266433884925,1.0,0.0003658557830444088
0.7539348971794589,0.054668232798576355,0.014726774767041206,0.04309287667274475,0.28244924545288086,-0.0008349418640136719,0.0014743804931640625,-0.0014271736145019531,-0.00021648406982421875,7200,134.7112274169922,4.903133392333984,65.83401489257812,4.187136650085449,heat,0.1,87.320556640625,4.46958589553833,60.1397590637207,4.096671104431152,0.007438894792773645,1.0,0.0003614320907872804
0.7571318228914282,0.05440898984670639,0.014781874604523182,0.043087560683488846,0.27821779251098633,-0.00037670135498046875,0.0034046173095703125,-0.0008268356323242188,0.0010166168212890625,7225,134.66049194335938,4.902756690979004,66.05853271484375,4.1905412673950195,heat,0.1,87.2483901977539,4.468759059906006,60.200927734375,4.097687721252441,0.007742523151662365,1.0,0.0003806701851833789
0.7587391488350154,0.054012298583984375,0.014780614525079727,0.04296258091926575,0.27609729766845703,-0.00024700164794921875,0.0017218589782714844,-0.0003986358642578125,-0.00038814544677734375,7250,134.62722778320312,4.902509689331055,66.17237854003906,4.192263126373291,heat,0.1,87.21360778808594,4.468360424041748,60.17756271362305,4.097299575805664,0.0065280097161074845,1.0,0.0003289657404712612
0.7586905898263678,0.05383970960974693,0.014649338088929653,0.04293762892484665,0.27616119384765625,-0.00066375732421875,0.0006966590881347656,0.0007605552673339844,-0.00010204315185546875,7275,134.53790283203125,4.901845932006836,66.21849060058594,4.192959785461426,heat,0.1,87.27996826171875,4.469120979309082,60.171424865722656,4.097197532653809,0.008197965689995446,1.0,0.00033941110315954435
0.7572478418291376,0.0545392706990242,0.01481593307107687,0.0431901179254055,0.2780647277832031,0.00048160552978515625,-0.0031347274780273438,-0.0012311935424804688,-0.001163482666015625,7300,134.6027069091797,4.902327537536621,66.01124572753906,4.189825057983398,heat,0.1,87.17257690429688,4.467889785766602,60.10145568847656,4.096034049987793,0.009108850766661606,1.0,0.00028468712273352164
0.7559399913557118,0.054745934903621674,0.014773242175579071,0.0433175265789032,0.27979326248168945,-0.00018310546875,-0.0009059906005859375,0.0008225440979003906,-0.0007543563842773438,7325,134.57806396484375,4.902144432067871,65.95146179199219,4.1889190673828125,heat,0.1,87.24430847167969,4.468712329864502,60.05613327026367,4.095279693603516,0.008653408228328526,1.0,0.00026025145165628835
0.7548317547500778,0.054902419447898865,0.014867575839161873,0.043681591749191284,0.28126049041748047,-0.00010395050048828125,-0.0015802383422851562,-0.00011301040649414062,-0.0027594566345214844,7350,134.56407165527344,4.902040481567383,65.84732818603516,4.187338829040527,heat,0.1,87.23444366455078,4.468599319458008,59.89064025878906,4.092520236968994,0.009412479125550327,1.0,0.0002653428666189004
0.755063874786407,0.055215153843164444,0.01499254908412695,0.04356694594025612,0.28095293045043945,0.0007252693176269531,2.1457672119140625e-05,-0.000286102294921875,0.0014910697937011719,7375,134.66163635253906,4.90276575088501,65.84873962402344,4.1873602867126465,heat,0.1,87.2094955444336,4.468313217163086,59.98000717163086,4.094011306762695,0.009260664946105966,1.0,0.0002592559707496899
0.7537321657438195,0.05539407581090927,0.01493470836430788,0.04357234016060829,0.2827181816101074,-5.3882598876953125e-05,-0.0007953643798828125,0.0009698867797851562,-0.00048732757568359375,7400,134.65444946289062,4.902711868286133,65.79638671875,4.186564922332764,heat,0.1,87.29412078857422,4.469283103942871,59.950782775878906,4.093523979187012,0.007438894792773645,1.0,0.00023061842913805388
0.7539979009409116,0.05535154789686203,0.01501003373414278,0.04367472976446152,0.2823657989501953,0.000152587890625,-0.0007739067077636719,-0.0011262893676757812,-0.00040912628173828125,7425,134.6750030517578,4.902864456176758,65.74549102783203,4.185791015625,heat,0.1,87.19585418701172,4.468156814575195,59.92626190185547,4.093114852905273,0.007742523151662365,1.0,0.0002321951580712404
0.7537369018667762,0.055517103523015976,0.014958302490413189,0.04375345632433891,0.2827119827270508,-0.000244140625,-0.00091552734375,-0.0005693435668945312,-0.0013394355773925781,7450,134.64212036132812,4.902620315551758,65.6853256225586,4.18487548828125,heat,0.1,87.14622497558594,4.467587471008301,59.846046447753906,4.091775417327881,0.008501594048884165,1.0,0.00022151570709699118
0.7533541300813204,0.0555928535759449,0.014884745702147484,0.043429844081401825,0.2832198143005371,0.0008039474487304688,-0.0003790855407714844,0.00012874603271484375,0.0009126663208007812,7475,134.7504119873047,4.903424263000488,65.6604232788086,4.1844964027404785,heat,0.1,87.1574478149414,4.467716217041016,59.900691986083984,4.092688083648682,0.007742523151662365,1.0,0.00019928160034874843
0.7560658429461189,0.05524462088942528,0.015109880827367306,0.043370869010686874,0.27962684631347656,-0.0008563995361328125,0.0013632774353027344,-0.0022296905517578125,9.584426879882812e-05,7500,134.63507080078125,4.9025678634643555,65.75,4.185859680175781,heat,0.1,86.96332550048828,4.465486526489258,59.90643310546875,4.0927839279174805,0.008046151510551085,1.0,0.00018500718621446003
0.7570059446922138,0.05497915297746658,0.015018904581665993,0.042614396661520004,0.2783842086791992,0.0009469985961914062,0.0014591217041015625,0.00021648406982421875,0.0029506683349609375,7525,134.7626190185547,4.903514862060547,65.84600830078125,4.187318801879883,heat,0.1,86.9821548461914,4.465703010559082,60.08346176147461,4.095734596252441,0.009108850766661606,1.0,0.00018619055246769613
0.7556521635382267,0.05503259226679802,0.014920812100172043,0.042751494795084,0.28017425537109375,-0.0012145042419433594,-0.0018892288208007812,-9.918212890625e-05,-0.0014247894287109375,7550,134.5990447998047,4.9023003578186035,65.72173309326172,4.185429573059082,heat,0.1,86.97352600097656,4.465603828430176,59.99791717529297,4.0943098068237305,0.007742523151662365,1.0,0.00017440427268330868
0.7578905723069064,0.05450864136219025,0.014966711401939392,0.04227517917752266,0.27721643447875977,-0.0007386207580566406,0.0018243789672851562,-0.0011334419250488281,0.0032672882080078125,7575,134.4996795654297,4.901561737060547,65.84174346923828,4.187253952026367,heat,0.1,86.875,4.464470386505127,60.19426727294922,4.097577095031738,0.0072870806133292845,1.0,0.00016732161591462473
0.7590292507145388,0.05445745587348938,0.015131311491131783,0.04254290461540222,0.2757148742675781,-0.0004944801330566406,-0.0005674362182617188,-0.0020689964294433594,-0.0009884834289550781,7600,134.4331817626953,4.90106725692749,65.80438232421875,4.1866865158081055,heat,0.1,86.69544982910156,4.462401390075684,60.13479232788086,4.096588611602783,0.009867921663883407,1.0,0.0001652535871274388
0.7571303693452691,0.05484186112880707,0.014999810606241226,0.043175555765628815,0.27821969985961914,0.00012731552124023438,-0.0011186599731445312,0.0013861656188964844,-0.0033617019653320312,7625,134.45028686523438,4.9011945724487305,65.7308120727539,4.185567855834961,heat,0.1,86.81571197509766,4.46378755569458,59.93297576904297,4.093226909637451,0.009716107484439046,1.0,0.0001504475663347278
0.7560722936605595,0.05508024990558624,0.014993350952863693,0.04323539510369301,0.2796182632446289,-0.0013647079467773438,-0.002017974853515625,-0.0006194114685058594,0.00010776519775390625,7650,134.26693725585938,4.899829864501953,65.59830474853516,4.183549880981445,heat,0.1,86.76194763183594,4.463168144226074,59.93943405151367,4.093334674835205,0.008957036587217247,1.0,0.00014295054021155136
0.7538073361537619,0.05536191537976265,0.014878703281283379,0.043354667723178864,0.28261852264404297,0.000675201416015625,-0.0015869140625,0.0014133453369140625,-0.0009350776672363281,7675,134.3576202392578,4.900505065917969,65.49429321289062,4.181962966918945,heat,0.1,86.88465881347656,4.464581489562988,59.88341522216797,4.092399597167969,0.009108850766661606,1.0,0.00013675654001861037
0.7544639127567255,0.05524343624711037,0.015004724264144897,0.04364645481109619,0.28174781799316406,-0.00021648406982421875,0.00045871734619140625,-0.0004119873046875,-0.0021924972534179688,7700,134.3285369873047,4.9002885818481445,65.52433776855469,4.182421684265137,heat,0.1,86.84886932373047,4.464169502258301,59.75226593017578,4.090207099914551,0.008957036587217247,1.0,0.00012968267074003645
0.7539521917990617,0.055543795228004456,0.014988822862505913,0.04363735765218735,0.2824263572692871,-0.00042629241943359375,-0.0019040107727050781,-0.0012254714965820312,-0.000438690185546875,7725,134.2712860107422,4.899862289428711,65.39970397949219,4.180517673492432,heat,0.1,86.74250793457031,4.462944030761719,59.72605895996094,4.089768409729004,0.006983452254440564,1.0,0.00012330316966222988
0.7525280847257835,0.05566767230629921,0.014864708296954632,0.04347836971282959,0.2843170166015625,-0.00060272216796875,-0.00138092041015625,0.0005097389221191406,0.0006160736083984375,7750,134.1903839111328,4.899259567260742,65.30945587158203,4.179136753082275,heat,0.1,86.78673553466797,4.463453769683838,59.76286697387695,4.090384483337402,0.009260664946105966,1.0,0.00011566579675210823
0.7500428417135744,0.056424420326948166,0.015083324164152145,0.043306171894073486,0.2876248359680176,0.00031185150146484375,-0.0034880638122558594,-0.00018024444580078125,0.000881195068359375,7775,134.23223876953125,4.899571418762207,65.08203887939453,4.1756486892700195,heat,0.1,86.7710952758789,4.463273525238037,59.8155517578125,4.091265678405762,0.009108850766661606,1.0,0.00010613134670071138
0.7486100986899331,0.05677157640457153,0.015168700367212296,0.04341919720172882,0.2895369529724121,0.00028705596923828125,-0.0018463134765625,6.580352783203125e-05,-0.0004730224609375,7800,134.27076721191406,4.899858474731445,64.96199035644531,4.173802375793457,heat,0.1,86.77680206298828,4.463339328765869,59.787261962890625,4.090792655944824,0.011537877637771367,1.0,0.000101877127167314
0.7483767002249391,0.057121798396110535,0.01532544381916523,0.04314592108130455,0.28984880447387695,-0.00016736984252929688,-0.0011205673217773438,-0.0008087158203125,0.00041675567626953125,7825,134.24830627441406,4.899691104888916,64.88923645019531,4.17268180847168,heat,0.1,86.70664978027344,4.462530612945557,59.81218338012695,4.091209411621094,0.011082435099438287,1.0,0.00010368124586968134
0.7485580405187171,0.05683888867497444,0.015286434441804886,0.043409597128629684,0.28960657119750977,-1.4781951904296875e-05,-0.00016069412231445312,-0.0004029273986816406,-0.00212860107421875,7850,134.24632263183594,4.899676322937012,64.87881469726562,4.172521114349365,heat,0.1,86.67172241210938,4.462127685546875,59.685001373291016,4.089080810546875,0.009716107484439046,1.0,9.832400623470522e-05
0.7503161293830817,0.05649265646934509,0.015233775600790977,0.043519794940948486,0.2872605323791504,-0.0010828971862792969,0.0019130706787109375,-0.0004329681396484375,-0.0013628005981445312,7875,134.10101318359375,4.898593425750732,65.00304412841797,4.174434185028076,heat,0.1,86.63420867919922,4.461694717407227,59.60371780395508,4.0877180099487305,0.009716107484439046,1.0,9.771120278215898e-05
0.7502436075083286,0.05652936175465584,0.015326568856835365,0.043412983417510986,0.2873573303222656,-1.3828277587890625e-05,0.00026798248291015625,0.0003647804260253906,-0.0008444786071777344,7900,134.0991668701172,4.8985795974731445,65.02046966552734,4.174702167510986,heat,0.1,86.66580963134766,4.462059497833252,59.55340576171875,4.086873531341553,0.009412479125550327,1.0,9.564751132170609e-05
0.7491382338126387,0.05666790530085564,0.015238434076309204,0.043301913887262344,0.2888317108154297,-0.000408172607421875,-0.001903533935546875,-0.0004291534423828125,-2.09808349609375e-05,7925,134.04444885253906,4.898171424865723,64.89682006835938,4.1727986335754395,heat,0.1,86.62863159179688,4.461630344390869,59.552154541015625,4.086852550506592,0.010626992561105207,1.0,7.896391983818221e-05
0.7475492028017086,0.05662653222680092,0.015146969817578793,0.04301093518733978,0.2909550666809082,-1.239776611328125e-05,-0.0017476081848144531,0.0003757476806640625,0.0013036727905273438,7950,134.04278564453125,4.898159027099609,64.78350067138672,4.171051025390625,heat,0.1,86.66118621826172,4.462006092071533,59.629844665527344,4.088156223297119,0.009564293304994687,1.0,7.899425415631415e-05
0.7482828603620284,0.05664214491844177,0.015440823510289192,0.04329622536897659,0.2899742126464844,0.00014734268188476562,-0.0010972023010253906,-0.0020780563354492188,-0.0017066001892089844,7975,134.06253051757812,4.898306369781494,64.71246337890625,4.1699538230896,heat,0.1,86.48128509521484,4.459928035736084,59.528167724609375,4.08644962310791,0.009260664946105966,1.0,6.78260406726096e-05
0.7470087353557352,0.05688324570655823,0.015423521399497986,0.04325557127594948,0.29167842864990234,0.0013141632080078125,-0.0008730888366699219,0.0008311271667480469,0.0008568763732910156,8000,134.23883056640625,4.899620532989502,64.65599060058594,4.16908073425293,heat,0.1,86.55319213867188,4.460759162902832,59.57919692993164,4.087306499481201,0.010626992561105207,1.0,7.317732910538676e-05
0.7479472236227254,0.056859131902456284,0.015576886013150215,0.04331722855567932,0.2904229164123535,0.0005512237548828125,0.0003261566162109375,-0.0009293556213378906,0.000335693359375,8025,134.31285095214844,4.900171756744385,64.67708587646484,4.169406890869141,heat,0.1,86.47279357910156,4.459829807281494,59.59920120239258,4.087642192840576,0.01320783361165933,1.0,7.107403883604896e-05
0.7453297149114099,0.05721745267510414,0.015636783093214035,0.04340767860412598,0.2939286231994629,0.00017881393432617188,-0.002590179443359375,0.00091552734375,-0.00045871734619140625,8050,134.33680725097656,4.900350570678711,64.50977325439453,4.166816711425781,heat,0.1,86.55199432373047,4.460745334625244,59.57186508178711,4.087183475494385,0.011082435099438287,1.0,6.32193864040906e-05
0.7429888301206656,0.057873670011758804,0.015766246244311333,0.04370320588350296,0.2970743179321289,-3.62396240234375e-05,-0.004363059997558594,-0.0012173652648925781,-0.0008883476257324219,8075,134.33200073242188,4.9003143310546875,64.22892761230469,4.162453651428223,heat,0.1,86.44669342041016,4.459527969360352,59.51897048950195,4.086295127868652,0.012145134355548808,1.0,5.809940833172729e-05
0.7432803708688137,0.0576152503490448,0.01559142954647541,0.04336924850940704,0.29668188095092773,-9.5367431640625e-07,5.245208740234375e-05,-0.0003399848937988281,0.0010805130004882812,8100,134.33187866210938,4.900313377380371,64.23229217529297,4.162506103515625,heat,0.1,86.41731262207031,4.459187984466553,59.583316802978516,4.087375640869141,0.011537877637771367,1.0,5.465452858220213e-05
0.7427134807804462,0.05782092735171318,0.01562725007534027,0.0438549667596817,0.29744482040405273,-0.00048160552978515625,-0.0009307861328125,-0.0001678466796875,-0.002532958984375,8125,134.26718139648438,4.899831771850586,64.17253112792969,4.1615753173828125,heat,0.1,86.4028091430664,4.459020137786865,59.432586669921875,4.084842681884766,0.012296948534993168,1.0,5.783818671324711e-05
0.7416539642205885,0.057976555079221725,0.01569328084588051,0.04406104236841202,0.2988724708557129,0.0017123222351074219,-0.00042057037353515625,0.001007080078125,-0.0002741813659667969,8150,134.49729919433594,4.901544094085693,64.14555358886719,4.161154747009277,heat,0.1,86.4898681640625,4.46002721786499,59.416290283203125,4.084568500518799,0.01442234704721421,1.0,5.099489606373523e-05
0.7417993560828647,0.05807436630129814,0.01565556973218918,0.04378458112478256,0.2986764907836914,-0.0002732276916503906,-0.0007486343383789062,-0.0009446144104003906,0.0019178390502929688,8175,134.46054077148438,4.901270866394043,64.09754943847656,4.160406112670898,heat,0.1,86.408203125,4.45908260345459,59.53034973144531,4.086486339569092,0.012752391073326248,1.0,4.475845606086913e-05
0.7418135004701079,0.057993583381175995,0.015632908791303635,0.04362909495830536,0.2986574172973633,0.0011820793151855469,0.00095367431640625,0.000934600830078125,0.0009207725524902344,8200,134.6195831298828,4.9024529457092285,64.15870666503906,4.161359786987305,heat,0.1,86.48899841308594,4.460017204284668,59.5851936340332,4.087407112121582,0.01487778958554729,1.0,4.6711594455561606e-05
0.7397018797382452,0.05846649035811424,0.015685781836509705,0.04343346878886223,0.30150794982910156,0.0018296241760253906,-0.0026187896728515625,0.00023174285888671875,0.0016813278198242188,8225,134.86611938476562,4.904282569885254,63.99090576171875,4.158740997314453,heat,0.1,86.50904846191406,4.460248947143555,59.68545913696289,4.089088439941406,0.015181417944436011,1.0,4.477798996505101e-05
0.737846074633962,0.05880458280444145,0.015678085386753082,0.04344937577843666,0.3040199279785156,-0.00019407272338867188,-0.0025305747985839844,-1.8596649169921875e-05,-1.71661376953125e-05,8250,134.83995056152344,4.904088497161865,63.82917404174805,4.156210422515869,heat,0.1,86.50743865966797,4.460230350494385,59.6844367980957,4.089071273803711,0.01548504630332473,1.0,4.299213307319175e-05
0.7371044830523952,0.05836698040366173,0.015425421297550201,0.04370708391070366,0.305025577545166,-0.00022649765014648438,0.0014777183532714844,0.002483367919921875,-0.0023393630981445312,8275,134.80941772460938,4.903861999511719,63.92356872558594,4.157688140869141,heat,0.1,86.7225341796875,4.462713718414307,59.54497146606445,4.086731910705566,0.016851373918323972,1.0,3.817249120573723e-05
0.7375548729942982,0.05846380814909935,0.015555777586996555,0.04329085350036621,0.3044147491455078,-0.0011429786682128906,-0.0010709762573242188,-0.0016818046569824219,0.0018095970153808594,8300,134.65541076660156,4.902719020843506,63.85514450073242,4.156617164611816,heat,0.1,86.5768051147461,4.461031913757324,59.652828216552734,4.088541507720947,0.015181417944436011,1.0,4.1643385876147185e-05
0.7364655257747137,0.05872701108455658,0.015587644651532173,0.04366186633706093,0.3058929443359375,-0.00018739700317382812,-0.0009374618530273438,0.0005407333374023438,-0.00119781494140625,8325,134.6301727294922,4.902531623840332,63.79531478881836,4.155679702758789,heat,0.1,86.62362670898438,4.461572647094727,59.58141326904297,4.087343692779541,0.014574161226658569,1.0,3.556403527811449e-05
0.7360367407800361,0.05918670445680618,0.015894930809736252,0.043608829379081726,0.3064751625061035,-0.00043773651123046875,-0.0021376609802246094,-0.0015554428100585938,0.0012311935424804688,8350,134.57125854492188,4.902093887329102,63.659080505371094,4.1535420417785645,heat,0.1,86.48899841308594,4.460017204284668,59.65481948852539,4.0885748863220215,0.016851373918323972,1.0,3.3871504601357966e-05
0.7351496912316426,0.05948042869567871,0.015985392034053802,0.043840162456035614,0.3076810836791992,0.0002193450927734375,-0.0024428367614746094,-0.0012369155883789062,-0.0017523765563964844,8375,134.6007843017578,4.902313232421875,63.50376510620117,4.15109920501709,heat,0.1,86.38208770751953,4.458780288696289,59.55036926269531,4.086822509765625,0.015940488841657812,1.0,2.9805423670520474e-05
0.7338205837879465,0.0594758465886116,0.015886634588241577,0.0439804345369339,0.3094906806945801,6.103515625e-05,-0.0021085739135742188,-0.0002989768981933594,-0.0017452239990234375,8400,134.60899353027344,4.902374267578125,63.37000274658203,4.148990631103516,heat,0.1,86.35626220703125,4.458481311798096,59.446533203125,4.085077285766602,0.01821770153332321,1.0,3.3019700643931474e-05
0.7340536506073413,0.05944111943244934,0.0160130076110363,0.04412635415792465,0.3091731071472168,-0.00012493133544921875,-5.340576171875e-05,-0.00037097930908203125,-0.0015845298767089844,8425,134.59217834472656,4.902249336242676,63.36661911010742,4.148937225341797,heat,0.1,86.32423400878906,4.458110332489014,59.352413177490234,4.083492755889893,0.01700318809776833,1.0,3.103929305458864e-05
0.7352236491004362,0.05916706472635269,0.016025597229599953,0.043811649084091187,0.30758047103881836,-0.0011487007141113281,3.4332275390625e-05,-0.0015583038330078125,0.00037860870361328125,8450,134.4376678466797,4.9011006355285645,63.36879348754883,4.1489715576171875,heat,0.1,86.1898193359375,4.456552028656006,59.3748893737793,4.083871364593506,0.018369515712767574,1.0,3.108871912969505e-05
0.7364836656312046,0.05920936539769173,0.016293378546833992,0.04423604533076286,0.30586814880371094,0.001049041748046875,0.0009965896606445312,-0.0007157325744628906,-0.0011553764343261719,8475,134.57876586914062,4.902149677276611,63.431976318359375,4.149968147277832,heat,0.1,86.1281509399414,4.455836296081543,59.30632781982422,4.08271598815918,0.016851373918323972,1.0,2.5560025222459083e-05
0.7355809801081967,0.05981545150279999,0.016502544283866882,0.04440806806087494,0.3070945739746094,0.00013875961303710938,-0.003155231475830078,-0.0019288063049316406,0.0006389617919921875,8500,134.59744262695312,4.902288436889648,63.23215103149414,4.146812915802002,heat,0.1,85.96218872070312,4.453907489776611,59.344234466552734,4.083354949951172,0.018369515712767574,1.0,2.543389648948232e-05
0.7356466465098613,0.05960206687450409,0.01635323464870453,0.043801456689834595,0.3070054054260254,-0.0008373260498046875,0.0007266998291015625,0.0006375312805175781,0.0024309158325195312,8525,134.4847869873047,4.901451110839844,63.27812194824219,4.1475396156311035,heat,0.1,86.01700592041016,4.454545021057129,59.48866653442383,4.085785865783691,0.01867314407165629,1.0,2.3966241016627396e-05
0.7365202735368462,0.05931931734085083,0.016357075423002243,0.043755218386650085,0.3058185577392578,-0.0007352828979492188,0.0008044242858886719,-0.00038242340087890625,-0.00106048583984375,8550,134.3859405517578,4.9007158279418945,63.329044342041016,4.148344039916992,heat,0.1,85.98411560058594,4.45416259765625,59.42561340332031,4.084725379943848,0.01745863063610141,1.0,4.255340894342045e-05
0.7424465421488611,0.058403417468070984,0.016300998628139496,0.0436236709356308,0.2978043556213379,-0.0022439956665039062,0.004321098327636719,-0.003693103790283203,-0.0020399093627929688,8575,134.084716796875,4.898471832275391,63.60328674316406,4.152665138244629,heat,0.1,85.66716003417969,4.450469493865967,59.30451965332031,4.082685470581055,0.021709427660543495,1.0,0.00014590011404010103
0.7483252464524639,0.057211797684431076,0.016228580847382545,0.044016629457473755,0.2899174690246582,-0.0003662109375,0.007988929748535156,0.00010204315185546875,-0.0009593963623046875,8600,134.03562927246094,4.898105621337891,64.11344146728516,4.160654067993164,heat,0.1,85.6759033203125,4.450571537017822,59.247650146484375,4.08172607421875,0.021253985122210415,1.0,0.0002681657131393338
0.750050447478287,0.056927066296339035,0.016166184097528458,0.043928828090429306,0.2876148223876953,-0.00012683868408203125,0.001842498779296875,-0.0004601478576660156,-0.0009212493896484375,8625,134.0186309814453,4.897978782653809,64.23168182373047,4.162496566772461,heat,0.1,85.63648223876953,4.450111389160156,59.193092346191406,4.080804824829102,0.022772126916654017,1.0,0.0003375595951242297
0.752490384725017,0.0564398430287838,0.016104917973279953,0.04391397908329964,0.28436708450317383,-0.0009465217590332031,0.0032052993774414062,-4.2438507080078125e-05,-0.00044155120849609375,8650,133.89183044433594,4.897032260894775,64.43789672851562,4.165701866149902,heat,0.1,85.63285064697266,4.450068950653076,59.166961669921875,4.0803632736206055,0.022772126916654017,1.0,0.0003390292078941403
0.7573828358567956,0.05567038804292679,0.016246728599071503,0.043674491345882416,0.27788639068603516,-0.0009474754333496094,0.0041675567626953125,-0.0023131370544433594,0.0013775825500488281,8675,133.76502990722656,4.896084785461426,64.70700073242188,4.169869422912598,heat,0.1,85.43499755859375,4.447755813598633,59.2485237121582,4.081740856170654,0.024138454531653256,1.0,0.00042140252683918944
0.7601862063003798,0.05522932857275009,0.016231786459684372,0.04376550391316414,0.27419185638427734,0.0004425048828125,0.003098011016845703,-0.0005965232849121094,0.0008406639099121094,8700,133.82424926757812,4.896527290344238,64.90777587890625,4.172967433929443,heat,0.1,85.38404846191406,4.447159290313721,59.29835510253906,4.082581520080566,0.024593897069986336,1.0,0.00043666532098891213
0.7650638278426047,0.05451664701104164,0.01644214428961277,0.04358161985874176,0.26779603958129883,-0.0005726814270019531,0.004045963287353516,-0.002349853515625,0.0010352134704589844,8725,133.7476348876953,4.895954608917236,65.1709213256836,4.177013397216797,heat,0.1,85.18363952636719,4.444809436798096,59.359771728515625,4.083616733551025,0.020191285866099893,1.0,0.00048089927212304807
0.765642941696634,0.05468233674764633,0.01653093285858631,0.04363005608320236,0.26703929901123047,0.00015354156494140625,-7.343292236328125e-05,-0.0008301734924316406,9.5367431640625e-06,8750,133.76815795898438,4.896108150482178,65.1661376953125,4.176939964294434,heat,0.1,85.11296081542969,4.443979263305664,59.36033630371094,4.0836262702941895,0.022316684378320937,1.0,0.0004542246777323371
0.7660264319291917,0.05480445176362991,0.0166160948574543,0.043572649359703064,0.2665386199951172,0.0001773834228515625,-0.0012664794921875,-0.0017671585083007812,-0.000232696533203125,8775,133.79190063476562,4.896285533905029,65.08365631103516,4.175673484802246,heat,0.1,84.96267700195312,4.442212104797363,59.34652328491211,4.083393573760986,0.021861241839987854,1.0,0.00043417462186137387
0.7669760233300595,0.05449119582772255,0.016606181859970093,0.04346378147602081,0.26529979705810547,-0.0014481544494628906,0.0005807876586914062,-0.0006580352783203125,-0.0005393028259277344,8800,133.59828186035156,4.894837379455566,65.12146759033203,4.1762542724609375,heat,0.1,84.90678405761719,4.441554069519043,59.31452560424805,4.082854270935059,0.022164870198876575,1.0,0.0004698068703739943
0.7652793911387845,0.05459749326109886,0.01647140085697174,0.04325918108224869,0.2675142288208008,3.814697265625e-06,-0.0024900436401367188,-0.00027561187744140625,0.0008449554443359375,8825,133.59878540039062,4.894841194152832,64.95951080322266,4.173764228820801,heat,0.1,84.88339233398438,4.441278457641602,59.36466598510742,4.0836992263793945,0.023379383634431455,1.0,0.0004871148340259484
0.7660000702241769,0.054206471890211105,0.01636349782347679,0.04260079562664032,0.2665729522705078,-4.863739013671875e-05,0.0018205642700195312,0.0008792877197265625,0.0029840469360351562,8850,133.59228515625,4.894792556762695,65.077880859375,4.17558479309082,heat,0.1,84.95806121826172,4.442157745361328,59.54207992553711,4.08668327331543,0.025808410505541217,1.0,0.0004841301428988407
0.7678453800076862,0.053689777851104736,0.01632615737617016,0.04280877858400345,0.26416683197021484,2.765655517578125e-05,0.00223541259765625,-0.00017070770263671875,-0.0025396347045898438,8875,133.5959930419922,4.894820213317871,65.22351837158203,4.177820205688477,heat,0.1,84.94355773925781,4.441987037658691,59.391056060791016,4.08414363861084,0.0277819948383179,1.0,0.00044682062368210955
0.7701202969365613,0.0532161146402359,0.016466930508613586,0.04332950711250305,0.26120853424072266,0.001667022705078125,0.0032548904418945312,0.00029659271240234375,-0.0031833648681640625,8900,133.81887817382812,4.896487236022949,65.43616485595703,4.181075096130371,heat,0.1,84.96875762939453,4.442283630371094,59.202293395996094,4.080960273742676,0.02596022468498558,1.0,0.00041868708267313586
0.7742507758488377,0.05260957404971123,0.0165103767067194,0.04368548467755318,0.255859375,-0.000396728515625,0.004404544830322266,-0.0009446144104003906,-0.0020694732666015625,8925,133.76580810546875,4.896090507507324,65.72501373291016,4.185479640960693,heat,0.1,84.88853454589844,4.441339015960693,59.07990264892578,4.078890800476074,0.0247457112494307,1.0,0.0003948836486465162
0.7758666661022087,0.05220808833837509,0.016419438645243645,0.04400056228041649,0.25377464294433594,-0.000873565673828125,0.0015096664428710938,-0.0005750656127929688,-0.0025014877319335938,8950,133.64898681640625,4.895216941833496,65.8243179321289,4.1869893074035645,heat,0.1,84.83972930908203,4.4407639503479,58.93229675292969,4.076389312744141,0.024897525428875057,1.0,0.00038481016360681367
0.777340441956497,0.05208321660757065,0.016540421172976494,0.0438246913254261,0.2518768310546875,0.00010395050048828125,0.0013489723205566406,-0.0005488395690917969,0.0007014274597167969,8975,133.6628875732422,4.895320892333984,65.91316986083984,4.188338279724121,heat,0.1,84.79318237304688,4.440215110778809,58.97364807128906,4.077090740203857,0.024897525428875057,1.0,0.00039875705244282327
0.7785764822277391,0.05202382802963257,0.016590973362326622,0.04402376711368561,0.2502880096435547,0.00020647048950195312,0.0005331039428710938,-0.0010557174682617188,-0.0018696784973144531,9000,133.69049072265625,4.895527362823486,65.94831848144531,4.188871383666992,heat,0.1,84.7037124633789,4.439159393310547,58.86349105834961,4.075221061706543,0.026719295582207377,1.0,0.0003908804874950696
0.7782049567330165,0.05220362916588783,0.01668855920433998,0.04397106543183327,0.250765323638916,-0.0005335807800292969,-0.0010857582092285156,-0.0006084442138671875,-0.00023555755615234375,9025,133.6191864013672,4.894993782043457,65.87675476074219,4.187785625457764,heat,0.1,84.65219116210938,4.43855094909668,58.84962463378906,4.074985504150391,0.027022923941096098,1.0,0.0003691045761487594
0.7789308121311785,0.052078232169151306,0.016781575977802277,0.044114887714385986,0.2498331069946289,-0.0009546279907226562,-0.0005345344543457031,-0.0014667510986328125,-0.0016298294067382812,9050,133.49168395996094,4.894039154052734,65.841552734375,4.187251091003418,heat,0.1,84.52811431884766,4.437084197998047,58.75379180908203,4.073355674743652,0.027933809017762257,1.0,0.00036672196093326913
0.7802879767881948,0.051595911383628845,0.01674771122634411,0.04350421205163002,0.2480921745300293,0.0006198883056640625,0.0024576187133789062,0.0007166862487792969,0.0032491683959960938,9075,133.574462890625,4.894659042358398,66.0035629272461,4.189708709716797,heat,0.1,84.5887222290039,4.437800884246826,58.945003509521484,4.076604843139648,0.02899650827387278,1.0,0.0003576909874557319
0.7785393583135607,0.051304206252098083,0.016500355675816536,0.04357251897454262,0.250335693359375,7.152557373046875e-05,-0.0004324913024902344,0.0018110275268554688,0.00030994415283203125,9100,133.58401489257812,4.894730567932129,65.97502136230469,4.189276218414307,heat,0.1,84.74205017089844,4.439611911773682,58.96327590942383,4.0769147872924805,0.0293001366327615,1.0,0.00031571416019295057
0.7783140737613943,0.051391396671533585,0.016453798860311508,0.04397662356495857,0.2506251335144043,-0.0009512901306152344,-0.0008912086486816406,-0.0006017684936523438,-0.004057884216308594,9125,133.45700073242188,4.893779277801514,65.91625213623047,4.188385009765625,heat,0.1,84.69107055664062,4.439010143280029,58.724491119384766,4.072856903076172,0.02838925155609534,1.0,0.00032289246424589067
0.7794835519518137,0.05098731070756912,0.016451407223939896,0.0441574901342392,0.24912357330322266,-0.0015306472778320312,0.0007061958312988281,-0.0007953643798828125,-0.003746509552001953,9150,133.25286865234375,4.892248630523682,65.96281433105469,4.189091205596924,heat,0.1,84.62374114990234,4.4382147789001465,58.50489044189453,4.06911039352417,0.02823743737665098,1.0,0.00029440781809151977
0.7783734869655862,0.051084112375974655,0.016385210677981377,0.04404890537261963,0.2505488395690918,-6.151199340820312e-05,-0.000339508056640625,0.0010857582092285156,0.0004849433898925781,9175,133.2446746826172,4.892187118530273,65.9404296875,4.188751697540283,heat,0.1,84.71566772460938,4.439300537109375,58.53327178955078,4.0695953369140625,0.02884469409442842,1.0,0.00026953688734900776
0.7796959418877848,0.050571028143167496,0.016185566782951355,0.04410106688737869,0.24885129928588867,0.0003528594970703125,0.00356292724609375,0.001865386962890625,-0.00024509429931640625,9200,133.2917022705078,4.892539978027344,66.17578887939453,4.192314624786377,heat,0.1,84.87384033203125,4.441165924072266,58.51892852783203,4.069350242614746,0.0300592075299833,1.0,0.0002625524641349113
0.7780888174314556,0.05120552331209183,0.016515590250492096,0.04470674321055412,0.2509145736694336,0.000904083251953125,-0.003338336944580078,-0.0012750625610351562,-0.0021996498107910156,9225,133.41226196289062,4.893444061279297,65.95523834228516,4.188976287841797,heat,0.1,84.76569366455078,4.4398908615112305,58.39034652709961,4.067150592803955,0.03172916350387126,1.0,0.00025828701439556157
0.7773367732577372,0.0512746162712574,0.016476819291710854,0.04524828866124153,0.25188159942626953,-0.0014095306396484375,-0.0017080307006835938,-0.0007410049438476562,-0.004075050354003906,9250,133.22434997558594,4.892034530639648,65.84268188476562,4.187268257141113,heat,0.1,84.7029037475586,4.439149856567383,58.15288543701172,4.063075542449951,0.03248823440109306,1.0,0.00023421575247229576
0.7761389964094979,0.05159025639295578,0.016506418585777283,0.04495161026716232,0.25342369079589844,0.0008358955383300781,-0.002124786376953125,-0.0005826950073242188,0.0014615058898925781,9275,133.33575439453125,4.8928704261779785,65.70292663574219,4.18514347076416,heat,0.1,84.65355682373047,4.438567161560059,58.23794174194336,4.064537048339844,0.031880977683315624,1.0,0.00021972882713897128
0.7751814266909187,0.051775697618722916,0.016485856845974922,0.04549628496170044,0.25465822219848633,0.00010824203491210938,-0.0007419586181640625,0.0004925727844238281,-0.002689361572265625,9300,133.35018920898438,4.892978668212891,65.6541976928711,4.184401512145996,heat,0.1,84.69526672363281,4.439059734344482,58.0815315246582,4.061847686767578,0.033247305298314864,1.0,0.00020442203372142005
0.7741721699531967,0.052168525755405426,0.01652882620692253,0.04522369056940079,0.25596094131469727,-0.0006151199340820312,-0.002948760986328125,-0.0016460418701171875,-0.0009965896606445312,9325,133.2681884765625,4.892363548278809,65.46088409423828,4.181452751159668,heat,0.1,84.55597686767578,4.437413692474365,58.02367401123047,4.060851097106934,0.03172916350387126,1.0,0.0002099189664931733
0.7715593589134847,0.05221448838710785,0.01627420261502266,0.04576050490140915,0.2593417167663574,-0.0010232925415039062,-0.0013871192932128906,0.0019936561584472656,-0.0026412010192871094,9350,133.1318817138672,4.891340255737305,65.37014770507812,4.180065631866455,heat,0.1,84.72471618652344,4.4394073486328125,57.87062454223633,4.0582098960876465,0.033247305298314864,1.0,0.00019271134447432133
0.7697751876425901,0.052524372935295105,0.016183892264962196,0.04543495178222656,0.2616567611694336,-0.0002598762512207031,-0.0013260841369628906,0.0009889602661132812,-0.0005831718444824219,9375,133.0972900390625,4.891080379486084,65.28351593017578,4.178739547729492,heat,0.1,84.80854797363281,4.440396308898926,57.83688735961914,4.057626724243164,0.03203279186275998,1.0,0.00018181490611747332
0.7705095947250183,0.0523856021463871,0.016314825043082237,0.04571874439716339,0.26070308685302734,-0.00019979476928710938,0.00037479400634765625,-0.0005788803100585938,-0.0017232894897460938,9400,133.07070922851562,4.890880584716797,65.3079833984375,4.17911434173584,heat,0.1,84.75946807861328,4.439817428588867,57.737300872802734,4.055903434753418,0.032791862759981784,1.0,0.00016541305074788706
0.7707970205020614,0.05242610722780228,0.0164707712829113,0.046014316380023956,0.2603302001953125,-7.152557373046875e-06,-0.0010843276977539062,-0.00145721435546875,-0.0022535324096679688,9425,133.0697479248047,4.890873432159424,65.23721313476562,4.178030014038086,heat,0.1,84.63604736328125,4.438360214233398,57.60733413696289,4.05364990234375,0.03415819037498102,1.0,0.0001586522626252297
0.769089091147895,0.05240560322999954,0.01630181260406971,0.04653666168451309,0.26254844665527344,-0.00020074844360351562,0.00012731552124023438,0.002345561981201172,-0.0024824142456054688,9450,133.0430450439453,4.89067268371582,65.24551391601562,4.178157329559326,heat,0.1,84.83479309082031,4.4407057762146,57.464508056640625,4.0511674880981445,0.035220889631091545,1.0,0.00015664197007259507
0.767464737410859,0.05251781642436981,0.016251638531684875,0.04649767279624939,0.2646627426147461,-0.0010075569152832031,-0.0010466575622558594,0.0010676383972167969,0.0016088485717773438,9475,132.9090576171875,4.889665126800537,65.17726135253906,4.17711067199707,heat,0.1,84.9254150390625,4.441773414611816,57.557029724121094,4.052776336669922,0.034310004554425386,1.0,0.00014358061377086473
0.7679713144211193,0.05225030332803726,0.01634870655834675,0.04644334316253662,0.26400279998779297,-0.0002484321594238281,-0.00035858154296875,-0.001018524169921875,-0.0011019706726074219,9500,132.8760528564453,4.889416694641113,65.15389251708984,4.176752090454102,heat,0.1,84.8389663696289,4.4407548904418945,57.4936408996582,4.0516743659973145,0.03780173068164567,1.0,0.0001345880691065703
0.7670868112116138,0.052477069199085236,0.01653180457651615,0.045845258980989456,0.2651553153991699,0.0009136199951171875,-0.001968860626220703,-0.00081634521484375,0.0019006729125976562,9525,132.99749755859375,4.8903303146362305,65.02574157714844,4.174783229827881,heat,0.1,84.76972961425781,4.439938545227051,57.60301971435547,4.053575038909912,0.03673903142553515,1.0,0.00013343439698001484
0.7662105232529356,0.05247635394334793,0.016459597274661064,0.04592013359069824,0.2662982940673828,-0.0009016990661621094,-0.0017642974853515625,-0.0006213188171386719,-0.0008087158203125,9550,132.87762451171875,4.889428615570068,64.91111755371094,4.173018932342529,heat,0.1,84.71707916259766,4.439317226409912,57.55645751953125,4.0527663230896,0.03916805829664491,1.0,0.00012170876693296524
0.7649018205637748,0.0527787022292614,0.01646539941430092,0.04532606899738312,0.268007755279541,0.00044155120849609375,-0.0023040771484375,-0.0005946159362792969,0.0025849342346191406,9575,132.93630981445312,4.8898701667785645,64.76172637939453,4.170714855194092,heat,0.1,84.66671752929688,4.438722610473633,57.70542526245117,4.055351257324219,0.04296341278275391,1.0,0.00011093319905806309
0.7642634135259427,0.05297917127609253,0.01656266674399376,0.04541873186826706,0.2688426971435547,0.0009603500366210938,-0.0004706382751464844,0.0003643035888671875,0.00024700164794921875,9600,133.0640411376953,4.8908305168151855,64.73125457763672,4.170244216918945,heat,0.1,84.69757080078125,4.4390869140625,57.71968460083008,4.055598258972168,0.04098982844997723,1.0,0.00010395649254619402
0.762834819617412,0.053445808589458466,0.016750328242778778,0.04494056850671768,0.27071380615234375,0.0007424354553222656,-0.0022325515747070312,-0.00036144256591796875,0.0021047592163085938,9625,133.16287231445312,4.891572952270508,64.58690643310547,4.168011665344238,heat,0.1,84.66696166992188,4.438725471496582,57.8412971496582,4.057703018188477,0.04417792621830879,1.0,9.877197173820751e-05
0.7647005967594775,0.053164318203926086,0.01685657724738121,0.04484467953443527,0.26827096939086914,-0.0008087158203125,0.0012750625610351562,-0.0011677742004394531,0.00016689300537109375,9650,133.0552215576172,4.890764236450195,64.6693115234375,4.169286727905273,heat,0.1,84.56814575195312,4.437557697296143,57.8509521484375,4.057869911193848,0.04250797024442083,1.0,8.911148879691413e-05
0.7654254348617191,0.05335228145122528,0.01714613288640976,0.04476825147867203,0.26732349395751953,0.00037288665771484375,-0.0017566680908203125,-0.002704143524169922,0.00038909912109375,9675,133.10484313964844,4.89113712310791,64.5558090209961,4.167530059814453,heat,0.1,84.33977508544922,4.434853553771973,57.87346649169922,4.058259010314941,0.04053438591164415,1.0,8.661984274294037e-05
0.7634490439518575,0.05421692878007889,0.01727471686899662,0.04541923850774765,0.2699089050292969,-9.250640869140625e-05,-0.0039539337158203125,-0.0013685226440429688,-0.003283977508544922,9700,133.092529296875,4.891044616699219,64.30106353759766,4.163576126098633,heat,0.1,84.22443389892578,4.43348503112793,57.683719635009766,4.0549750328063965,0.04296341278275391,1.0,8.577086885843702e-05
0.7633602496494138,0.05431699752807617,0.017294034361839294,0.04501555114984512,0.27002525329589844,-0.0011949539184570312,-0.0012221336364746094,-0.0011057853698730469,0.0013227462768554688,9725,132.93359375,4.889849662780762,64.22252655029297,4.162353992462158,heat,0.1,84.13134765625,4.432379245758057,57.76007080078125,4.056297779083252,0.040838014270532866,1.0,7.559412644488287e-05
0.7639564071732914,0.05401623249053955,0.017172910273075104,0.045168615877628326,0.2692446708679199,-0.00047969818115234375,0.0004444122314453125,-0.0003361701965332031,-0.002819538116455078,9750,132.8698272705078,4.889369964599609,64.2510757446289,4.1627984046936035,heat,0.1,84.10306549072266,4.432043075561523,57.59744644165039,4.053478240966797,0.04478518293608623,1.0,7.114071133367495e-05
0.7623616785594965,0.054545480757951736,0.0173531174659729,0.04535343497991562,0.271334171295166,0.00048160552978515625,-0.0029387474060058594,-0.0008492469787597656,0.00012826919555664062,9775,132.933837890625,4.8898515701293945,64.06253051757812,4.159859657287598,heat,0.1,84.03167724609375,4.431193828582764,57.604835510253906,4.0536065101623535,0.04766965234552907,1.0,6.384884472730128e-05
0.7619601273754043,0.05488669127225876,0.017542019486427307,0.0454060323536396,0.27186107635498047,0.000492095947265625,-0.0022020339965820312,-0.0016751289367675781,-0.0012187957763671875,9800,132.999267578125,4.89034366607666,63.9216194152832,4.157657623291016,heat,0.1,83.89102935791016,4.429518699645996,57.53466796875,4.052387714385986,0.04539243965386367,1.0,6.269029545055505e-05
0.7580328596079033,0.05569951608777046,0.017616551369428635,0.04550553113222122,0.27702856063842773,0.0010180473327636719,-0.005141258239746094,2.6226043701171875e-05,-0.0006089210510253906,9825,133.13475036621094,4.891361713409424,63.59382247924805,4.1525163650512695,heat,0.1,83.89322662353516,4.429544925689697,57.4996452331543,4.051778793334961,0.04782146652497343,1.0,6.183369376096914e-05
0.7562727991497401,0.05578742176294327,0.01746210642158985,0.045393094420433044,0.27935314178466797,-0.0004363059997558594,-0.0024518966674804688,-0.00012731552124023438,-0.0024013519287109375,9850,133.07666015625,4.890925407409668,63.438087463378906,4.150064468383789,heat,0.1,83.8825454711914,4.429417610168457,57.36173629760742,4.04937744140625,0.050402307575527557,1.0,5.610010552779517e-05
0.7551060469883738,0.056345388293266296,0.017704062163829803,0.045514341443777084,0.2808971405029297,0.0010190010070800781,-0.0014410018920898438,0.000102996826171875,0.0006623268127441406,9875,133.21234130859375,4.891944408416748,63.346744537353516,4.148623466491699,heat,0.1,83.89118957519531,4.429520606994629,57.399742126464844,4.050039768218994,0.050857750113860636,1.0,5.3295756683170546e-05
0.7547299160081514,0.05680259317159653,0.017855996266007423,0.04553171247243881,0.28139543533325195,0.0005521774291992188,-0.0009818077087402344,-0.00048351287841796875,0.0016388893127441406,9900,133.28591918945312,4.892496585845947,63.28458023071289,4.147641658782959,heat,0.1,83.85063171386719,4.429037094116211,57.49388885498047,4.051678657531738,0.05055412175497191,1.0,4.588101510720279e-05
0.7515849011193039,0.05730003863573074,0.017678922042250633,0.0453612394630909,0.2855710983276367,0.00014829635620117188,-0.002902507781982422,0.0012731552124023438,-0.0012598037719726562,9925,133.30569458007812,4.892644882202148,63.101158142089844,4.144739151000977,heat,0.1,83.95745849609375,4.430310249328613,57.42150115966797,4.050418853759766,0.05192044936997116,1.0,4.666521932458565e-05
0.7523544191432108,0.0572851300239563,0.01774328574538231,0.045083142817020416,0.2845478057861328,-0.0003962516784667969,-0.000179290771484375,-0.0012025833129882812,0.0010218620300292969,9950,133.25286865234375,4.892248630523682,63.089847564697266,4.144559860229492,heat,0.1,83.85655212402344,4.429107666015625,57.48020935058594,4.051440715789795,0.05693031729163504,1.0,4.692230191582818e-05
0.7527997356531116,0.057686276733875275,0.018068939447402954,0.045393530279397964,0.28395605087280273,-0.00021028518676757812,-0.002128124237060547,-0.002719879150390625,-9.107589721679688e-05,9975,133.224853515625,4.892038345336914,62.955726623535156,4.142431735992432,heat,0.1,83.6287841796875,4.426387786865234,57.4749755859375,4.051349639892578,0.05526036131774708,1.0,4.442539562037727e-05
0.7518221557725463,0.05757544934749603,0.017904069274663925,0.045332230627536774,0.28525543212890625,-0.0011429786682128906,-0.0004668235778808594,0.0008325576782226562,0.0006389617919921875,10000,133.0726776123047,4.890895366668701,62.92634201049805,4.141964912414551,heat,0.1,83.69844055175781,4.427220344543457,57.51171112060547,4.05198860168457,0.05510854713830272,1.0,3.9823279314024954e-05
0.7533846686923793,0.05751761049032211,0.01846434362232685,0.045086123049259186,0.28317928314208984,-0.0007205009460449219,-0.0032930374145507812,-0.0053691864013671875,-0.00013971328735351562,10100,132.97682189941406,4.890174865722656,62.71946334838867,4.138671875,heat,0.1,83.25025177001953,4.42185115814209,57.50367736816406,4.051848888397217,0.06254744193107636,1.0,3.2780162871976236e-05
0.7506804963363555,0.05818205326795578,0.01856694370508194,0.04536164551973343,0.2867751121520996,0.0016689300537109375,-0.006991863250732422,-0.0033960342407226562,-0.0029573440551757812,10200,133.19894409179688,4.891843795776367,62.282466888427734,4.131680011749268,heat,0.1,82.96800994873047,4.418455123901367,57.33386993408203,4.048891544342041,0.07150447851829361,1.0,2.5212052089334526e-05
0.74494802572491,0.06008167564868927,0.01906079240143299,0.04635733366012573,0.29444074630737305,0.0013737678527832031,-0.009736061096191406,-0.0020704269409179688,-0.007167816162109375,10300,133.38204956054688,4.89321756362915,61.67902755737305,4.121943950653076,heat,0.1,82.79641723632812,4.416384696960449,56.924381256103516,4.041723728179932,0.07742523151662366,1.0,1.9313431842476037e-05
0.741738487409549,0.06062345206737518,0.01921776682138443,0.046256210654973984,0.29875850677490234,0.0011363029479980469,-0.004321575164794922,-3.814697265625e-06,0.0022916793823242188,10400,133.5336456298828,4.894353866577148,61.41305160522461,4.117622375488281,heat,0.1,82.79609680175781,4.416380882263184,57.05498504638672,4.044015407562256,0.08349779869439805,1.0,1.4964962430880776e-05
0.7378542313637715,0.062228910624980927,0.01973787695169449,0.046818748116493225,0.30400896072387695,0.0022797584533691406,-0.008391857147216797,-0.0031414031982421875,-0.0013031959533691406,10500,133.83847045898438,4.896633625030518,60.899837493896484,4.1092305183410645,heat,0.1,82.53640747070312,4.413239479064941,56.98067855834961,4.042712211608887,0.09700926066494611,1.0,1.2307316266380168e-05
0.7396409114435228,0.06275281310081482,0.020535536110401154,0.046514831483364105,0.3015904426574707,-8.106231689453125e-06,-0.0028405189514160156,-0.005259037017822266,0.0016884803771972656,10600,133.83738708496094,4.896625518798828,60.72709655761719,4.106389999389648,heat,0.1,82.10348510742188,4.407980442047119,57.076969146728516,4.044400691986084,0.10262638530438743,1.0,1.0374884115184733e-05
0.7357641357825417,0.06370300054550171,0.02071807160973549,0.0470576249063015,0.30684566497802734,-0.0005412101745605469,-0.004342079162597656,0.0009131431579589844,0.0008687973022460938,10700,133.76498413085938,4.896084308624268,60.463985443115234,4.102047920227051,heat,0.1,82.1784896850586,4.408893585205078,57.12657928466797,4.04526948928833,0.10293001366327614,1.0,8.044907690708826e-06
0.7305673894405328,0.06528642028570175,0.02113594114780426,0.049034483730793,0.3139338493347168,0.003009796142578125,-0.007892131805419922,-0.0008039474487304688,-0.011065006256103516,10800,134.16818237304688,4.899094104766846,59.988677978515625,4.094155788421631,heat,0.1,82.1124496459961,4.408089637756348,56.497955322265625,4.034204483032227,0.11279793532715955,1.0,6.453988374172777e-06
0.7233051486880977,0.0669022649526596,0.02128644287586212,0.04972516745328903,0.32392406463623047,-0.0008745193481445312,-0.012547016143798828,-0.0025568008422851562,-0.005759239196777344,10900,134.0509033203125,4.898219585418701,59.24069595336914,4.081608772277832,heat,0.1,81.90277099609375,4.4055328369140625,56.17350387573242,4.028445243835449,0.12873842416881737,1.0,5.161586228505186e-06
0.7200566228444335,0.06796565651893616,0.021685730665922165,0.04932492971420288,0.32842540740966797,-0.0005364418029785156,-0.008020401000976562,-0.0035190582275390625,-0.00014066696166992188,11000,133.97894287109375,4.897683143615723,58.76746368408203,4.0735883712768555,heat,0.1,81.61505889892578,4.402013778686523,56.16560745239258,4.028304576873779,0.14027630180658873,1.0,4.3519370683433524e-06
0.7141281759701434,0.06955743581056595,0.02198972925543785,0.04942522943019867,0.33669281005859375,9.918212890625e-05,-0.009862899780273438,-0.0015954971313476562,0.00173187255859375,11100,133.99229431152344,4.897782325744629,58.190696716308594,4.063725471496582,heat,0.1,81.48494720458984,4.400418281555176,56.26295852661133,4.030036449432373,0.15545771975102474,1.0,3.389950102339539e-06
0.7133858788010121,0.07016142457723618,0.022326206788420677,0.0501050129532814,0.33773279190063477,-0.0021753311157226562,-0.003513336181640625,-0.0024733543395996094,-0.003826618194580078,11200,133.70114135742188,4.895606994628906,57.986610412597656,4.060212135314941,heat,0.1,81.28365325927734,4.397944927215576,56.04807662963867,4.026209831237793,0.16350387126157584,1.0,2.6378373376672665e-06
0.7070553269849282,0.0709620863199234,0.02235429733991623,0.05001355707645416,0.3466463088989258,0.002696990966796875,-0.0061187744140625,0.0027947425842285156,-0.003070831298828125,11300,134.06222534179688,4.898303985595703,57.63288497924805,4.054093360900879,heat,0.1,81.51113891601562,4.400739669799805,55.87622833251953,4.023138999938965,0.1780780324882344,1.0,2.1607507959846864e-06
0.7079230691119041,0.07174624502658844,0.023251868784427643,0.05163000151515007,0.34541988372802734,-0.00160980224609375,-0.004107475280761719,-0.005333900451660156,-0.008270740509033203,11400,133.84657287597656,4.896694183349609,57.39664840698242,4.049985885620117,heat,0.1,81.07752227783203,4.3954057693481445,55.41599655151367,4.014868259429932,0.19356307879155912,1.0,1.979361675189534e-06
0.7055737757475612,0.07259498536586761,0.023494012653827667,0.051723238080739975,0.34874391555786133,0.0006651878356933594,-0.005554676055908203,-0.0022306442260742188,-0.0006957054138183594,11500,133.93563842773438,4.897359371185303,57.078712463378906,4.044431209564209,heat,0.1,80.8968734741211,4.39317512512207,55.3774528503418,4.014172554016113,0.19720661909822376,1.0,1.4781137179458688e-06
0.707922390458001,0.07245254516601562,0.023862071335315704,0.05164507403969765,0.34542083740234375,-0.0011453628540039062,-0.0009274482727050781,-0.004250526428222656,-0.0014314651489257812,11600,133.78231811523438,4.896214008331299,57.02580261230469,4.043503761291504,heat,0.1,80.55374908447266,4.388924598693848,55.29823684692383,4.0127410888671875,0.21512069227265826,1.0,1.3647324765675067e-06
0.6988098703644993,0.07427145540714264,0.023656126111745834,0.05375933647155762,0.35837650299072266,-0.0002932548522949219,-0.009903907775878906,0.0030517578125,-0.011444091796875,11700,133.74310302734375,4.895920753479004,56.463802337646484,4.033599853515625,heat,0.1,80.7999496459961,4.391976356506348,54.669010162353516,4.0012969970703125,0.2180051616821011,1.0,1.0248083703450628e-06
0.6978272404487084,0.07526883482933044,0.023900223895907402,0.05433301627635956,0.3597836494445801,4.100799560546875e-05,-0.004695892333984375,-0.003288745880126953,-0.0009708404541015625,11800,133.7485809326172,4.895961761474609,56.19927978515625,4.028903961181641,heat,0.1,80.53466033935547,4.388687610626221,54.6159553527832,4.000326156616211,0.23455290724153635,1.0,9.027679253887271e-07
0.6904995672787244,0.07715378701686859,0.024213489145040512,0.05534566193819046,0.37033987045288086,0.001983642578125,-0.011810779571533203,-0.0012545585632324219,-0.005400419235229492,11900,134.01416015625,4.897945404052734,55.539424896240234,4.017093181610107,heat,0.1,80.43368530273438,4.387433052062988,54.32180404663086,3.9949257373809814,0.25580689236374676,1.0,8.294781233835199e-07
0.690726803420776,0.07798051834106445,0.02491113729774952,0.05606377497315407,0.3700108528137207,0.00024175643920898438,-0.0031080245971679688,-0.003437042236328125,-0.003865957260131836,12000,134.0465545654297,4.898187160491943,55.3670768737793,4.0139851570129395,heat,0.1,80.15770721435547,4.38399600982666,54.112205505371094,3.9910597801208496,0.2603613177470776,1.0,6.842054934739855e-07
